大家好，欢迎收看新浪体育为您带来的中超第24轮 广州富力VS江苏舜天,未赛,0-0
富力虽然经历了换帅、引援等调整，但依然发展到了连续7轮不胜,未赛,0-0
上轮在客场负于辽足尤其是不利结果，富力已是榜尾3支积22分的球队之一,未赛,0-0
此后两轮富力将客场战申鑫、主场对恒大，赛程压力持续存在，此战在主场争胜的需求非常大,未赛,0-0
本赛季富力前11个主场战绩为2胜4平5负,未赛,0-0
重心对准足协杯争冠的舜天在周中足协杯上顺利晋级,未赛,0-0
但全力投入以及从新疆转赴广州的奔波行程必然对球队形成消耗，这个情况相对放大着富力此战的抢分希望,未赛,0-0
本赛季舜天前12个客场战绩为4胜2平6负,未赛,0-0
中超交锋史上富力同舜天互为2胜3平2负，富力主场对舜天1胜2平,未赛,0-0
本赛季首回合，舜天主场2-2战平富力,未赛,0-0
目前两队首发阵容已经公布,未赛,0-0
广州富力首发:1-程月磊；18-张远、5-张耀坤、4-金洋洋、11-姜至鹏；23-卢琳、15-张贤秀、31-雷纳尔迪尼奥、6-汪嵩、7-姜宁；22-博基拉,未赛,0-0
江苏舜天首发:1-邓小飞；5-周云、6-奥特森、31-康斯坦丁、23-任航；8-刘建业、12-张晓彬、28-杨笑天、20-孙可、16-萨米尔；11-埃斯库德罗,未赛,0-0
让我们来到比赛新擦,未赛,0-0
上半场比赛开始！,上半场 1',0-0
首先开球的是广州富力,上半场 1',0-0
富力中场拿球横向先转移,上半场 1',0-0
富力后场控球,上半场 3',0-0
舜天这边也是积极上抢,上半场 3',0-0
博基拉中场拉球过人被拉,上半场 3',0-0
富力中场的任意球,上半场 3',0-0
富力将球转移给到右路,上半场 3',0-0
禁区边缘的传球，没有给出去,上半场 3',0-0
比赛开始后，两队打得并不快,上半场 4',0-0
富力长传给到左路,上半场 4',0-0
汪嵩这边再追，还是没有追到,上半场 5',0-0
张晓彬边路争抢头球的时候被侵犯,上半场 6',0-0
杨笑天任意球送出来,上半场 6',0-0
这球给到了后点，威胁不大,上半场 6',0-0
后卫直接将球让出了底线,上半场 6',0-0
富力后场断球后直接送直塞到前场,上半场 7',0-0
前场队友第一下停球没有停好,上半场 7',0-0
富力将球转移到了左路,上半场 7',0-0
中场萨米尔去干扰,上半场 7',0-0
汪嵩边路拿球选择先回敲,上半场 7',0-0
斜传球送禁区内被顶了出来,上半场 8',0-0
奥特森中场有一个拉扯的动作,上半场 9',0-0
裁判这边也是没有吹,上半场 9',0-0
富力中场挑传打边路,上半场 10',0-0
这球直接给出了界外,上半场 10',0-0
富力左路传球送禁区内,上半场 10',0-0
博基拉第一下没有拿到,上半场 10',0-0
后点，富力还有机会,上半场 10',0-0
结果队友的打门打空了,上半场 11',0-0
卢琳禁区外围尝试一脚远射,上半场 11',0-0
力量是有的，威胁也有,上半场 11',0-0
但就是稍稍偏出了一点,上半场 12',0-0
黎兵这边也是鼓励了一下,上半场 12',0-0
张远后场回追的时候手球了,上半场 12',0-0
舜天前场左路的任意球机会,上半场 12',0-0
萨米尔任意球送后点,上半场 13',0-0
双方都没有碰到球，出了底线,上半场 13',0-0
富力边路出去出现失误,上半场 14',0-0
今天富力的失误稍微有点多,上半场 14',0-0
卢琳左路突破被侵犯,上半场 15',0-0
富力进球了！！,上半场 16',1-0
卢琳！！,上半场 16',1-0
卢琳任意球直接转后角，球绕过门将直接飞入远角！,上半场 16',1-0
邓小飞这球出现了失误,上半场 16',1-0
富力这边利用定位球首先破门,上半场 17',1-0
这样主场作战的富力可以按照自己的节奏接着打,上半场 17',1-0
孙可右路带球突破,上半场 17',1-0
最后在底线的时候没有传出来,上半场 18',1-0
萨米尔前场带球被铲倒,上半场 18',1-0
裁判这边没有给犯规,上半场 18',1-0
舜天中场拿球给到禁区弧顶,上半场 20',1-0
禁区外围的突然的一脚远射,上半场 20',1-0
程月磊这边注意力很集中将球拿到,上半场 20',1-0
打门的是埃斯库德罗,上半场 20',1-0
射门上，两队现在有三次打门,上半场 20',1-0
张远后场边路防守再次犯规,上半场 21',1-0
放倒了杨笑天,上半场 21',1-0
萨米尔任意球送后点,上半场 21',1-0
这球跟之前的一样，直接出了底线,上半场 21',1-0
任航边路上抢的时候犯规,上半场 22',1-0
卢琳这边受伤倒地,上半场 23',1-0
卢琳今天打得比较兴奋,上半场 23',1-0
富力人呢一起给到禁区弧顶,上半场 23',1-0
双方球员都没有碰到,上半场 23',1-0
后点还是富力的球权,上半场 23',1-0
送直塞到禁区内被解围,上半场 23',1-0
富力前场背身拿球被侵犯,上半场 24',1-0
博基拉跟进将球领走,上半场 24',1-0
但裁判还是先吹了犯规,上半场 24',1-0
任意球做了一个战术配合,上半场 25',1-0
最后姜至鹏打远射被后卫干扰,上半场 25',1-0
舜天拿球给到萨米尔,上半场 27',1-0
萨米尔得球后内切,上半场 27',1-0
禁区边缘打远角将球打偏,上半场 27',1-0
博基拉中场拿球给到边路,上半场 27',1-0
张晓彬底线附近将球防了下来,上半场 28',1-0
博基拉边路带球突破被任航铲倒,上半场 30',1-0
任航得到一张黄牌！,上半场 30',1-0
富力左路送直塞到底线,上半场 32',1-0
直接起送前点,上半场 32',1-0
卢琳这边争抢头球没有顶到,上半场 32',1-0
富力这边获得一个角球机会,上半场 32',1-0
角球送禁区中路,上半场 32',1-0
邓小飞出击将球拿到,上半场 32',1-0
富力这边要准备换人了,上半场 34',1-0
姜宁这边出现拉伤的迹象,上半场 34',1-0
富力换人，姜宁下，李岩上！,上半场 34',1-0
富力左路带球被孙可放倒,上半场 35',1-0
舜天这边有些被动,上半场 35',1-0
任意球送后点找金洋洋,上半场 36',1-0
金洋洋这边起跳并没有完全跳起来,上半场 36',1-0
舜天前场边路做撞墙配合,上半场 37',1-0
结果被断了一个脚下球,上半场 37',1-0
舜天中场拿球被铲倒,上半场 40',1-0
犯规的是卢琳,上半场 40',1-0
舜天今天的进攻机会并不多,上半场 40',1-0
孙可任意球送小禁区前沿,上半场 40',1-0
边裁这边先举旗了应该,上半场 40',1-0
上半场临近尾声了,上半场 41',1-0
富力这边有意的将球控在脚下,上半场 41',1-0
富力将球给到禁区内,上半场 42',1-0
卢琳接球后被对方直接撞开,上半场 42',1-0
裁判这边也示意没有犯规,上半场 42',1-0
卢琳起身后也是摇摇头,上半场 43',1-0
上半场最后阶段，双方都没什么机会,上半场 46',1-0
上半场比赛结束！,中场,1-0
经过45分钟的激战，广州富力1-0暂时领先江苏舜天,中场,1-0
上半场比赛，富力凭借着卢琳的任意球破门而取得领先,中场,1-0
纵观上半场的情况来看，两队打得都不是太积极，比赛的节奏也并不快,中场,1-0
而舜天这边前场有威胁的进攻并不多,中场,1-0
而富力这边打得更加积极主动,中场,1-0
让我们稍事休息，一会儿为您带来双方下半场的比赛,中场,1-0
让我们再次回到比赛现场,中场,1-0
下半场的比赛马上开始,中场,1-0
舜天这边要换人,中场,1-0
奥特森下，卡尔坦森上！,中场,1-0
杨笑天下，李昂上！,中场,1-0
下半场比赛开始！,下半场 1',1-0
下半场比赛由舜天来开球,下半场 1',1-0
舜天前场上抢的时候犯规,下半场 2',1-0
雷纳尔迪尼奥左路带球突破到了底线,下半场 3',1-0
低平球横敲门前，博基拉这边有机会,下半场 3',1-0
但邓小飞这边先化解了一下,下半场 3',1-0
富力这边角球机会,下半场 3',1-0
角球送前点被舜天球员顶出,下半场 4',1-0
富力这边继续角球机会,下半场 4',1-0
角球还是给了一个前点,下半场 4',1-0
张贤秀近门柱后蹭一下，邓小飞扑球一托到后点,下半场 4',1-0
汪嵩凌空打门将球打高,下半场 4',1-0
这球也是非常的有威胁,下半场 4',1-0
舜天后场的出球又险些被断,下半场 6',1-0
卡尔坦森禁区内接球转身,下半场 7',1-0
可惜没有起脚的机会,下半场 7',1-0
舜天在周中参加足协杯了么,下半场 7',1-0
下半场舜天的拼抢力度加大了,下半场 8',1-0
舜天禁区内有机会，还是没有起脚的机会,下半场 9',1-0
萨米尔右路拿球到了底线,下半场 9',1-0
球传出来被富力抢断,下半场 9',1-0
卢琳边路拿球自己没有注意,下半场 9',1-0
舜天这边很快将球反抢回来,下半场 10',1-0
舜天下半场配合的变多,下半场 11',1-0
富力这段时间有些被压制,下半场 11',1-0
比赛的节奏还是不快,下半场 13',1-0
舜天在中后场倒一倒,下半场 13',1-0
博基拉中场附近越位回接,下半场 13',1-0
富力后场抢断,下半场 14',1-0
给到中场，雷纳尔迪尼奥拿球被侵犯,下半场 14',1-0
舜天这边中场很快将球反抢回来,下半场 15',1-0
左路，任航拿球给到中路,下半场 15',1-0
周云边路挑传送禁区,下半场 16',1-0
这球想法很好，但是力量上没有掌控好,下半场 16',1-0
舜天前场拿球给到边路,下半场 17',1-0
富力这边看防的很紧,下半场 17',1-0
舜天斜传球送禁区内找卡尔坦森,下半场 18',1-0
禁区中路，卡尔坦森在后卫的干扰下没有顶到,下半场 18',1-0
1-1！！,下半场 18',1-1
埃斯库德罗！！,下半场 18',1-1
萨米尔右路起球送后点，埃斯库德罗前插后形成后卫，直接头球顶远角破门！,下半场 19',1-1
这球萨米尔传的穿透了很强,下半场 19',1-1
富力这边换人，张远下，常飞亚上！,下半场 19',1-1
富力禁区外围打一脚被后卫碰出底线,下半场 20',1-1
角球送前点被顶出,下半场 20',1-1
舜天中场长传，这球没有过顶,下半场 22',1-1
2-1！！！,下半场 23',2-1
博基拉！！,下半场 23',2-1
舜天后防的失误啊,下半场 23',2-1
富力中场附近的任意球往禁区里打，卡尔坦森禁区内头球后蹭想结果结果给博基拉做了一个球，后点，博基拉无人看防推远角破门！,下半场 24',2-1
卡尔坦森给富力这边当了一次中锋,下半场 24',2-1
孙可禁区内争抢的时候先推人,下半场 24',2-1
汪嵩这边倒在了场地上,下半场 25',2-1
争顶的时候被对方的膝盖顶了一下,下半场 25',2-1
富力这边在进球后攻势起来了,下半场 28',2-1
舜天前场左路起球送禁区中路,下半场 30',2-1
卡尔坦森头球攻门被程月磊扑了一下,下半场 30',2-1
舜天这边角球机会,下半场 30',2-1
角球送前点被顶了出来,下半场 31',2-1
舜天中场拿球给到萨米尔,下半场 33',2-1
萨米尔拿球在找机会,下半场 33',2-1
富力这边又是站好了位置,下半场 33',2-1
任航斜传球送禁区内,下半场 33',2-1
孙可禁区内冲顶将球顶高了,下半场 33',2-1
两队都要准备换人了,下半场 34',2-1
博基拉中场铲球犯规,下半场 34',2-1
富力这边先换人，汪嵩下，王晓龙上！,下半场 35',2-1
舜天换人，刘建业下，吴曦上！,下半场 35',2-1
王晓龙左路拿球突破，急停,下半场 36',2-1
回敲给后排的队友,下半场 36',2-1
富力前场右路做撞墙配合没有成功,下半场 36',2-1
萨米尔前场拿球,下半场 38',2-1
禁区前沿送直塞被破坏,下半场 39',2-1
舜天的角球机会,下半场 39',2-1
角球送中路被金洋洋顶出,下半场 39',2-1
舜天边路再传，球在前点就被拦截,下半场 39',2-1
富力这边反击的机会,下半场 39',2-1
中场送直塞形成了反越位,下半场 39',2-1
邓小飞看形势不妙出击将球解围,下半场 39',2-1
舜天中场拿球，留给他们扳平的时间并不是很多,下半场 41',2-1
博基拉这边大腿似乎拉伤了,下半场 41',2-1
舜天中场拿球往前走,下半场 43',2-1
富力这边三人上前去封堵,下半场 43',2-1
舜天左路起球送后点,下半场 43',2-1
卡尔坦森甩头攻门将球顶偏,下半场 44',2-1
这球卡尔坦森也是先越位了,下半场 44',2-1
张贤秀这边得到一张黄牌！,下半场 45',2-1
中场拦截的时候犯规,下半场 45',2-1
任意球送禁区内被解围出来,下半场 45',2-1
下半场补时3分钟！,下半场 45',2-1
比赛已经进入到了伤停补时,下半场 46',2-1
康斯坦丁中场防守犯规,下半场 47',2-1
康斯坦丁得到一张黄牌！,下半场 47',2-1
富力这边也是将球控在自己脚下,下半场 48',2-1
雷纳尔迪尼奥底线拿球赢得角球,下半场 48',2-1
角球开出来，舜天双人围抢没断下来,下半场 48',2-1
富力左路出球，球碰到舜天球员身上出了底线,下半场 48',2-1
富力继续角球,下半场 48',2-1
角球开出，全场比赛结束！,完赛,2-1
下半场比赛，舜天加强了进攻并由埃斯库德罗扳回一球,完赛,2-1
但卡尔坦森防守的时候送出一个乌龙助攻帮助博基拉打入制胜一球,完赛,2-1
全场比赛，两队的球员并不太兴奋，富力也是艰难的拿下比赛取得宝贵的三分,完赛,2-1
而舜天可能受累于周中的足协杯比赛，上半场的发挥并不理想,完赛,2-1
广州富力拿下比赛后积分也是达到了25分,完赛,2-1
今天的比赛就为大家解说到这里，欢迎您继续关注新浪体育为您送上的其他精彩赛事直播节目，谢谢！,完赛,2-1
