各位新浪网友大家好，欢迎来到新浪体育观看精彩的直播节目,未赛,0-0
本次直播给大家带来的是2015赛季中超联赛第22轮，广州富力主场迎战长春亚泰队的比赛,未赛,0-0
赛季进入中期之后，富力怎样反弹就一直是球迷舆论的关注点，但富力近5轮1平4负的走势实在太过糟糕,未赛,0-0
目前积21分的富力已是处在保级战团。仅仅比降级区高出2分，这和赛季开始前的雄心壮志实在相差甚远,未赛,0-0
经过间歇期的调整后，代理主帅黎兵与新援雷纳蒂尼奥能否带动球队实现反弹是本场的看点,未赛,0-0
做客越秀山的亚泰目前积25分压力比富力小，但月初的补赛负于永昌后，亚泰抢分的迫切性也在提升,未赛,0-0
组织核心胡斯蒂与防守大闸阎峰本轮均将因累计黄牌停赛，两名绝对主力的缺席让亚泰的中轴线一下薄弱不少，谁能站出来完成他们的任务呢,未赛,0-0
本赛季富力前10个主场2胜3平5负，亚泰前10个客场2胜5平3负。从数据来看亚泰客场还是显示出比较顽强的战斗力,未赛,0-0
不过，自2012赛季富力升入中超，对阵亚泰有着5胜1平1负的战绩，主场3战亚泰均告奏凯。本赛季首回合，富力在客场2-1击败亚泰,未赛,0-0
大家好，欢迎来到直播间观看精彩的中超联赛！,未赛,0-0
欢迎广大网友提出对于本场比赛您所感兴趣的问题，我们将挑选一些有代表性的进行解答和探讨！,未赛,0-0
首发方面富力队黑锋双煞均未出场，小将常飞亚担任箭头，而因伤缺席了东亚杯的国脚姜志鹏伤愈首发,未赛,0-0
长春亚泰队本场缺少了累计黄牌停赛的中场核心胡斯蒂和阎峰，李尚和李光双胞胎兄弟首次联袂先发,未赛,0-0
广州富力首发：门将：1-程月磊后卫：14-李健华、5-张耀坤、3-于洋、11-姜志鹏，中场：23-卢琳、10-米歇尔、31-雷纳尔迪尼奥、6-汪嵩、7-姜宁，前锋：21-常飞亚,未赛,0-0
替补：4-金洋洋、13-叶楚贵、18-张远、22-博基拉、27-刘殿座、33-李岩、35-闵俊麟,未赛,0-0
长春亚泰首发：门将：29-宋振瑜，后卫：16-蒋哲、5-伊斯梅洛夫、15-孙捷、23-张笑非，中场：31-马祖、32-李光、25-阿克斯、22-李尚、8-杜震宇，前锋：9-莫雷罗,未赛,0-0
替补：1-吴亚轲、3-阎世鹏、6-裴帅、7-韩德明、14-邵帅、17-马晓磊、19-曹紫珩,未赛,0-0
在东亚杯上，富力韩籍外援张贤秀打满三场并获得MVP，此役他并没有出现在名单中,未赛,0-0
剩余的比赛，富力临时主帅黎兵将率领弟子们为保级而战,未赛,0-0
双方球员出场了，在国际足联公平竞赛的音乐中领着球童走出,未赛,0-0
升国旗奏国歌的仪式开始,未赛,0-0
今天富力身穿主场蓝色战袍，亚泰则是传统红色球衣,未赛,0-0
双方队长是张耀坤和张笑非，主裁判是关星,未赛,0-0
关星哨声一响，上半场比赛开始了,上半场 1',0-0
客场作战的亚泰率先开球,上半场 1',0-0
富力从画面左侧向右侧进攻，做客的亚泰是右侧向左侧进攻,上半场 1',0-0
亚泰后场控球，孙捷往前一趟,上半场 1',0-0
孙捷给到右侧的蒋哲，蒋哲边路长传,上半场 1',0-0
富力断球，进攻走左侧，给雷纳蒂尼奥,上半场 2',0-0
雷纳蒂尼奥突破被李光绊倒,上半场 2',0-0
富力中场传递，米歇尔给到卢琳,上半场 3',0-0
张笑非把球破坏出边线,上半场 3',0-0
雷纳蒂尼奥右路过来接应，连续摆脱，传中被挡出,上半场 3',0-0
李健华把球交给卢琳，在和雷纳蒂尼奥做配合,上半场 3',0-0
亚泰把球断下来，发动反击,上半场 3',0-0
阿克斯左边路直传给莫雷罗，莫雷罗越位了,上半场 4',0-0
常飞亚左路盘带，还是和新外援的配合不够默契,上半场 4',0-0
富力今年开季让人眼前一亮，尤其是亚冠联赛非常出色，但随着赛程深入，富力是两手空空,上半场 5',0-0
之前没人能想到富力要沦落到为保级而战，但现在富力着实比较艰难,上半场 6',0-0
富力开场进攻欲望比较强,上半场 6',0-0
左路常飞亚再次制造界外球,上半场 6',0-0
富力左路连续的传切，姜宁摆脱阿克斯防守,上半场 6',0-0
姜宁很远的位置，没人防守了，选择来上一脚,上半场 7',0-0
这记远射力道十足，擦着左门柱飞出底线,上半场 7',0-0
富力后场的长传，伊斯梅洛夫头球解围,上半场 8',0-0
长春亚泰破门了,上半场 8',0-1
来自李光石破天惊的远射,上半场 8',0-1
亚泰的反击，李光直塞给右边路的马祖，马祖传中到禁区，富力解围不远，禁区外李光外脚背世界波，擦着横梁飞入死角,上半场 9',0-1
双胞胎兄弟之一的李光破门，李尚会不会有所表现呢,上半场 9',0-1
开场这一段富力一直攻势比较猛，但却被亚泰先破门,上半场 10',0-1
富力利用场地的宽度来调动对手的后防,上半场 10',0-1
右路姜至鹏没有拿住出了边线,上半场 10',0-1
杜震宇边路拼抢犯规,上半场 11',0-1
张耀坤向前交给汪嵩，姜宁过来接应,上半场 11',0-1
富力直塞打身后，被亚泰解围出边线,上半场 11',0-1
富力继续猛攻，于洋发动长传左路找雷纳蒂尼奥，直接飞出边线,上半场 12',0-1
亚泰前场抢断,上半场 12',0-1
亚泰3打1的机会啊，绝妙的机会,上半场 12',0-1
.杜震宇杀入禁区内，摔倒在地，裁判吹了假摔,上半场 13',0-1
裁判关星向杜震宇出示了黄牌,上半场 13',0-1
杜震宇起身之后也是没有异议，这个球慢镜来看确实是假摔,上半场 13',0-1
杜震宇这个球踢的不应该啊，3打1的机会，横敲一下马祖必将面对空门,上半场 14',0-1
亚泰中前场的逼抢吃到了甜头，现在逼抢更加凶猛,上半场 14',0-1
雷纳蒂尼奥左路突破，面对孙捷的防守强行传中,上半场 15',0-1
孙捷伸腿把球挡出底线,上半场 15',0-1
富力左路角球，卢琳来主罚,上半场 15',0-1
现场球迷大声的为主队助攻,上半场 15',0-1
角球给进去，阿克斯后点头球解围,上半场 15',0-1
莫雷罗后场拿球和杜震宇配合被富力就地抢断,上半场 16',0-1
雷纳蒂尼奥右路横向摆脱，敲给中间的姜宁,上半场 16',0-1
姜宁远射，没有压住,上半场 17',0-1
富力继续的强攻，左路传中，来自姜至鹏,上半场 17',0-1
汪嵩小禁区内拼抢没得到射门的机会,上半场 17',0-1
亚泰前场积极的拼搏再次把球断下,上半场 17',0-1
李尚顺势往左路奔袭，米歇尔把球铲出边线,上半场 18',0-1
张笑非把球交给杜震宇，后者的传中制造角球,上半场 18',0-1
这是亚泰本场第一个角球,上半场 18',0-1
杜震宇半高球送进去，禁区内同伴的扫射没有踢到球,上半场 19',0-1
富力的反击，卢琳拿球失误，出了边线,上半场 19',0-1
富力还是太过着急了,上半场 19',0-1
富力后场断球，雷纳蒂尼奥中路组织进攻,上半场 19',0-1
雷纳蒂尼奥自己的盘带有些多，把球丢掉,上半场 20',0-1
亚泰又是反击的机会，阿克斯斜塞马祖,上半场 20',0-1
马祖利用速度，强吃杀入禁区，小角度射门被程月磊扑住,上半场 20',0-1
富力左路进攻，禁区内有机会,上半场 20',0-1
常飞亚脚后跟巧妙一磕，米歇尔上来一脚抽射，打在防守队员身上，角球,上半场 21',0-1
富力角球给进去，孙捷头球解围出来,上半场 21',0-1
外围雷纳蒂尼奥来一记吊射，打高,上半场 21',0-1
亚泰这边进攻也不含糊，禁区前沿细腻的小配合,上半场 22',0-1
李尚直塞，阿克斯禁区内没有拿住，张耀坤把球捅出底线,上半场 22',0-1
杜震宇右路和马祖开出战术角球,上半场 22',0-1
杜震宇传中，高度不够，被对方在外围挡下,上半场 22',0-1
富力反击的机会，姜宁带过中线，蒋哲伸腿绊倒对手，战术犯规,上半场 23',0-1
富力球员纷纷上来围住关星，示意蒋哲应该得到黄牌,上半场 23',0-1
关星未予理睬,上半场 23',0-1
富力外围一脚远射，低球直奔近角，宋振瑜侧扑把球封出底线,上半场 24',0-1
富力的角球也是战术角球的配合,上半场 24',0-1
传到中路，宋振瑜把球得到,上半场 24',0-1
富力后场控制一下节奏，场面上的优势如何转化为胜势是富力的问题,上半场 25',0-1
李尚中场拼抢被米歇尔打了一掌，倒在地上,上半场 26',0-1
李尚也是下场缓解一下,上半场 26',0-1
比赛继续，常飞亚左路得球，没有机会，回敲给后防线上,上半场 27',0-1
李健华右路拿球，给到张耀坤，张耀坤长传进攻，给大了,上半场 27',0-1
张耀坤的这脚传球让人摸不着头脑,上半场 28',0-1
汪嵩右路下底，面对防守，传中被挡住,上半场 28',0-1
米歇尔中路组织一下，在分左侧，意图太明显，被马祖回防把球断下,上半场 28',0-1
今天亚泰的防守做的比较到位，没有给富力留下什么机会,上半场 29',0-1
雷纳蒂尼奥右路突破，速率非常快,上半场 29',0-1
杜震宇防守犯规，伸脚绊倒了雷纳蒂尼奥,上半场 29',0-1
富力前场的定位球机会,上半场 30',0-1
雷纳蒂尼奥亲自主罚，直接旋向门前，宋振瑜双拳把球打出,上半场 30',0-1
亚泰的进攻，右侧三人的配合，李尚挑球过人没有成功,上半场 31',0-1
富力中场的传递又出现失误,上半场 31',0-1
亚泰快速反击，阿克斯带到禁区前沿，横敲莫雷罗,上半场 32',0-1
莫雷罗在交给铺开的左侧，杜震宇传中，马祖越位了,上半场 32',0-1
亚泰这个反击的机会是出来了，但是把握的不够仔细啊,上半场 32',0-1
富力进攻，卢琳横敲，米歇尔远射，李光飞身一挡，球改变线路之后被宋振瑜扑出底线,上半场 33',0-1
这个球幸好挡了一下之后球速不是很快,上半场 34',0-1
李光奋力堵枪眼之后自己也是拉伤了,上半场 34',0-1
雷纳蒂尼奥右路角球开出，马祖前点头球解围，还是角球,上半场 34',0-1
雷纳蒂尼奥再次开出来，前点富力一蹭,上半场 35',0-1
后点红衣的亚泰球员赶紧解围出来,上半场 35',0-1
富力左侧姜至鹏在把球吊进去，宋振瑜出击摘下,上半场 35',0-1
富力右侧交给汪嵩，汪嵩斜吊禁区内，给大了，直接飞出底线,上半场 37',0-1
亚泰右路反击，马祖利用速度 摆脱姜至鹏,上半场 37',0-1
马祖传中，李尚前点包抄，来了一个上帝之手,上半场 37',0-1
包抄的是李光，不是李尚，sorry,上半场 38',0-1
关星明察秋毫，黄牌给了李光,上半场 38',0-1
常飞亚前场拿球，转身被李光铲倒,上半场 38',0-1
富力前场任意球，给进去，宋振瑜双拳打出,上半场 39',0-1
富力右侧在传一下，造成角球,上半场 39',0-1
雷纳蒂尼奥角球给前点，马祖解围不利，有些玩火，没有直接解围，而是停了一下,上半场 40',0-1
富力把球断下，雷纳蒂尼奥禁区右侧兜射远角，弧线非常好，稍稍高出横梁,上半场 40',0-1
马祖也是为自己的失误感到歉意,上半场 40',0-1
富力后场传递再次给了亚泰绝妙的机会,上半场 41',0-1
前场3打2了，李光高速带入禁区,上半场 41',0-1
李光面对张耀坤，拨给右侧马祖,上半场 41',0-1
马祖横敲进去，后点莫雷罗铲射打偏，还是差了一步啊,上半场 42',0-1
富力上半场多次给亚泰这种反击机会，但亚泰有些不争气啊，这么好的机会都没把握,上半场 42',0-1
亚泰后场断球，反击机会又来了,上半场 43',0-1
阿克斯一记大角度的斜传给到马祖，马祖狂奔到底线附近,上半场 43',0-1
马祖传中，中路队友没有及时跟进,上半场 43',0-1
这个球防守马祖的于洋有手球嫌疑，但裁判没有吹罚,上半场 44',0-1
富力后场传递被高位逼抢的亚泰弄的有些手足无措啊,上半场 45',0-1
亚泰左路把球断下，杜震宇快速的奔袭,上半场 45',0-1
杜震宇下底传中，圆月弯刀非常精准的给到后点，马祖无人防守了,上半场 46',0-1
马祖无人防守的情况下小禁区的头球，居然顶了个弹地，球砸在地上弹出横梁之外,上半场 46',0-1
这个球马祖的头球技术太糙了啊，感觉顶出去比顶进去还难,上半场 47',0-1
上半场补时2分钟,上半场 47',0-1
莫雷罗防守犯规,上半场 47',0-1
富力左路的进攻又是无功而返,上半场 47',0-1
富力长传到禁区，卢琳虽然速度很快，但还是被出击的宋振瑜得到,上半场 48',0-1
亚泰左路的一个长传转移，给对角,上半场 48',0-1
富力把球破坏出底线,上半场 48',0-1
杜震宇角球开出来，程月磊双拳打出禁区外,上半场 48',0-1
关星一声哨响，上半场结束,上半场 48',0-1
上半场战罢，客场作战的亚泰凭借李光的世界波暂时领先于富力,中场,0-1
上半场上帝之手得到黄牌的是李尚不是李光，小播在此再次更正，两位双胞胎兄弟一起出场，小播也有点傻傻分不清楚了,中场,0-1
富力上半场虽然控球时间更多，但徒有其表，真正造成威胁的只有雷纳蒂尼奥的一脚高出横梁的射门,中场,0-1
更多时间里还是亚泰的反击给人留下的印象更为深刻，尤其是两次多打少的机会，都未能把握住，甚为遗憾,中场,0-1
而中场休息前马祖还曾有一个小禁区内绝佳的头球机会，竟然也没有把握,中场,0-1
连续丢掉机会的亚泰下半场肯定要遭受主队更加凶猛的反扑，希望他们能够做好准备,中场,0-1
富力这边，面对亚泰的高位逼抢如何能够从容的组织进攻，中前场加强串联，真正的打出威胁,中场,0-1
富力下半场有换人，新援黑又硬博基拉替下米切尔,中场,0-1
来自民主刚果的博基拉身高1米89,中场,0-1
关星哨声一响，下半场开始,下半场 1',0-1
双方易边再战，看看富力变阵之后能否有所收效,下半场 1',0-1
富力边路的进攻，张笑非把球挡了一下,下半场 1',0-1
富力45度斜传，伊斯梅洛夫头球解围,下半场 2',0-1
亚泰后场把球断下，反击交给马祖,下半场 2',0-1
马祖突破被汪嵩放倒,下半场 2',0-1
富力进攻给到雷纳蒂尼奥,下半场 3',0-1
雷纳蒂尼奥禁区内自己带，没机会，回身分给卢琳,下半场 3',0-1
卢琳直接传中被李光挡出底线,下半场 3',0-1
富力战术角球，传中后点还是亚泰解围出来,下半场 3',0-1
富力连续的角球,下半场 4',0-1
卢琳左侧直接往禁区内交,下半场 4',0-1
太靠近球门被宋振瑜击出,下半场 4',0-1
富力右路交给常飞亚，常飞亚低头自己突，两次变向之后自己脚下拌蒜了,下半场 5',0-1
富力下半场的进攻看上去有所改进，中前场加强了短传,下半场 6',0-1
李光后场和姜宁拼抢犯规,下半场 6',0-1
富力中路进攻，雷纳蒂尼奥交给汪嵩,下半场 6',0-1
汪嵩调度一下，分到右路李健华，失误了，直接飞出边线,下半场 7',0-1
富力继续攻，直塞给博基拉意图太明显，被断了,下半场 7',0-1
亚泰长传给右边的马祖,下半场 7',0-1
马祖反击速度很快，带到底线附近,下半场 7',0-1
同伴还没有包抄上来，马祖还是硬生生的选择传中，根本没人包抄啊,下半场 8',0-1
亚泰这么打的话，就太被动了,下半场 8',0-1
富力中路进攻，汪嵩给到姜宁，姜宁和雷纳蒂尼奥配合之后分边,下半场 9',0-1
亚泰断球，长传还是给马祖,下半场 9',0-1
马祖带球摔倒在地，裁判示意继续比赛,下半场 9',0-1
富力左路的进攻制造任意球,下半场 10',0-1
姜宁主罚，直接打门了，高出横梁,下半场 10',0-1
这个球直接射的话角度还是有些小的,下半场 10',0-1
富力长传给卢琳，卢琳回敲给雷纳蒂尼奥,下半场 11',0-1
雷纳蒂尼奥斜传禁区内，伊斯梅洛夫把球端出来,下半场 11',0-1
莫雷罗反击，护球，3人围抢上来把球断下,下半场 12',0-1
雷纳蒂尼奥左路突破被李光放倒,下半场 12',0-1
富力进球了,下半场 12',1-1
卢琳补射建功,下半场 13',1-1
雷纳蒂尼奥亲自主罚禁区前沿任意球，一脚射门直挂死角，宋振瑜奋力扑出，但卢琳迅速杀出，补射得手,下半场 14',1-1
双方重回同一起跑线，黎兵在场边看到进球也是显得非常兴奋,下半场 14',1-1
亚泰左路传中，富力解围不利，莫雷罗一脚打门，被于洋封堵,下半场 15',1-1
李光抽筋被抬到场边，时间还早啊，这个时候抽筋了,下半场 16',1-1
富力继续猛攻，左路传中被挡出,下半场 16',1-1
富力扳平之后气势上来了,下半场 16',1-1
.博基拉错过了神一般的好机会啊，这个球没有进，我也是醉了,下半场 17',1-1
富力左路非常漂亮的传递，卢琳杀入禁区横敲门前,下半场 17',1-1
亚泰球员都绝望的一刹那，博基拉几乎是在门线前的铲射，打偏了,下半场 18',1-1
这个球踢的就像后卫解围的脚法,下半场 18',1-1
亚泰做出调整，裴帅替下李尚,下半场 18',1-1
蒋哲右路助攻上来，斜传禁区过后,下半场 19',1-1
后点莫雷罗没有够到，飞出底线,下半场 19',1-1
富力右侧的进攻赢得角球,下半场 19',1-1
富力选择快发，给到雷纳蒂尼奥脚下,下半场 19',1-1
雷纳蒂尼奥稍微调整一下，往前一带，兜射后角，高了,下半场 20',1-1
亚泰再次错过了好机会,下半场 20',1-1
莫雷罗反越位成功，禁区内形成单刀之势，过掉出击的程月磊，小角度推射，被后卫在门线上挡出,下半场 21',1-1
这个球富力的防线出了问题啊，亚泰简单的一个直塞就创造了机会,下半场 21',1-1
富力左路给到雷纳蒂尼奥，蒋哲果断铲抢把球破坏出边线,下半场 22',1-1
张耀坤后场拿球，分别给姜至鹏，姜至鹏在交给中路,下半场 22',1-1
富力中前场的连续传递，失误出界,下半场 23',1-1
蒋哲问题不大重新回到场内,下半场 23',1-1
阿克斯中场拿球，自己盘带向前，过人被断,下半场 23',1-1
于洋想快速分边，失误，出了边线,下半场 24',1-1
今天富力的传递失误非常的多,下半场 24',1-1
博基拉回撤拿球，分边给常飞亚,下半场 24',1-1
常飞亚强吃张笑非，张笑非解围踢在常飞亚身上,下半场 24',1-1
好在宋振瑜快速出来，把球护住,下半场 24',1-1
富力再次换人，叶楚贵上场替下常飞亚,下半场 25',1-1
首回合比赛中叶楚贵先发登场曾攻破过亚泰大门,下半场 25',1-1
富力边路进攻，姜至鹏助攻上来，搓到禁区前沿,下半场 26',1-1
富力连续的传递，姜宁传中被宋振瑜挡出,下半场 26',1-1
卢琳外围扫射，在被后卫挡出来,下半场 27',1-1
亚泰反击，裴帅带球分边给马祖,下半场 27',1-1
马祖传中到后点，阿克斯妙传给莫雷罗,下半场 28',1-1
莫雷罗突入禁区，过掉李健华，张耀坤补防上来把球解围,下半场 28',1-1
莫雷罗来不及收脚踢在张耀坤腿上,下半场 28',1-1
蒋哲右路防守踢翻了姜至鹏,下半场 29',1-1
富力任意球送进去，宋振瑜出击稳稳抱住,下半场 29',1-1
富力进攻继续，连续配合之后卢琳在中路一记远射，打在后卫身上，角球,下半场 29',1-1
雷纳蒂尼奥角球给到禁区，宋振瑜出击判断失误,下半场 30',1-1
好在球落到孙捷面前，孙捷把球解围,下半场 30',1-1
姜宁右路分边，富力传中给到禁区后点,下半场 30',1-1
雷纳蒂尼奥小角度垫射打在蒋哲身上出了底线,下半场 31',1-1
富力进球了,下半场 31',2-1
替补出场的博基拉建功,下半场 31',2-1
雷纳蒂尼奥开出左侧的角球，精确的找到了博基拉的头顶，博基拉几乎没有跳，轻轻一摆，把球顶入右下角,下半场 32',2-1
博基拉兴奋的脱掉上衣庆祝，得到黄牌一张,下半场 32',2-1
刚才错失空门的博基拉也是将功补过啊,下半场 32',2-1
亚泰从上半场的顺境到了目前的逆境中，而富力则在先丢一球的情况下连进两个，局势大反转,下半场 34',2-1
富力左路进攻，传中被破坏,下半场 34',2-1
外围再拼，犯规了,下半场 34',2-1
亚泰中路进攻，交给莫雷罗，莫雷罗拼抢中踢倒了汪嵩,下半场 34',2-1
亚泰换人，阿克斯下场，韩德明替补出来,下半场 35',2-1
留给亚泰的时间还有10分钟左右,下半场 35',2-1
马祖右边路转身突破，速度没有起来,下半场 36',2-1
马祖横敲中间，亚泰耐心的组织进攻,下半场 36',2-1
左路连续的传递，张笑非送出过顶,下半场 36',2-1
杜震宇突入禁区，挑传到门前，还是被富力解围,下半场 37',2-1
富力现在不着急了，打控制球,下半场 37',2-1
边路姜宁闪过一名后卫，自己沿着左路带进去,下半场 37',2-1
姜宁横敲给禁区线上的卢琳，卢琳转身就射，高了,下半场 37',2-1
亚泰扳平了比分,下半场 38',2-2
双方再回同一起跑线，，进球的是老将杜震宇,下半场 38',2-2
富力还是为自己的后防失误付出了代价,下半场 39',2-2
姜至鹏后场一个不合理的传球给到李健华，李健华也是解围没有踢到，杜震宇从身后迅速杀出把球拦截，接着顺势杀到禁区，一脚爆射破门,下半场 40',2-2
富力还是有机会，卢琳，错过梅开二度的机会,下半场 40',2-2
卢琳禁区内抹过防守他的后卫，面对出击的宋振瑜，卢琳巧妙的推射远角，打在立柱上,下半场 41',2-2
卢琳也是十分沮丧啊，绝好的机会,下半场 41',2-2
富力左侧又是一记远射，挂在边网,下半场 41',2-2
富力继续换人，李健华下，张远上,下半场 42',2-2
意图明显，上前锋，下后卫，就是加强进攻，硬抢3分,下半场 42',2-2
叶楚贵和裴帅拼抢，裴帅受伤倒地,下半场 42',2-2
富力左路给到姜至鹏，姜至鹏直传到身前的卢琳,下半场 43',2-2
卢琳转身被李光破坏出边线,下半场 43',2-2
亚泰的进攻，韩德明带过半场，分边找杜震宇,下半场 44',2-2
杜震宇斜传禁区，被程月磊扑住,下半场 44',2-2
亚泰也换人，曹紫珩上，替下马祖,下半场 45',2-2
亚泰长传进攻，姜宁把球断下,下半场 45',2-2
下半场补时4分钟,下半场 45',2-2
富力前场的进攻，传球失误，有些跑不动了,下半场 45',2-2
蒋哲右路的传球，交给曹紫珩，出了边线,下半场 46',2-2
张远右路拿球，塞给叶楚贵，叶楚贵传中制造角球,下半场 46',2-2
李光抽筋倒在草地上,下半场 46',2-2
进球功臣李光今天在攻防两端对亚泰都有巨大贡献,下半场 47',2-2
富力角球开出来,下半场 48',2-2
禁区内还是亚泰第一点解围出来,下半场 48',2-2
亚泰有反击的机会，裴帅前场拿球，闪过了张耀坤，张耀坤见势不妙伸手拉倒对方,下半场 48',2-2
这个球毫无疑问，裁判向张耀坤出示黄牌一张,下半场 48',2-2
如果不伸手的话这个球后果就严重了,下半场 49',2-2
杜震宇任意球选择向后传,下半场 49',2-2
一直给到门将宋振瑜,下半场 49',2-2
宋振瑜长传，富力拼抢犯规,下半场 49',2-2
杜震宇任意球直接给入禁区，富力把球解围出来,下半场 50',2-2
补时已经差不多了，但裁判看表之后还是没吹,下半场 50',2-2
富力抓紧时间在攻，右侧把球拿住，转移到卢琳这边,下半场 50',2-2
富力在做传递，被对方挡了一下，没有了,下半场 50',2-2
这个时候关星一声长哨，全场比赛结束了,完赛,2-2
最终，富力主场2-2与来访的亚泰握手言和,完赛,2-2
自富力升超以来在越秀山3次摆擂面对亚泰全部拿下，今天这个记录戛然而止，亚泰第一次从越秀山带走分数,完赛,2-2
双方各打半场好球，上半场亚泰屡屡错失良机，而下半场富力猛攻不断，虽然攻入两球但也错失数次机会,完赛,2-2
本场过后两队还是延续着不胜的态势，但相比亚泰而言富力的保级压力逐渐加大,完赛,2-2
好了，本场比赛就为大家直播到这里，非常感谢大家的陪伴，我们下次直播再见！,完赛,2-2
