北京时间7月19日19点35分，新浪体育将为大家直播中超第20轮 广州富力VS山东鲁能 ，敬请关注！,未赛,0-0
本赛季呈现剧烈起伏的富力近3轮1平2负，目前积21分排名积分榜第11位。,未赛,0-0
在中下游战团多队扎堆儿的局面下，富力如不能迅速抢分就有可能承担起与“保级”字眼相关的压力。富力必须面对的是提振主场的课题：本赛季前9个主场战绩为2胜3平4负。,未赛,0-0
上轮国安与恒大均被阻击，鲁能却在主场打出了与申鑫的2-2平局。错失追赶良机后，鲁能接下来的看点显然被放大了,未赛,0-0
本赛季前9个客场鲁能5胜3平1负，是全中超客场战绩最为出色的球队。,未赛,0-0
中超交锋史上富力对鲁能2胜1平4负，富力主场对鲁能1胜2负（近两次主场交锋均告落败），上赛季足协杯上鲁能也曾在客场淘汰富力。但本赛季首回合富力客场2-1击败鲁能，该场汪嵩与姜宁为富力入球，阿洛伊西奥两张黄牌被罚下。,未赛,0-0
鲁能泰山要冲冠，就必须全力去拼，他们有望本场比赛拿分,未赛,0-0
大家晚上好,未赛,0-0
广州富力首发:27-刘殿座；11-姜至鹏、4-金洋洋、5-张耀坤、18-张远；10-米切尔、6-汪嵩、15-张贤秀、7-姜宁；22-博基拉、25-阿隆,未赛,0-0
替补名单:17-张世昌、3-于洋、14-李健华、21-常飞亚、23-卢琳、31-雷纳尔迪尼奥、33-李岩,未赛,0-0
山东鲁能首发:23-王大雷；6-郑铮、3-戴琳、16-汪强、22-蒿俊闵；5-乌索、4-尤西雷、8-王永珀、9-塔尔德利；19-杨旭、21-阿洛伊西奥,未赛,0-0
替补名单:20-韩镕泽、7-张文钊、10-蒙蒂略、14-王彤、15-李微、17-吴兴涵、18-韩鹏,未赛,0-0
当地天气特别湿热！,未赛,0-0
双方队员入场,未赛,0-0
鲁能泰山队身着白色服装，而广州富力队身着蓝色服装,未赛,0-0
奏国歌仪式,未赛,0-0
上半场比赛开始,上半场 1',0-0
鲁能泰山队一开始就发动进攻,上半场 1',0-0
塔尔德利右路突破下底横传，阿洛伊西奥得球横传门前，对方门将没收！,上半场 1',0-0
今天鲁能泰山队反客为主，全力进攻,上半场 1',0-0
鲁能泰山队中场得球，中路传球被断,上半场 1',0-0
广州富力队快速反击，蒿俊闵把球破坏出边线,上半场 1',0-0
广州富力队右路进攻，乌索把球破坏出边线,上半场 2',0-0
今天双方在雨中作战，增加了比赛难度,上半场 2',0-0
汪嵩受伤坐在地上,上半场 2',0-0
广州富力队得到角球机会,上半场 3',0-0
角球发到禁区内前点，对方顶了一下，博基拉零度角侧身打门打在边网上！,上半场 3',0-0
后场广州富力队得球，左路攻到中场，姜至鹏把球回传,上半场 4',0-0
广州富力队攻到前场，传球配合失误,上半场 5',0-0
阿洛伊西奥中场右睡拿球，横传交给尤西雷,上半场 5',0-0
塔尔德利左路强突，被抢断，打得有点独,上半场 5',0-0
广州富力队快速反击，交给博基拉，突破到禁区内，王大雷出击啦，博基拉打空门，居然打在边网上,上半场 5',0-0
尤西雷长传前场右路，皮球直接出边线,上半场 6',0-0
后场广州富力队得球，左路进攻，汪强把球破坏,上半场 7',0-0
中场鲁能泰山队断球，王永珀中路突破，横传交给阿洛伊西奥,上半场 7',0-0
阿洛伊西奥斜传球到禁区内，杨旭插上，没能顶到,上半场 7',0-0
现场的雨越下越大！这水战不好打，应该加强远射！,上半场 8',0-0
塔尔德利左路得球，横传中路，乌索挑传禁区，杨旭慢啦！张远护球出底线,上半场 8',0-0
奥拉纳尔左路接球，回传一脚，乌索上抢犯规,上半场 9',0-0
乌索上抢，放倒了姜至鹏，广州富力队中场左路任意球,上半场 10',0-0
后场汪强抢到球，博基拉上抢犯规,上半场 10',0-0
塔尔德利左路攻到前场，横传,上半场 11',0-0
阿洛伊西奥中路强突，过去啦，对方还是出脚把球破坏,上半场 11',0-0
汪嵩左路带球突破，对方抢球犯规,上半场 11',0-0
博基拉左路突破到禁区内，小角度打门击中后门柱！！！！,上半场 12',0-0
广州富力队再次组织进攻,上半场 12',0-0
广州富力队左路横传球到禁区内，中路头球过渡，王大雷出击居然漏球，博基拉抢点打门球进！但越位在先！！,上半场 13',0-0
广州富力队进球啦！米歇尔，1-0,上半场 13',1-0
下雨天，声地滑，广州富力队狂攻进球,上半场 13',1-0
王大雷开球脚下打滑，广州富力队断球交给米歇尔，突破一脚远射破门得分,上半场 13',1-0
后场广州富力队断球，中路反击，奥拉纳尔被放倒,上半场 14',1-0
犯规的是汪强,上半场 14',1-0
主裁判哨响，但广州富力队的队员示意裁判有利进攻，不应该吹,上半场 15',1-0
中场鲁能泰山队断球，阿洛伊西奥中路突破大了些,上半场 15',1-0
广州富力队左路横传门前，尤西雷把球控下来,上半场 15',1-0
鲁能泰山队长传前场左路，王永珀没能追上！,上半场 16',1-0
博基拉球情况下前插，对方卡住位置，双方相撞,上半场 17',1-0
博基拉受伤倒在地上,上半场 17',1-0
在雨天作战，先丢一球，对鲁能泰山队来说非常不利,上半场 18',1-0
鲁能泰山队右路横传禁区，跟上队员冲顶没能顶正,上半场 19',1-0
郑铮左路横传禁区，汪嵩回传门将，这很悬啊！刘殿座把球破坏出底线,上半场 19',1-0
战术角球发出来，鲁能泰山队右路横传，对方解围出来,上半场 20',1-0
鲁能泰山队进球啦！！汪强！1-1,上半场 20',1-1
王永珀右路得球斜传禁区，汪强头球顶门，皮球应声入网！,上半场 20',1-1
汪强也够倒霉的！想就地庆祝滑一个，没想到地上有坑，没滑出去,上半场 21',1-1
鲁能泰山队左路传球，对方挡出边线,上半场 22',1-1
界外球发出来，尤西雷直传球，杨旭回做,上半场 23',1-1
乌索右路接球，直传给塔尔德利,上半场 23',1-1
蒿俊闵右路过人，斜传球到禁区内后点，张远把球顶出底线,上半场 23',1-1
鲁能泰山队得到角球机会,上半场 23',1-1
王永珀发角球到禁区内前点，刘殿座把球打出来,上半场 23',1-1
王永珀左路再横传禁区，对方解围出来，长传反击被断,上半场 24',1-1
蒿俊闵右路横传禁区，乌索后仰跳起来争顶，没能压住，高出横梁,上半场 24',1-1
塔尔德利传禁区，球出底线,上半场 25',1-1
姜宁边路得球突破，郑铮铲球犯规！,上半场 26',1-1
雨天球滑！要集中精力！,上半场 26',1-1
汪嵩发任意球打在人墙上弹起来，王大雷把球摘下来,上半场 27',1-1
雨好象停啦！这对比赛有利啊,上半场 27',1-1
鲁能泰山队左路横传中路，尤西雷再转移到右路，被断,上半场 28',1-1
广州富力队中路突破被破坏出来,上半场 29',1-1
姜宁左路横传禁区，几名队员都漏球啦，对方大脚破坏,上半场 29',1-1
雨还在下着，好象比刚才小了点儿！,上半场 29',1-1
王大雷大脚开球到前场，广州富力队断球，转移到右路进攻,上半场 30',1-1
奥拉纳尔右路带球突破，被断下来,上半场 30',1-1
汪强后场断球，长传球送到了对方脚下,上半场 31',1-1
张云轶62657 山东鲁能：尤其雷不错[回复]尤西雷几场比赛的表现还是不错的,上半场 31',1-1
广州富力队快速进攻，尤西雷护球出底线,上半场 32',1-1
后场广州富力队断球，右路组织进攻,上半场 32',1-1
广州富力队左路横传禁区，对方破坏出来,上半场 33',1-1
塔尔德利长传球，对方解围出来,上半场 33',1-1
姜至鹏左路带球突破，对方把球铲出边线,上半场 33',1-1
姜宁接球，滑太好的机会，把球回带,上半场 34',1-1
乌索中场拿球，直传给杨旭,上半场 34',1-1
乌索在前场拿球，横传到右路，交给塔尔德利,上半场 34',1-1
塔尔德利横传，杨旭左路横传，乌索直传球力量太大,上半场 35',1-1
米歇尔传球，博基拉越位,上半场 36',1-1
阿洛伊西奥右路突破斜传禁区，刘殿座没收,上半场 36',1-1
王永珀左路带球进攻，奥拉纳尔犯规,上半场 37',1-1
任意球快发，鲁能泰山队要打快速进攻，被对方断下来,上半场 37',1-1
广州富力队长传找博基拉，姜宁传得大了些，王大雷没收,上半场 38',1-1
郄进球啦！王永珀！2-1,上半场 39',1-2
乌索分球到右路，横传禁区，乌索头球顶门，对方挡出来，塔尔德利回传，王永珀迎球怒射破门！,上半场 39',1-2
王鲁尼终于进球啦,上半场 39',1-2
汪嵩中前场接球，尤西雷抢球犯规,上半场 40',1-2
张远右路下底横传，皮球直接打在边网上,上半场 40',1-2
广州富力队反击又来啦！右路直传球，张远横传门前，皮球滑门而过,上半场 42',1-2
广州富力队得到角球机会,上半场 42',1-2
汪嵩发角球到后点，跟上队员头球顶门，王大雷已经没办法啦！蒿俊闵在球门线上把球顶出来！,上半场 42',1-2
王永珀左路快速反击，对方犯规,上半场 42',1-2
塔尔德利中场拿球，交给王永珀，再转移到左路,上半场 43',1-2
塔尔德利挑传禁区，多好的机会啊，阿洛伊西奥调整没能形成打门！,上半场 44',1-2
广州富力队左路进攻，几脚传球也没有找到机会,上半场 44',1-2
广州富力队挑传球，博基拉左路横传，被挡出底线,上半场 45',1-2
汪嵩发角球到门将，王大雷把球打出来,上半场 45',1-2
塔尔德利控球，鲁能泰山队快速反击,上半场 45',1-2
阿洛伊西奥直传球到身后，王永珀带球快速进攻，到禁区内的一步带大了，刘殿座出击把球扑住,上半场 46',1-2
乌索左路攻过中场，阿隆把球破坏出边线,上半场 46',1-2
塔尔德利在前场得球直传，主裁判哨响,上半场 47',1-2
上半场比赛结束，鲁能泰山队2-1领先广州富力队！,上半场 47',1-2
鲁能泰山队在先丢一球的情况下，由汪强和王永珀各进一球反超比分！,完赛,1-2
就半场比赛来看！鲁能泰山队还是占到了一定优势,中场,1-2
但由于在雨中作战，对双方的防守增加了难度,中场,1-2
广州富力队也有不少机会，但没能再把比分扳回来,中场,1-2
让我们休息一会儿再来看下半场比赛,中场,1-2
下半场比赛开始,下半场 1',1-2
鲁能泰山队换了一名队员：王彤上场换下了汪强,下半场 1',1-2
博基拉在前场拿球，戴琳上抢犯规，广州富力队得到任意球机会,下半场 1',1-2
任意球发出来，汪嵩突破又被放倒,下半场 1',1-2
米歇尔发任意球到禁区内，对方顶出来,下半场 2',1-2
姜宁回传球，张远远射偏出,下半场 2',1-2
鲁能泰山队长传前场右路，王彤越位,下半场 3',1-2
塔尔德利右路突破到禁区线，突然一脚斜射，刘殿座没收,下半场 4',1-2
是传是射，塔尔德利有些犹豫,下半场 4',1-2
地上有积水，球不怎么走啊,下半场 4',1-2
鲁能泰山队进球啦，塔尔德利，3-1,下半场 5',1-3
王彤右路横传，塔尔德利横传给阿洛伊西奥，阿洛伊西奥直传，塔尔德利起脚打门球进！,下半场 5',1-3
鲁能泰山队的这次右路配合太漂亮啦！,下半场 5',1-3
博基拉右路强突内线，乌索把球断下来,下半场 6',1-3
鲁能泰山队长传进攻，阿洛伊西奥突破到禁区很漂亮，但有些独啦，回扣打门偏出！,下半场 7',1-3
右侧已经有队员在接应，非常好的机会,下半场 7',1-3
杨旭已经在右点等着，要是能传过去，是必进之球,下半场 7',1-3
乌索中后场抢到球，张贤秀铲球犯规,下半场 8',1-3
广州富力队换上李健华,下半场 8',1-3
博基拉右路攻到前场，戴琳把球破坏出边线,下半场 8',1-3
戴琳和博基拉发生了争执，是博基拉推了戴琳一把，戴琳很生气,下半场 9',1-3
郑铮上前将双方分开,下半场 9',1-3
界外球发出来，广州富力队右路横传，对方破坏出来,下半场 10',1-3
鲁能泰山队抢断直传，交给塔尔德利,下半场 10',1-3
乌索在前场接球被断,下半场 10',1-3
乌索抢球犯规，放倒了张贤秀,下半场 10',1-3
任意球发出来，广州富力队右路发动进攻,下半场 10',1-3
博基拉前场接球，戴琳背后抢球犯规,下半场 11',1-3
广州富力队再换人，雷纳尔迪尼向上场换下米歇尔,下半场 11',1-3
广州富力队得到前场任意球机会,下半场 11',1-3
任意球发到禁区内后点，王大雷出击把球没收,下半场 11',1-3
目前鲁能泰山队的射门比对方多三次！,下半场 12',1-3
王大雷立功啦！！雷纳尔迪尼奥一脚远射，王大雷奋力把球托出,下半场 12',1-3
雷纳尔迪尼奥发角球到禁区内，对方解围出来,下半场 12',1-3
鲁能泰山队左路反击，塔尔德利接球被断,下半场 12',1-3
乌索后场得球解围，打在对方身上出底线，居然给了角球,下半场 13',1-3
角球发到禁区内，王大雷把球打出来,下半场 13',1-3
广州富力队外围远射，被破坏出边线,下半场 13',1-3
广州富力队再换人：21常飞亚换下汪嵩,下半场 14',1-3
阿隆右路转身突破横传，郑铮挡出底线,下半场 14',1-3
战术角球发出来，广州富力队横传中路，挑传禁区被对方解围,下半场 15',1-3
乌索后场抢球犯规，勾倒了雷纳尔迪尼奥，任意球机会,下半场 15',1-3
刚才是勾倒了姜宁！雷纳尔迪尼奥来主罚任意球,下半场 15',1-3
雷纳尔迪尼奥发任意球直接打门，险些破门，被王大雷侧扑把球打出,下半场 16',1-3
鲁能泰山队后场得球快速反击，到中场传球失误,下半场 16',1-3
博基拉前场突破打门，王大雷没收,下半场 17',1-3
尤西雷在示意队友要把 节奏慢下来，压一下节奏,下半场 17',1-3
鲁能泰山队长传球，杨旭在前场抢到球，张耀坤抢球犯规,下半场 17',1-3
郑铮左路突破，对方两人包夹把球断下来,下半场 18',1-3
广州富力队连续换三人，阵容有些乱,下半场 18',1-3
雷纳尔迪尼奥左路强突，尤西雷把球破坏出边线,下半场 18',1-3
奥拉纳尔右路横向突破，蒿俊闵防守犯规,下半场 19',1-3
任意球直接打在人墙上，对方破坏出来,下半场 20',1-3
杨旭被闷了一下，受伤倒在地上,下半场 20',1-3
鲁能泰山队换人：李微上场换下王永珀,下半场 21',1-3
李健华右路带球到前场，横传雷纳尔迪尼奥，再分球被塔尔德利断球,下半场 23',1-3
杨旭中场接球，姜宁抢球犯规、,下半场 23',1-3
任意球发出来，鲁能泰山队把球横传到右路,下半场 24',1-3
博基拉直传禁区，李健华快速插上，在对方逼抢下球出底线,下半场 24',1-3
雷纳尔迪尼奥右路突破下底，快出底线了把球救回来，鲁能泰山队断球,下半场 25',1-3
鲁能泰山队现在有些回收，加强防守,下半场 25',1-3
确实鲁能泰山队的防守也不是太好，两球领先，应该可以收一下,下半场 25',1-3
广州富力队右路进攻，对方抢断,下半场 25',1-3
广州富力队攻到前场，中路强突，被断,下半场 26',1-3
比赛进行到了70分钟,下半场 26',1-3
雷纳尔迪尼奥受了点伤，他在突破时被抢断,下半场 26',1-3
后场广州富力队断球，走中路进攻，对方逼抢好凶,下半场 28',1-3
戴琳还是犯规啦,下半场 28',1-3
戴琳后场犯规放倒了奥拉纳尔！吃牌子啦,下半场 29',1-3
广州富力队得到前场任意球机会,下半场 29',1-3
奥拉纳尔发任意球直接打门，高啦！,下半场 29',1-3
雷纳尔迪尼奥直传球，奥拉纳尔右路下底强突内线，戴琳把球破坏,下半场 30',1-3
广州富力队得到角球机会,下半场 31',1-3
战术角球发出来！！常飞亚禁区内突破，李微犯规！！点球！,下半场 31',1-3
奥拉纳尔主罚点球！在左门柱！王大雷扑对了方向，但球还是进啦！,下半场 32',2-3
这一粒进球，对广州富力队来说非常重要，能提升士气！,下半场 33',2-3
鲁能泰山队攻到前场，对方断球反击,下半场 33',2-3
常飞亚右路突破横传后点，奥拉纳尔抢点打门，球出底线,下半场 34',2-3
王大雷大脚开球到前场，直接出边线,下半场 36',2-3
广州富力队发出界外球，进攻失误,下半场 36',2-3
鲁能泰山队长传前场，分边路，郑铮横传，被金洋洋挡出底线,下半场 36',2-3
鲁能泰山队得到角球机会,下半场 36',2-3
鲁能泰山队换了一名队员，蒙蒂略换下阿洛伊西奥,下半场 37',2-3
战术角球发出来，蒙蒂略回传,下半场 37',2-3
鲁能泰山队进球啦！蒿俊闵！4-2,下半场 37',2-4
郑铮左路接球，横传中路，蒿俊闵一脚大力远射，势大力沉，皮球应声入网！,下半场 37',2-4
这一脚远射，离球门三十多米,下半场 38',2-4
广州富力队攻到前场，逼得任意球机会,下半场 38',2-4
任意球发到禁区内，越位啦，但助理裁判没有举旗，进攻的两名队员都让球,下半场 39',2-4
皮球马上就要出底线，戴琳飞铲出边线,下半场 39',2-4
界外球发出来，雷纳尔迪尼奥回传，奥拉纳尔越位,下半场 39',2-4
奥拉纳尔左路突破下底横传，王大雷出击，后卫挡出来，雷纳尔迪尼奥再打门，王大雷回身把球没收,下半场 40',2-4
杨旭在前场拿球突破，金洋洋防守犯规！吃到了黄牌,下半场 40',2-4
这一脚铲得，杨旭受伤不轻,下半场 41',2-4
杨旭被抬出场外，希望不会有大问题,下半场 41',2-4
任意球发出来，鲁能泰山队回传球，再分边路乌索没能控到，球出边线,下半场 42',2-4
广州富力队左路横传，尤西雷把球控下来,下半场 43',2-4
鲁能泰山队长传球，塔尔德利得球横向带球，连续过两人,下半场 43',2-4
鲁能泰山队就是要牢牢地控球，广州富力队上抢也不是特别积极了，心气受到了影响,下半场 43',2-4
广州富力队右路下底横传，被断,下半场 44',2-4
鲁能泰山队左路长传反击，戴琳没能接到，球出边线,下半场 44',2-4
雷纳尔迪尼奥左路强突内线，对方把球破坏,下半场 45',2-4
博基拉前场得球，横带晃过尤西雷，一脚劲射，王大雷扑了一下脱手，不过没有富力队员跟上！,下半场 46',2-4
下半场要补时 4 分钟,下半场 46',2-4
鲁能泰山队长传球到前场，乌索把球控下来,下半场 46',2-4
蒙蒂略接乌索传球，械向突破一脚远射，被刘殿座没收,下半场 46',2-4
广州富力队左路进攻，蒙蒂略防守犯规，任意球机会,下半场 47',2-4
任意球发到禁区内，王大雷出击把球打出来,下半场 48',2-4
后场鲁能泰山队断球，走左路进攻,下半场 48',2-4
戴琳长传球到前场，对方把球争顶下来，李微得球一脚大力远射，被刘殿座扑出底线,下半场 49',2-4
鲁能泰山队得到角球机会,下半场 49',2-4
塔尔德利发出战术角球，回带，控球,下半场 49',2-4
蒙蒂略右路带球强突，对方前堵后截，张远把球碰出边线,下半场 50',2-4
界外球发出来，鲁能泰山队回传，主裁判哨响,下半场 50',2-4
全场比赛结束，最终鲁能泰山队客场4-2战胜广州富力！,下半场 50',2-4
今天是一场雨战，难度比较大！,完赛,2-4
但双方球员打得非常积极！广州富力队率先破门打破场上的僵局！,完赛,2-4
丢球后鲁能泰山队全力进攻，最终赢下了比赛，祝贺！,完赛,2-4
本场比赛就为大家直播到这儿,完赛,2-4
我们下次直播再见,完赛,2-4
