各位网友，大家好！欢迎来到新浪体育收看精彩的直播节目！,未赛,0-0
本次直播为您带来的是中超联赛第23轮的一场焦点大战，由广州恒大主场迎战上海绿地申花！,未赛,0-0
高拉特上轮的绝杀令恒大登上了积分榜榜首位置。,未赛,0-0
埃尔克森已经复出，其在提升恒大看点同时也对恒大的抢分把握形成了提振。,未赛,0-0
恒大本赛季前13个主场6胜7平保持不败，在仅剩下2个主场的情况下，恒大主场赢球的需求非常明确。,未赛,0-0
申花上轮在客场1-4负于绿城，此前5轮4胜1平的上扬状态被终结。,未赛,0-0
比之“叫板恒大”，申花所面对的更大课题是下周中同上港的足协杯关键战。本轮联赛申花或许会有所保留。,未赛,0-0
本场比赛将于8月15日20：00开球敬请大家到时留意收看！,未赛,0-0
各位网友，大家晚上好！,未赛,0-0
今天下午广州下了一场大雨，天河体育中心的场地可能会比较湿滑,未赛,0-0
广州恒大首发阵容：门将：19-曾诚；后卫：17-刘健、6-冯潇霆、28-金英权、25-邹正；后腰：48-保利尼奥、10-郑智；攻击型中场：27-郑龙、11-高拉特、20-于汉超；前锋：56-罗比尼奥,未赛,0-0
上海绿地申花首发阵容：门将：1-耿晓锋；后卫：2-熊飞、4-帕帕多普洛斯、3-李建滨、23-柏佳骏；中场：19-郑凯木、6-王寿挺、10-莫雷诺、28-曹赟定；前锋：9-登巴巴、17-卡希尔,未赛,0-0
双方球员进场,未赛,0-0
申花身穿一身蓝色战袍,未赛,0-0
恒大是红衣白裤,未赛,0-0
上半场比赛开始了！,上半场 1',0-0
上半场比赛由申花中圈开球,上半场 1',0-0
传到右路，球直接出了底线,上半场 1',0-0
曾诚门球交给冯潇霆，冯潇霆长传到中场，帕帕多普洛斯得球大脚解围,上半场 1',0-0
冯潇霆加仄声主给曾诚踢到中场,上半场 1',0-0
恒大长传前场，李建滨将球拦截出边线,上半场 2',0-0
罗比尼奥右路一拉一顺，郑龙接应,上半场 2',0-0
保利尼奥得球，被王寿挺绊倒,上半场 2',0-0
恒大前场右路的任意球机会,上半场 2',0-0
郑龙送到后点，李建滨争顶顶得不远,上半场 3',0-0
刘健扛住对手后打门打在人堆里,上半场 3',0-0
门前一轮混战高拉特一挑，力量不大，耿晓峰将球没收,上半场 3',0-0
恒大后场得球，冯潇霆长传到禁区内，郑龙有机会但没有直接打门而是挑中路,上半场 4',0-0
可惜挑得很离谱,上半场 4',0-0
于汉超与高拉特的配合没有打成,上半场 5',0-0
中场金英权传球太大，郑智没有拿好,上半场 5',0-0
冯潇霆后场拿球，长传到中场，高拉特回做给保利尼奥再分给左路的邹正,上半场 5',0-0
倒到右路，刘健直传，李建滨抢在罗比尼奥之前将球断下,上半场 6',0-0
李建滨带球出边线,上半场 6',0-0
于汉超交给邹正,上半场 6',0-0
高拉特变向突破被拦截,上半场 6',0-0
莫雷诺分边右路的曹赟定,上半场 6',0-0
曹赟定回传给莫雷诺,上半场 6',0-0
莫雷诺调整到左脚远射，打得比较正，曾诚将球抱住,上半场 7',0-0
郑智分边右路的刘健,上半场 7',0-0
保利尼奥控球，急停，上抢的王寿挺犯规,上半场 7',0-0
郑智将球转移到左路,上半场 7',0-0
邹正起球吊禁区，打在了郑凯木身上出边线,上半场 8',0-0
高拉特背身一勾，熊飞抢先将球踢出底线,上半场 8',0-0
恒大淘宝左路的角球机会,上半场 8',0-0
罗比尼奥角球旋门前，耿晓峰单拳将球打出禁区,上半场 8',0-0
耿晓峰长传前场，卡希尔一蹭，莫雷诺盘带被于汉超拦截,上半场 9',0-0
郑龙交给刘健,上半场 9',0-0
刘健送长距离直传被柏嘉骏铲出边线,上半场 9',0-0
保利尼奥控球，交给了金英权,上半场 9',0-0
刘健长传到禁区，帕帕多普洛斯头球解围,上半场 10',0-0
保利尼奥40米外一脚远射，也是打太正了，耿晓峰将球抱住,上半场 10',0-0
莫雷诺带球，恒大双人包夹，刘健绊倒了他,上半场 11',0-0
卡希尔右路得球回传，球被断了,上半场 12',0-0
于汉超交给了刘健,上半场 12',0-0
高拉特拉边拿球，刘健套上连续的配合，高拉特禁区前沿左脚打近角，打嗤了,上半场 12',0-0
罗比尼奥有点不满意,上半场 13',0-0
耿晓峰长传打到登巴巴，登巴巴一端，冯潇霆将球破坏,上半场 13',0-0
保利尼奥将球转移到右路的刘健,上半场 13',0-0
冯潇霆接应，高拉特背身敲给刘健,上半场 13',0-0
郑智得球交给高拉特，罗比尼奥接应,上半场 14',0-0
郑智送到右肋部，于汉超为不到位，传中力量不足，耿晓峰将球抱住,上半场 14',0-0
登巴巴中场护球分右路熊飞,上半场 15',0-0
王寿挺中场转移到左路的柏嘉骏,上半场 15',0-0
登巴巴回中场接应,上半场 15',0-0
登巴巴被郑智绊倒,上半场 16',0-0
曹赟定长传找卡希尔，邹正跳起头球解围,上半场 16',0-0
熊飞掷界外球,上半场 16',0-0
卡希尔后蹭，第二点被金英权大脚解围,上半场 16',0-0
中场罗比尼奥被帕帕多普洛斯背后撞倒,上半场 16',0-0
金英权的横传有不到位，冯潇霆一挑，柏嘉骏断球,上半场 17',0-0
冯潇霆双脚飞铲铲倒了柏嘉骏,上半场 17',0-0
主裁判黄牌警告冯潇霆,上半场 18',0-0
曹赟定长传到禁区，曾诚摘高球脱手,上半场 18',0-0
不过旁边是邹正，邹正开大脚有点踢嗤了,上半场 18',0-0
登巴巴的传球被郑智挡一下,上半场 18',0-0
郑凯木回传给李建滨,上半场 19',0-0
王寿挺得球交给莫雷诺，推进被郑智抢断,上半场 19',0-0
郑龙接应分右路的高拉特,上半场 19',0-0
高拉特外脚背传球过不了柏嘉骏,上半场 19',0-0
这球裁判吹了柏嘉骏犯规,上半场 19',0-0
恒大右路的任意球机会,上半场 19',0-0
郑龙任意球吊向禁区，熊飞顶到第一点出底线,上半场 20',0-0
恒大右路的角球机会,上半场 20',0-0
郑龙送前点，高拉特甩头攻门偏得不少,上半场 20',0-0
于汉超左路护球转移到左路,上半场 22',0-0
郑智中路的挑传过不了李建滨,上半场 22',0-0
刘健交给金英权,上半场 23',0-0
高拉特左路交给了邹正回传给金英权,上半场 23',0-0
邹正再接应，卡希尔上抢犯规,上半场 23',0-0
冯潇霆长传上来，李建滨顶到第一点,上半场 23',0-0
高拉特外脚背传球被熊飞断下,上半场 24',0-0
卡希尔右路比较空，传给登巴巴，金英权铲球成功,上半场 24',0-0
于汉超左路来了，交给邹正,上半场 25',0-0
邹正起球传中过不了帕帕多普洛斯,上半场 25',0-0
罗比尼奥中路直传，李建滨转身很快把高拉特挡在身后,上半场 25',0-0
高拉特背后撞人犯规,上半场 25',0-0
罗比尼奥右路来了，李建滨凶狠的上抢将球捅出边线,上半场 26',0-0
李建滨的动作速率明显快于罗比尼奥,上半场 26',0-0
罗比尼奥右路来了，下底被帕帕多普洛斯铲留球,上半场 27',0-0
罗比尼奥右路得球兜一记弧线，帕帕多普洛斯将球铲开,上半场 28',0-0
郑龙右路护球被李建滨捅出边线,上半场 28',0-0
罗比尼奥右路传到弧顶，保利尼奥停球大了,上半场 28',0-0
保利尼奥分边左路邹正,上半场 29',0-0
登巴巴前场停球回给莫雷诺,上半场 29',0-0
莫雷诺分给曹赟定,上半场 29',0-0
回传给帕帕多普洛斯，郑凯木过渡一脚,上半场 29',0-0
冯潇霆压过半场,上半场 30',0-0
罗比尼奥拿球，郑龙接应也没有什么机会,上半场 30',0-0
登巴巴中场积极的防守，不过这下犯规了,上半场 31',0-0
罗比尼奥回一中场搓传禁区，保利尼奥越位,上半场 31',0-0
熊飞长传找登巴巴，登巴巴胸部停球下来，裁判吹了登巴巴犯规,上半场 31',0-0
登巴巴在卡位置时有点扛开金英权,上半场 31',0-0
于汉超左路的硬闯，熊飞阻挡犯规,上半场 32',0-0
恒大左路的任意球机会,上半场 33',0-0
郑龙传中，帕帕多普洛斯头球解围,上半场 33',0-0
郑龙禁区右侧得球一顺，高拉特接应传中过不了李建滨,上半场 34',0-0
恒大右路的角球机会,上半场 34',0-0
郑龙送到后点，耿晓峰将球摘下,上半场 34',0-0
比赛进行了35分钟，恒大控球时间虽稍稍领先但真正有威胁的射门并不多,上半场 35',0-0
柏嘉骏左路直传，登巴巴差一步没有拿到球,上半场 36',0-0
郑龙背身得球转送过顶，帕帕多普洛斯顶到第一点,上半场 36',0-0
再挑传，于汉超禁区内转身已经单刀了，打门被耿晓峰挡出底线,上半场 37',0-0
恒大的角球没有太大的威胁,上半场 37',0-0
莫雷诺左路的直传，曹赟定加速稍慢了一点，球出边线,上半场 37',0-0
罗比尼奥前场停球过大，帕帕多普洛斯开大脚,上半场 38',0-0
登巴巴抬脚过高几乎蹬到了冯潇霆的肩膀！,上半场 39',0-0
主裁判掏出牌子！,上半场 39',0-0
黄色的！,上半场 39',0-0
裁判认为登巴巴还是冲球去,上半场 39',0-0
比赛继续,上半场 40',0-0
郑智交给罗比尼奥,上半场 40',0-0
罗比尼奥挑传，线路偏得比较多,上半场 40',0-0
李建滨抢断,上半场 40',0-0
莫雷诺中场调度登巴巴接应分左路，柏嘉骏交给曹赟定,上半场 41',0-0
登巴巴一对三转身后趟大了,上半场 41',0-0
于汉超左路长传上来，高拉特越位了,上半场 41',0-0
莫雷诺右路内切，高拉特拦截犯规,上半场 42',0-0
莫雷诺挑传禁区，曾诚出击失误，莫雷诺头球蹭进了空门！,上半场 43',0-1
申花在上半场临结束前打开了纪录,上半场 44',0-1
比赛继续,上半场 44',0-1
金英权在控球，邹正直接直传,上半场 44',0-1
帕帕多普洛斯踢出边线,上半场 45',0-1
高拉特右路底线一对二，穿当过人，右手拉人犯规了,上半场 45',0-1
上半场比赛补时2分钟,上半场 46',0-1
罗比尼奥左路传中，李建滨头球顶出底线,上半场 46',0-1
罗比尼奥与郑龙的配合，罗比尼奥占到优势被郑凯木推倒,上半场 47',0-1
郑凯木吃到黄牌,上半场 47',0-1
恒大在对方禁区左边缘的任意球机会,上半场 47',0-1
罗比尼奥的地滚球传球，太慢了，帕帕多普洛斯大脚解围,上半场 48',0-1
上半场比赛结束！,上半场 48',0-1
上海申花凭借莫雷诺的进球，1：0领先进入中场休息,中场,0-1
上半场恒大的进攻确实拿对手没办法,中场,0-1
其他没有创造出有威胁的机会,中场,0-1
而曾诚对高球的判断连续出现问题，终于在第44分钟导致城门失守,中场,0-1
中场休息，斯科拉里又要想想埃尔克森将换下哪位外援了,中场,0-1
好吧，稍事休息，为大家带来下半场的比赛直播,中场,0-1
保利尼奥带球突破,中场,0-1
下半场比赛开始,下半场 1',0-1
埃尔克森已经上场,下半场 1',0-1
禁区右侧小角度吊门击中了横梁，埃尔克森的挑射,下半场 1',0-1
下半场刚开始，恒大连换两人,下半场 1',0-1
黄博文替下于汉超，埃尔克森替下保利尼奥,下半场 1',0-1
高拉特右路挑传，埃尔克森与他配合,下半场 2',0-1
埃尔克森一扣左脚打门被对方挡出,下半场 2',0-1
外围再打得到角球,下半场 2',0-1
郑龙的角球被王寿挺顶到第一点,下半场 3',0-1
郑智中场扣球过人被郑凯木拦截，郑智拉人犯规,下半场 3',0-1
帕帕多普洛斯长传前场，邹正争下来,下半场 3',0-1
罗比尼奥左路逼上梁山球交给高拉特,下半场 3',0-1
高拉特内切被对方拦截，埃尔克森凶狠发反抢过来,下半场 4',0-1
郑智中路直传，帕帕多普洛斯拦截很成功,下半场 4',0-1
莫雷诺在护球，郑智防守犯规,下半场 4',0-1
郑龙的带球,下半场 5',0-1
冯潇霆斜塞过不了郑凯木,下半场 5',0-1
邹正左路直传，埃尔克森回敲，罗比尼奥跟进有点慢,下半场 6',0-1
登巴巴回后场拿球，黄博文马上犯规,下半场 6',0-1
王寿挺因为拖延时间吃到黄牌,下半场 7',0-1
耿晓峰来开后场球，直接踢出边线,下半场 7',0-1
刘健斜长传到左路，邹正停得不好,下半场 7',0-1
郝伟出现在教练席,下半场 7',0-1
李建滨防守犯规,下半场 9',0-1
恒大前场左路的任意球机会,下半场 9',0-1
郑龙送到门前，刘健的头球攻门高出横梁,下半场 9',0-1
莫雷诺前场断球交给登巴巴,下半场 10',0-1
熊飞出来接应传中，冯潇霆将球得到,下半场 10',0-1
莫雷诺倒地不起,下半场 10',0-1
莫雷诺在出球被被邹正踩到了脚面,下半场 11',0-1
德塞利也出现在看台上,下半场 11',0-1
刘健右路一扣左脚传中，耿晓峰奋力将球托出底线,下半场 11',0-1
埃尔克森扳平了比分！！！,下半场 12',1-1
罗比尼奥角球送到前点，刘健前点后蹭，埃尔克森后点近距离打门球进,下半场 13',1-1
黄博文交给高拉特再分右路的郑龙,下半场 14',1-1
郑龙地滚球传门前，李建滨差点将球铲进自家大门,下半场 14',1-1
恒大左路的角球,下半场 14',1-1
这球裁判给的是门球,下半场 14',1-1
登巴巴护好球，莫雷诺分给卡希尔,下半场 15',1-1
熊飞套上边路传中，金英权将球踢出边线,下半场 15',1-1
帕帕多普洛斯长传被刘健得到,下半场 16',1-1
高拉特左路得球，短传不好,下半场 16',1-1
黄博文过顶传球，李建滨争下来,下半场 16',1-1
帕帕多普洛斯解围,下半场 16',1-1
莫雷诺连过两人，曹赟定带球出边线,下半场 16',1-1
高拉特中路强突过了一人过不了第二人，帕帕多普洛斯的解围,下半场 17',1-1
曹赟定的突破被郑智拦截,下半场 17',1-1
黄博文中路的挑传，给大了,下半场 17',1-1
高拉特右路来了，刘健插上,下半场 18',1-1
刘健调整到左脚打门，耿晓峰将球抱住,下半场 18',1-1
耿晓峰今天已经多次开长球直接踢出边线,下半场 18',1-1
罗比尼奥左路面对卡希尔，调整后传门前，高拉特插上垫射可惜打得力量太小了，耿晓峰将球抱住,下半场 19',1-1
埃尔克森右路接应刘健的长传,下半场 19',1-1
刘健右路传中，太高了，熊飞顶出来,下半场 20',1-1
郑凯木中路的传球，登巴巴停球回传大了一点,下半场 21',1-1
莫雷诺禁区内一对三，还是能回做，郑凯木正脚背硬射，球差了一个球的位置偏出右立柱,下半场 21',1-1
申花换人，11号吕征换下了28号曹赟定,下半场 22',1-1
郑智挑传到禁区内，罗比尼奥停下来再调整回做,下半场 22',1-1
埃尔克森迎球打门打了冲天炮,下半场 22',1-1
卡希尔左路想穿当过刘健，没有突过去,下半场 23',1-1
柏嘉骏左路斜吊到右肋部，球先出底线,下半场 23',1-1
黄博文长传左路，熊飞顶出边线,下半场 24',1-1
罗比尼奥挑传没力量,下半场 24',1-1
还是罗比尼奥直传，郑龙得球，中路没人啊,下半场 24',1-1
帕帕多普洛斯防守相当出色将球生生断下,下半场 24',1-1
郑龙绊倒了帕帕多普洛斯,下半场 24',1-1
恒大右路的角球机会,下半场 27',1-1
郑龙角球直接旋向门里，耿晓峰将球挡出底线,下半场 27',1-1
郑龙送前点，刘健一蹭顶到对方身体,下半场 27',1-1
还有机会,下半场 27',1-1
高拉特左路传中，熊飞解围踢到了李建滨身上反弹到门前,下半场 28',1-1
冯潇霆蝎子摆尾挑射击中了门柱,下半场 28',1-1
莫雷诺右路的推进，直传，吕征准备冲起来，冯潇霆位置卡得不错,下半场 29',1-1
申花换人，8号张璐换下了10号莫雷诺,下半场 29',1-1
恒大也换人，35号李学鹏换下了25号邹正,下半场 30',1-1
郑智挑传过不了卡希尔,下半场 30',1-1
卡希尔过顶长传到前场左路，曾诚冲出禁区将球踢出边线,下半场 31',1-1
刘健长传上来,下半场 32',1-1
李建滨与耿晓峰出现误会，耿晓峰本来可以拿球但李建滨却将球踢得不远，高拉特禁区前胸部停球大力低射球进,下半场 32',2-1
耿晓峰可能是没有喊自己要球。。。,下半场 33',2-1
熊飞右路的挑传，李建滨将球踢出边线,下半场 34',2-1
申花换人，18号高迪换下了17号卡希尔,下半场 34',2-1
刘健长传右路，郑智到了禁区内，帕帕多普洛斯一夫当关将球踢出底线,下半场 35',2-1
更正，是郑智自己停球出底线,下半场 35',2-1
罗比尼奥中场控球分右路刘健,下半场 36',2-1
郑龙接应直传交给高拉特,下半场 36',2-1
高拉特圈过了李建滨但帕帕多普洛斯补防还是及时,下半场 36',2-1
郑龙右路护球，迂回到左路的李学鹏,下半场 36',2-1
埃尔克森过来接应，吕征防守犯规,下半场 37',2-1
高拉特中路的突进，帕帕多普洛斯将球开出底线,下半场 37',2-1
恒大右路的角球机会,下半场 37',2-1
郑龙前场争高球对王寿挺犯规,下半场 37',2-1
耿晓峰长传上来，登巴巴争到第一点，是李学鹏扛人犯规,下半场 38',2-1
申花获得一个前场中路偏右的任意球机会,下半场 38',2-1
吕征准备主罚,下半场 39',2-1
吕征打门打在人墙上,下半场 39',2-1
吕征右路下底传中，高迪头球攻门偏了一点,下半场 40',2-1
耿晓峰长传上来，冯潇霆顶到第一点,下半场 41',2-1
郑凯木分给右路的吕征,下半场 41',2-1
王寿挺斜吊禁区，冯潇霆顶到禁区,下半场 41',2-1
郑龙拿球传给高拉特,下半场 41',2-1
高拉特脚后跟的挑球没有踢正部位,下半场 42',2-1
柏嘉骏斜吊右侧，李学鹏与吕征同时出脚，裁判给的是李学鹏犯规,下半场 42',2-1
帕帕多普洛斯扳平了比分,下半场 43',2-2
吕征任意球送后点，帕帕多普洛斯高高跃起头球顶弹地球击中左立柱内侧入网,下半场 43',2-2
帕帕多普洛斯今天除了防守以外也贡献一个进球,下半场 44',2-2
申花获得一个右路的角球机会,下半场 44',2-2
吕征送后点，郑智顶出来,下半场 45',2-2
郑龙长传，给太大了，耿晓峰将球没收,下半场 45',2-2
高拉特内切被郑凯木铲到中场,下半场 45',2-2
下半场比赛补时3分钟,下半场 46',2-2
冯潇霆长传上来,下半场 46',2-2
埃尔克森左脚打门被后卫挡一下，耿晓峰将球没收,下半场 47',2-2
刘健右路直传，罗比尼奥传中，帕帕多普洛斯头球解围,下半场 47',2-2
冯潇霆长传禁区，耿晓峰出击抢在高拉特之前将球扑走,下半场 48',2-2
全场比赛结束！,下半场 48',2-2
广州恒大2：2与上海申花战平！,下半场 48',2-2
全场比赛结束，广州恒大主场被上海申花2：2逼平,完赛,2-2
恒大在进攻上还是打得不流畅，几位外援之间没有产生化合作用,完赛,2-2
申花中场稍处劣势，但外援的水平可以与恒大抗衡，平局也十分合理,完赛,2-2
好了，本场比赛的直播就到这里结束。,完赛,2-2
感谢大家的收看，再见！,完赛,2-2
