各位网友，大家好！欢迎来到新浪体育收看精彩的直播节目！,未赛,0-0
本次节目为您带来的是中超联赛第29轮的一场焦点战，由广州恒大主场迎战山东鲁能！,未赛,0-0
本赛季中超赛程刚一公布时，这场比赛就被提前定为焦点战。,未赛,0-0
双方在实力层面上的比拼确实很具看点，但投入此战的心情截然不同：,未赛,0-0
已在榜首位置建立4分优势的恒大逼近了中超五连冠，周中亚冠恒大也杀入决赛；而鲁能目前排名积分榜第4，周中足协杯也无缘决赛，鲁能面临着连亚冠资格都拿不到的“四大皆空”。,未赛,0-0
上轮客场2-0击败泰达后，恒大连续24轮不败以及客场9连胜均创造了新的队史纪录，本赛季恒大主场6胜8平保持不败，这些情况表明恒大很有可能在本轮提前锁定五连冠。,未赛,0-0
但刚刚打完亚冠半决赛关键战也有可能对恒大的心态形成影响，所谓高强度投入后的心理放松。恒大更将迎来鲁能的全力力拼。,未赛,0-0
鲁能目前落后第3位国安1分，如果剩余两轮鲁能能在积分上追平国安，就可以通过本赛季与国安主客场交锋的“小分”优势拿到第3，从而拿到亚冠资格。,未赛,0-0
因此鲁能必须拼，乌索累计黄牌停赛在理论上对鲁能影响较大。,未赛,0-0
场比赛将在10月25日15：00开球，敬请大家到时留意收看！,未赛,0-0
各位网友，大家下午好！,未赛,0-0
先来看一下双方的首发国际社会,未赛,0-0
首发阵容,未赛,0-0
广州恒大淘宝首发阵容：门将：19-曾诚；后卫：5-张琳芃、6-冯潇霆、28-金英权、35-李学鹏；后腰：10-郑智、48-保利尼奥；攻击型中场：27-郑龙、11-高拉特、56-罗比尼奥；前锋：29-郜林,未赛,0-0
山东鲁能先发阵容：门将：1-王大雷；后卫：22-蒿俊闵、3-戴琳、4-尤西雷、13-张弛；后腰：12-金敬道、15-李微；攻击型中场：11-刘彬彬、8-王永珀、10-蒙蒂略；前锋：21-阿洛伊西奥,未赛,0-0
今天广州天气依然炎热，下午时间现场有30度以上,未赛,0-0
双方球员入场列队,未赛,0-0
下面是奏国歌仪式,未赛,0-0
山东鲁能队身穿白色战袍,未赛,0-0
恒大淘宝是红衣白裤,未赛,0-0
鲁能今天的队长是蒿俊闵，恒大淘宝是郑智,未赛,0-0
本场比赛的主裁判是来自伊朗的阿里扎,未赛,0-0
库卡依然在禁赛期，马宝刚负责鲁能的临场指挥,未赛,0-0
上半场比赛开始了,上半场 1',0-0
上半场比赛由鲁能率先中圈开球,上半场 1',0-0
阿洛伊西奥回中场接应回传,上半场 1',0-0
张弛大脚球，恒大淘宝后场控制,上半场 2',0-0
曾诚长传见高不见远,上半场 2',0-0
郑智控球，罗比尼奥接应一下,上半场 2',0-0
保利尼奥分左路的李学鹏,上半场 2',0-0
李学鹏的推进，王永珀阻挡犯规,上半场 2',0-0
恒大淘宝左路的任意球机会,上半场 2',0-0
罗比尼奥传到前点，王永珀头球顶出底线,上半场 3',0-0
恒大淘宝左路的角球机会,上半场 3',0-0
角球传到禁区外，金敬道头球解围,上半场 3',0-0
鲁能在右路的推进很快，阿洛伊西奥接应被金英权绊倒,上半场 4',0-0
快发任意球，蒿俊闵带球连续变向，最后带球出了底线,上半场 4',0-0
郑智的斜传过不了戴琳,上半场 5',0-0
阿洛伊西奥右路护好球回传给金敬道,上半场 5',0-0
戴琳分左路的尤西雷，蒿俊闵左路下底传中被张琳芃解围,上半场 5',0-0
郜林右路控球，交给了郑智,上半场 6',0-0
高拉特首开纪录！,上半场 6',1-0
郑智中场直传打穿了对方整条防线，高拉特插上形成单刀，大力低射球门左下角球进！,上半场 7',1-0
中场郜林的接应被戴琳撞倒,上半场 7',1-0
金英权交给冯潇霆，长传上来，郜林护好球,上半场 8',1-0
回给郑龙，郜林再接应，对方的防守贴得很紧,上半场 8',1-0
罗比尼奥接应转身，搓传很漂亮，插上的保利尼奥左脚停球不好，球直接出底线,上半场 9',1-0
保利尼奥交给高拉特，回给冯潇霆,上半场 9',1-0
长传找到郜林，没有停好，阿洛伊西奥断球,上半场 9',1-0
高拉特中场断球交给左路的罗比尼奥,上半场 9',1-0
罗比尼奥想穿当过人，没有成功，王永珀将球拿到,上半场 10',1-0
罗比尼奥前场反断，远射被王大雷抱住,上半场 10',1-0
张琳芃右路的上抢成功断球，斜向传球，罗比尼奥越位,上半场 10',1-0
王大雷的长传球，直接飞出底线,上半场 11',1-0
曾诚长传上来，中场绞杀，高拉特犯规了,上半场 11',1-0
尤西雷控球，交给王永珀,上半场 12',1-0
出球慢了，差点被断,上半场 12',1-0
戴琳长传前场右路，阿洛伊西奥越位,上半场 12',1-0
郑智分给张琳芃,上半场 12',1-0
张琳芃的传球，郑龙脚后跟传给郑智,上半场 12',1-0
金英权拿球，交给冯潇霆再交给张琳芃,上半场 13',1-0
罗比尼奥回接，交左路的空档,上半场 13',1-0
李学鹏压上有点慢了,上半场 13',1-0
李学鹏交给高拉特，高拉特回传短了，李微断球被保利尼奥拉倒,上半场 13',1-0
张弛的直传被郑龙拦截出边线,上半场 14',1-0
蒿俊闵交给右路,上半场 14',1-0
推进不是很顺畅,上半场 14',1-0
戴琳长传左路，张琳芃顶到第一点,上半场 14',1-0
罗比尼奥的斜传，郑龙直传，传得稍大一点,上半场 15',1-0
中场还是恒大淘宝的控球，郜林背身接应被断,上半场 15',1-0
蒿俊闵右路的突进，保利尼奥回追将球铲出底线,上半场 16',1-0
蒙蒂略角球传前点，郜林头球解围,上半场 16',1-0
刘彬彬左路得球，内切直传，阿洛伊西奥停球转身左脚打门偏出,上半场 17',1-0
高拉特庆祝进球,上半场 17',1-0
王永珀的推进被冯潇霆踢倒,上半场 18',1-0
冯潇霆被黄牌警告！,上半场 18',1-0
尤西雷控球交给王永珀,上半场 19',1-0
回传后场,上半场 19',1-0
蒿俊闵交给左路的王永珀,上半场 19',1-0
李微的斜传，冯潇霆一脚随意的回传，曾诚反应不及，还好球只是出了底线,上半场 19',1-0
鲁能左路的角球机会,上半场 19',1-0
蒙蒂略传到后点，李学鹏安全起见将球点出底线,上半场 20',1-0
鲁能右路的角球机会,上半场 20',1-0
王永珀传中，金英权顶出来,上半场 20',1-0
张弛推倒了罗比尼奥,上半场 20',1-0
保利尼奥张琳芃携爱子登场,上半场 20',1-0
蒙蒂略交给阿洛伊西奥转移到右路的王永珀,上半场 21',1-0
金敬道上来接应带丢了,上半场 21',1-0
郑智的过顶传球，传得不好，王大雷将球控制,上半场 21',1-0
张琳芃直传，张弛拦截了一下,上半场 22',1-0
刘彬彬接应被保利尼奥撞倒,上半场 22',1-0
更正一下是张琳芃的犯规,上半场 22',1-0
张琳芃吃到黄牌,上半场 23',1-0
斯科拉里有点紧张了，因为后卫线已经两人吃到黄牌,上半场 23',1-0
蒙蒂略右路的传球被李学鹏断下,上半场 23',1-0
冯潇霆直传，戴琳抢前断球,上半场 23',1-0
蒿俊闵要球交给金敬道,上半场 24',1-0
李微挑传，力量给大了，曾诚将球没收,上半场 24',1-0
曾诚长传上来，郜林争顶时犯规,上半场 24',1-0
尤西雷长传上来，刘彬彬敲回来,上半场 24',1-0
连续的倒脚到了右路，蒙蒂略控球不错,上半场 25',1-0
蒿俊闵直传，阿洛伊西奥回做，蒙蒂略的硬射被曾诚扑出,上半场 25',1-0
李微斜传到禁区内，阿洛伊西奥回敲，王永珀插上接应，郑智回防到位将球捅出底线,上半场 25',1-0
这段时间鲁能的进攻越来越有气势,上半场 26',1-0
鲁能这边戴琳争顶后落后摔伤了,上半场 26',1-0
比赛继续,上半场 27',1-0
刘彬彬的内切，郑龙犯规,上半场 27',1-0
刘彬彬拉边接应传中被回防的郜林伸腿挡出边线,上半场 27',1-0
斯科拉里站到场边不断叫喊,上半场 27',1-0
恒大淘宝反击，李学鹏直传,上半场 27',1-0
高拉特盘过了戴琳横传，罗比尼奥的速度处于劣势,上半场 28',1-0
蒙蒂略的中场盘带被郑智绊倒,上半场 28',1-0
鲁能连续有机会,上半场 28',1-0
蒙蒂略挑传禁区，阿洛伊西奥小角度打门被曾诚挡出,上半场 29',1-0
外围蒿俊闵远射打在后卫身上出底线,上半场 29',1-0
蒙蒂略传到门前，裁判吹了尤西雷争顶犯规,上半场 29',1-0
罗比尼奥的打门打飞了,上半场 30',1-0
而且也是越位在先,上半场 30',1-0
王大雷的长传球，金英权解围,上半场 31',1-0
高拉特的接应被李微凶狠铲倒,上半场 31',1-0
李微吃到黄牌！,上半场 31',1-0
高拉特的直传，郜林禁区右侧小角度打门被王大雷倒地扑了一下,上半场 32',1-0
后点罗比尼奥小角度补射击中了边网,上半场 33',1-0
冯潇霆高吊禁区，王大雷出击将球没收,上半场 33',1-0
蒙蒂略直传到禁区，刘彬彬插上打门被后卫挡出底线,上半场 34',1-0
蒙蒂略角球发到门前，双方都顶空了,上半场 34',1-0
张弛传中，太低了被解围,上半场 35',1-0
张琳芃的挑传，被蒿俊闵断下,上半场 35',1-0
蒙蒂略挑传，也是没有过顶,上半场 36',1-0
鲁能反击，空档比较大,上半场 36',1-0
阿洛伊西奥带球间斜向挑传，王永珀跟进打门打嗤了，球飞出底线,上半场 37',1-0
刘彬彬左路的直传，王永珀接应被保利尼奥绊倒,上半场 37',1-0
刘彬彬的远射，打飞了,上半场 38',1-0
这是蒙蒂略远射,上半场 38',1-0
恒大淘宝还是非常补动，斯科拉里也是不断摇头,上半场 38',1-0
尤西雷推到了郜林,上半场 39',1-0
郑智中路带球斜传给李学鹏,上半场 40',1-0
李学鹏扣过金敬道右脚打门击中了戴琳,上半场 40',1-0
高拉特中路的挑传，郑龙的头球回传，没有队友跟上,上半场 41',1-0
张琳芃的带球突进被蒿俊闵绊倒,上半场 42',1-0
恒大淘宝获得一个中路偏右的任意球机会,上半场 42',1-0
保利尼奥的远射，还是偏出一点,上半场 42',1-0
罗比尼奥首发,上半场 42',1-0
刘彬彬左路内切传中，球传得稍高了一点，否则阿洛伊西奥可以近距离头球攻门了,上半场 44',1-0
罗比尼奥右路比较空，内切打门被戴琳用脚挡住,上半场 45',1-0
蒙蒂略快速带球上来，交给阿洛伊西奥没有停好，冯潇霆断球,上半场 45',1-0
上半场补时1分钟,上半场 45',1-0
王永珀的传中被金英权顶出禁区,上半场 46',1-0
上半场比赛结束！,上半场 46',1-0
凭借高拉特在6分钟的进球暂时1：0领先,中场,1-0
不过领先后恒大淘宝并没有将场上形势控制得很好,中场,1-0
鲁能的机会不少只是没有把握住,中场,1-0
稍事休息，为大家带来下半场的比赛直播,中场,1-0
另一场争冠关键战，上港44分钟开纪录暂时1：0领先长春亚泰！,中场,1-0
恒大淘宝在下半场开始之前由16号黄博文换下56号罗比尼奥,中场,1-0
下半场比赛开始了,下半场 1',1-0
下半场比赛由恒大淘宝中圈开球,下半场 1',1-0
王大雷大脚开上来,下半场 1',1-0
双方争下来，郜林去追球，越位了,下半场 2',1-0
张弛左路助攻上来，直传，王永珀传中被冯潇霆拦截出底线,下半场 2',1-0
鲁能左路的角球,下半场 2',1-0
蒙蒂略传中被郜林顶出禁区,下半场 2',1-0
郑智补上一脚解围出边线,下半场 2',1-0
金敬道后场长传到右肋部，阿洛伊西奥接应到下底传中被金英权将球拦截出底线,下半场 3',1-0
蒙蒂略传到后点，冯潇霆将球顶出外围,下半场 4',1-0
恒大淘宝反击,下半场 4',1-0
黄博文反插上快要单刀了，扣球过人被王大雷拦截,下半场 5',1-0
高拉特的吊门力量小了,下半场 5',1-0
恒大淘宝还有机会，高拉特带球进了禁区推射远角被王大雷伸脚挡出,下半场 5',1-0
郜林右路拿球横带后左脚远射，球擦着立柱飞出底线,下半场 5',1-0
王永珀长传上来，金英权被阿洛伊西奥撞倒,下半场 7',1-0
冯潇霆长传上来，戴琳与尤西雷关门将球断下,下半场 7',1-0
另一场比赛，天津泰达主场1：0领先北京国安,下半场 8',1-0
高拉特的挑传，黄博文没有挤过去,下半场 8',1-0
金敬道带球上来，分边球传出边线,下半场 9',1-0
金敬道右路传球送到郑智脚下,下半场 9',1-0
金敬道防守犯规,下半场 10',1-0
恒大淘宝左路的任意球机会,下半场 10',1-0
李学鹏加速下底，球被金敬道与王永珀合力抢下,下半场 10',1-0
恒大淘宝中路连续的配合，保利尼奥左肋部下底传中，黄博文后点凌空抽射击中了戴琳的身体,下半场 11',1-0
恒大淘宝超级黄金机会，高拉特禁区右边缘传中，前点大家都漏了，后点郜林面对空门居然打偏了,下半场 12',1-0
鲁能有球员在禁区内倒地,下半场 12',1-0
裁判没有吹,下半场 12',1-0
恒大淘宝球迷吓出一身冷汗,下半场 12',1-0
刚才是阿洛伊西奥禁区内一对四后突然倒地,下半场 13',1-0
山东鲁能换人，14号王彤换下了15号李微,下半场 13',1-0
库卡无耐看台观战,下半场 13',1-0
鲁能后场倒脚,下半场 14',1-0
蒿俊闵长传到禁区，刘彬彬停球被张琳芃先撩了一下,下半场 14',1-0
慢镜来看阿洛伊西奥在禁区内倒地一下与李学鹏有接触,下半场 15',1-0
先看一下鲁能这个任意球机会，偏向左边,下半场 15',1-0
蒙蒂略任意球打进了球门左下角！,下半场 15',1-1
1：1，冠军的悬念再次出现,下半场 16',1-1
因为另一场比赛上港已经1：0领先,下半场 16',1-1
埃尔克森迅速被换上场,下半场 16',1-1
李学鹏交给高拉特,下半场 16',1-1
与埃尔克森做二过一，传大了,下半场 17',1-1
埃尔克森换下的是郜林,下半场 17',1-1
刘彬彬左路这里很空，传中球一轮混战，冯潇霆解围,下半场 18',1-1
蒿俊闵右肋部的下底传中被金英权挡出,下半场 18',1-1
王永珀右路的连连路传中被冯潇霆顶出边线,下半场 18',1-1
王永珀边路的抹球被拦截出底线,下半场 18',1-1
鲁能右路的角球机会,下半场 18',1-1
蒙蒂略战术角球，金敬道再吊禁区，曾诚将球控制,下半场 19',1-1
曾诚大脚开上来,下半场 19',1-1
郑龙左路边线回传,下半场 20',1-1
恒大淘宝右路的进攻，鲁能球员有手球,下半场 20',1-1
高拉特强行下底传中打在张弛身上出底线,下半场 20',1-1
郑龙传中，埃尔克森头球点下来，冯潇霆跟进左脚打空了，可惜,下半场 21',1-1
上海上港已经2：0领先长春亚泰！,下半场 22',1-1
金英权后场护球被刘彬彬撞倒,下半场 22',1-1
刘彬彬今天表现相当出彩,下半场 22',1-1
黄博文右路控球，交给高拉特,下半场 22',1-1
小范围的配合没有突过去,下半场 22',1-1
张弛长传上来，冯潇霆回传给曾诚,下半场 23',1-1
埃尔克森背身接应转身抹到底线下底传中打在后卫身上出底线,下半场 23',1-1
郑龙旋前点，王大雷将球打出禁区,下半场 24',1-1
埃尔克森左路来了，内切打门打得比较正，王大雷将球没收,下半场 24',1-1
阿洛伊西奥背身拿球转身直传，曾诚将球没收,下半场 24',1-1
黄博文右路的直传给太靠前了,下半场 25',1-1
恒大淘宝打进了禁区，李学鹏左路的直传，郑龙护球回传打在金敬道身上出边线,下半场 26',1-1
埃尔克森急停，保利尼奥打门打在后卫身上,下半场 26',1-1
恒大淘宝中场断球,下半场 27',1-1
保利尼奥的突进戴琳铲到球并铲飞,下半场 27',1-1
没有犯规,下半场 27',1-1
戴琳飞铲埃尔克森犯规,下半场 27',1-1
下半场进行到30分钟,下半场 31',1-1
刘彬彬带球进了禁区打门被张琳芃挡出,下半场 31',1-1
埃尔克森带球进了禁区扣球有点磕碰，再一扣右脚劲射，破网！,下半场 31',2-1
高拉特右路斜塞，埃尔克森扣过了王彤，左脚再扣，然后右脚小角度打门球进,下半场 32',2-1
比赛还有15分钟,下半场 33',2-1
埃尔克森右路停球交给高拉特,下半场 33',2-1
高拉特对脚后进了禁区，尤西雷补过来将球拦截,下半场 33',2-1
鲁能用19号杨旭换下了11号刘彬彬,下半场 34',2-1
金英权长传，中场的纠缠,下半场 34',2-1
主裁判阿里扎走到场边警告斯科拉里,下半场 35',2-1
蒙蒂略的传中，冯潇霆顶到第一点,下半场 35',2-1
李学鹏连续两下的断球,下半场 35',2-1
高拉特带球，一对四，加速推进急停被蒿俊闵断下,下半场 36',2-1
保利尼奥上抢成功，大步流星推进交给埃尔克森,下半场 36',2-1
埃尔克森左脚远射偏出左边立柱,下半场 36',2-1
郑智顶到第一点,下半场 37',2-1
黄博文右路的回传力量小了，张琳芃迟来的起脚踢倒了蒙蒂略,下半场 37',2-1
张琳芃吃到第二张黄牌变红牌被罚下,下半场 37',2-1
张琳芃无耐从远端边线走下场,下半场 38',2-1
蒙蒂略的任意球发得比较低，黄博文的解围,下半场 38',2-1
王彤控球，斜传左路，球直接飞出边线,下半场 39',2-1
保利尼奥站到了右后卫的位置,下半场 39',2-1
恒大淘宝换人，17号刘健换下了27号郑龙,下半场 39',2-1
鲁能换人，18号韩鹏换下12号金敬道,下半场 40',2-1
王永珀右路的斜吊禁区，曾诚将球摘下,下半场 41',2-1
蒙蒂略中路的传球被金英权拦截,下半场 41',2-1
金英权带球上前被阿洛伊西奥拉倒,下半场 41',2-1
李学鹏左路直传，被蒿俊闵断下,下半场 42',2-1
李学鹏反抢将球踢出边线,下半场 42',2-1
10人应战，恒大淘宝还是非常吃力,下半场 42',2-1
尤西雷长传左路的张弛,下半场 43',2-1
张弛的传中似乎是一脚吊门，曾诚也起跳，球还是高了一点,下半场 43',2-1
曾诚落地时脚撞到门柱,下半场 43',2-1
恒大淘宝已经用完3个换人名额,下半场 43',2-1
比赛恢复,下半场 45',2-1
蒙蒂略的斜传被刘健将球踢走,下半场 45',2-1
蒙蒂略的吊禁区，韩鹏控球回传被李学鹏顶出,下半场 45',2-1
戴琳的远射打在李学鹏身上,下半场 46',2-1
鲁能再分边，阿洛伊西奥越位,下半场 46',2-1
下半场补时5分钟,下半场 46',2-1
曾诚大脚开上来，被戴琳顶到中场,下半场 46',2-1
金英权交给李学鹏,下半场 46',2-1
李学鹏直传给大了，王彤将球踢到中场,下半场 47',2-1
黄博文中路防守捅一脚,下半场 47',2-1
尤西雷长传上来，曾诚的控制范围,下半场 47',2-1
刘健右路控球交给高拉特,下半场 47',2-1
黄博文接应盘带带丢了,下半场 47',2-1
尤西雷带球过了半场，交给王永珀,下半场 47',2-1
尤西雷的分边球被刘健顶出边线,下半场 48',2-1
尤西雷分右路蒿俊闵,下半场 48',2-1
过人失败但球落在蒙蒂略脚下,下半场 48',2-1
蒙蒂略的打门曾诚抱得很稳,下半场 48',2-1
王大雷也带球压上，长传找韩鹏,下半场 48',2-1
韩鹏点下来，杨旭一撩打到了金英权的头,下半场 49',2-1
保利尼奥长传上来，王大雷停球开大脚出了边线,下半场 49',2-1
王大雷长传上来,下半场 50',2-1
鲁能将球打进,下半场 50',2-1
主裁判认为进球有效！,下半场 50',2-2
阿洛伊西奥左路的传中全部漏了，蒙蒂略的传中，门线上的王永珀将球打进,下半场 51',2-2
2：2,下半场 51',2-2
不过这球王永珀有很大的越位嫌疑,下半场 51',2-2
刘健的传中，埃尔克森头球顶在横梁上,下半场 51',2-2
全场比赛结束！,下半场 52',2-2
全场比赛结束！,完赛,2-2
广州恒大淘宝与山东鲁能打成2：2平,完赛,2-2
这样冠军的悬念留到最后一轮才能解开！,完赛,2-2
而第三名的争夺，鲁能积分追平国安因对赛往绩优势排到第三位,完赛,2-2
最后一轮，恒大淘宝将客场挑战北京国安！,完赛,2-2
蒙蒂略扳平了比分,完赛,2-2
好了，本场比赛的直播就到这里结束。,完赛,2-2
感谢大家的收看，再见！,完赛,2-2
