大家好，欢迎收看新浪体育为您带来的欧冠F小组第5轮 拜仁慕尼黑VS奥林匹亚科斯,未赛,0-0
目前欧冠F组的积分形势：拜仁9分、奥林匹亚科斯9分、阿森纳3分、萨格勒布迪纳摩3分,未赛,0-0
也就是说若拜仁和奥林匹亚科斯打平、双双积到10分的话，两队将携手出线,未赛,0-0
若拜仁拿下希腊冠军、阿森纳拿下克罗地亚冠军，则拜仁提前锁定本组头名,未赛,0-0
无论从德希两队的交锋历史看，还是从拜仁欧冠主场战绩看，奥林匹亚科斯客胜拜仁的几率均微乎其微,未赛,0-0
欧冠改制后，拜仁出战希腊球队的战绩为6胜2平保持不败，而拜仁主场已8连胜,未赛,0-0
阿拉巴伤停可能无法出战，再加上马丁内斯在上周末全力出战沙尔克，此役瓜迪奥拉很可能在防线左侧祭出贝纳蒂亚+拉菲尼亚组合,未赛,0-0
目前两队首发阵容已经公布,未赛,0-0
拜仁首发：1-诺伊尔/13-拉菲尼亚、28-巴德斯图贝尔、17-博阿滕、21-拉姆/23-比达尔/10-罗本、29-科曼、25-托马斯-穆勒、11-道格拉斯-科斯塔/9-莱万多夫斯基,未赛,0-0
奥林匹亚科斯首发：16-罗贝托/14-阿卜杜勒拉维、6-达科斯塔、23-西奥瓦斯、26-马苏亚库/5-米利沃耶维奇、11-卡萨米、91-坎比亚索、92-赛巴、90-帕尔多/99-伊德耶-布朗,未赛,0-0
让我们来到比赛现场,未赛,0-0
双方球员已经入场,未赛,0-0
双方队长进行挑边,未赛,0-0
上半场比赛开始！,上半场 1',0-0
首先开球的是拜仁,上半场 1',0-0
巴德斯图贝尔中场拿球回敲,上半场 1',0-0
奥林匹亚科斯今天身穿蓝色的比赛队服,上半场 1',0-0
奥林匹亚科斯长传打身后,上半场 1',0-0
诺伊尔出击将球先拿到,上半场 1',0-0
拜仁中场转移给到左路,上半场 2',0-0
科曼停球后将球转移,上半场 2',0-0
拜仁右路突破到底线被对方留了下来,上半场 2',0-0
拜仁斜传球送到底线,上半场 2',0-0
罗本跟进先被对方破坏,上半场 2',0-0
比达尔拿球在分右路,上半场 3',0-0
罗本右路人球分过，但球先出了底线,上半场 3',0-0
罗本挑传送禁区,上半场 4',0-0
莱万多夫斯基禁区内停球回做,上半场 5',0-0
但边裁这边先举旗示意越位了,上半场 5',0-0
科曼边路对角，给了奥林匹亚科斯后场球,上半场 5',0-0
比赛开始后，两队的节奏并不快,上半场 6',0-0
科曼左路拿球，没有传出去,上半场 6',0-0
阿卜杜勒拉维右路助攻上来,上半场 7',0-0
横敲给到了禁区内,上半场 7',0-0
赛巴的停球没有停好,上半场 7',0-0
本场比赛，对于两队来说打平就是出线,上半场 7',0-0
都想先求稳,上半场 7',0-0
拜仁左路底线回敲,上半场 8',0-0
这球并没有送好,上半场 8',0-0
拜仁进球了！！！,上半场 8',1-0
1-0！！,上半场 8',1-0
道格拉斯-科斯塔！！,上半场 8',1-0
博阿滕禁区外围远射，罗贝托扑球后并没有打远，道格拉斯-科斯塔反应很快，及时跟进推射远角，球蹭着立柱内侧入网！,上半场 10',1-0
拜仁如果拿下比赛后提前锁定小组第一,上半场 10',1-0
奥林匹亚科斯挑传打到前场,上半场 10',1-0
诺伊尔出击先将球解围出边线,上半场 11',1-0
拜仁中场大范围转移给到罗本,上半场 12',1-0
罗本拿球后横向走,上半场 12',1-0
直接分球给到穆勒,上半场 12',1-0
穆勒外围突然打一脚，球碰到后卫后蹭着立柱出了底线！！,上半场 12',1-0
拜仁的角球机会,上半场 12',1-0
角球送前点，落点并不好,上半场 12',1-0
拜仁右路再传禁区,上半场 13',1-0
后卫的解围也是踢疵了,上半场 13',1-0
但并没有给拜仁进攻的机会,上半场 13',1-0
比达尔中场拿球给到右路,上半场 14',1-0
拜仁大范围转移给到左路,上半场 14',1-0
科曼挑传送后点,上半场 14',1-0
这球也是传过了,上半场 14',1-0
罗本右路突破,上半场 15',1-0
奥林匹亚科斯后卫及时出脚先破坏,上半场 15',1-0
拜仁中场拿球横向转移,上半场 16',1-0
2-0！！！,上半场 16',2-0
莱万多夫斯基！！,上半场 16',2-0
科曼前场拿球横向突破后远射，球打在莱万多夫斯基腿上直接停了下来，莱万多夫斯基稍作调整到禁区内，冷静推射将球打进！！,上半场 17',2-0
这球莱万多夫斯基并不越位,上半场 17',2-0
帕尔多右路起球被挡,上半场 17',2-0
现在的形势需要奥林匹亚科斯做积极调整,上半场 19',2-0
科斯塔前场拿球给到左路,上半场 19',2-0
科曼边路拿球，在寻找机会,上半场 20',2-0
拜仁将球转移到了右路,上半场 20',2-0
3-0！！！,上半场 20',3-0
托马斯-穆勒！！,上半场 20',3-0
拜仁右路起球送后点，科曼后点想打一脚凌空，结果没有吃准部位变了助攻，罗本底线及时跟进将球回敲到中路，托马斯-穆勒推射将球打进！,上半场 21',3-0
本场比赛又会是一场屠杀吗？,上半场 21',3-0
上半场才打了20分钟，拜仁就已经三球领先了,上半场 22',3-0
而拜仁今天打得很轻松,上半场 22',3-0
穆勒底线护球，没有机会,上半场 22',3-0
奥林匹亚科斯双人包夹将球先破坏,上半场 22',3-0
拉菲尼亚后场拿球回敲,上半场 24',3-0
拜仁前场又是策动攻势,上半场 24',3-0
科斯塔前场传球给到莱万多夫斯基脚下,上半场 25',3-0
莱万多夫斯基停球停了一个半高球,上半场 25',3-0
面对出击的门将推射，球稍稍打偏,上半场 25',3-0
这球也是非常的危险啊,上半场 25',3-0
奥林匹亚科斯这边的攻势并没有什么起色,上半场 29',3-0
拜仁中场拿球打身后,上半场 29',3-0
这球队友并没有去跑,上半场 29',3-0
拜仁前场拿球也是并不着急,上半场 30',3-0
博阿滕将球给到边路,上半场 30',3-0
道格拉斯-科斯塔边路想做撞墙被阻挡,上半场 31',3-0
裁判给了拜仁前场任意球,上半场 31',3-0
拜仁这边要准备换人,上半场 31',3-0
基米希准备要登场,上半场 31',3-0
科曼带球到底线将球回敲,上半场 32',3-0
拜仁在将球转移,上半场 32',3-0
这球先被对方识破,上半场 32',3-0
伊德耶-布朗前场拿球没有过去,上半场 32',3-0
拉姆拿球直接踢出边线,上半场 33',3-0
罗本是出现了受伤,上半场 33',3-0
拜仁换人，罗本下，基米希上！,上半场 33',3-0
比达尔禁区前沿有机会,上半场 34',3-0
但是选择了将球回敲,上半场 34',3-0
拜仁前场断球,上半场 34',3-0
右路的传球被后卫先挡出,上半场 34',3-0
比达尔禁区外围远射将球打偏,上半场 34',3-0
科曼现在换到了右路,上半场 35',3-0
拜仁右路低平球传球被后卫先挡了一下,上半场 36',3-0
拜仁禁区内还有二次进攻,上半场 36',3-0
科曼的低射又是被后卫碰了一下出了底线,上半场 36',3-0
拜仁的角球机会,上半场 36',3-0
角球送后点，没有什么威胁,上半场 36',3-0
拜仁这边转移的时候出现失误,上半场 36',3-0
拜仁前场右路突破到底线,上半场 40',3-0
低平球送到禁区里,上半场 40',3-0
队友前点先将球碰了一下,上半场 40',3-0
又是险些形成攻门,上半场 40',3-0
比达尔前场断抢下来,上半场 42',3-0
左路的传球，没有形成威胁,上半场 42',3-0
伊德耶-布朗前场断球给到赛巴,上半场 43',3-0
博阿滕无奈之下只能防守犯规,上半场 43',3-0
博阿滕得到一张黄牌,上半场 43',3-0
这球裁判的哨子稍微有些晚,上半场 43',3-0
奥林匹亚科斯禁区前沿获得位置极佳的任意球,上半场 43',3-0
任意球直接打门打外线,上半场 44',3-0
诺伊尔做出了判断，但是还是先偏了,上半场 44',3-0
上半场有1分钟的补时,上半场 46',3-0
科曼右路下底送后点,上半场 46',3-0
这球传的稍稍大了一点点,上半场 47',3-0
上半场比赛结束！,中场,3-0
经过45分钟的激战，拜仁主场3-0暂时领先奥林匹亚科斯,中场,3-0
上半场比赛，拜仁占据了场上的优势，奥林匹亚科斯这边并没有什么机会,中场,3-0
而拜仁也是通过自己的表现让自己在前20分钟内就打进3球,中场,3-0
而罗本也是意外受伤，为了保险起见被换了下去,中场,3-0
让我们稍事休息，一会儿为您带来双方下半场的比赛,中场,3-0
让我们回到比赛现场,中场,3-0
双方球员已经回到场上,中场,3-0
下半场比赛马上开始,中场,3-0
下半场比赛开始！,下半场 1',3-0
下半场比赛由奥林匹亚科斯开球,下半场 1',3-0
科曼右路带球突破,下半场 2',3-0
强突到禁区边缘被对方放倒,下半场 2',3-0
拜仁右路禁区边缘的任意球机会,下半场 2',3-0
比达尔任意球给到了大禁区前沿,下半场 3',3-0
队友接球直接打门，球被后卫挡了出去,下半场 3',3-0
拜仁前场挑传送身后,下半场 3',3-0
莱万多夫斯基接球后先越位了,下半场 4',3-0
拜仁前场接球又一次落入到越位里面,下半场 5',3-0
奥林匹亚科斯下半场也是有意的往前推,下半场 5',3-0
拜仁前场搓身后，没有传过去,下半场 6',3-0
拜仁边路在进攻，又是越位了,下半场 6',3-0
拜仁中场控球,下半场 7',3-0
拜仁也是还是要将球控在脚下,下半场 7',3-0
奥林匹亚科斯长传打身后,下半场 8',3-0
巴德斯图贝尔为了干扰对方的进攻也是拉人犯规,下半场 8',3-0
巴德斯图贝尔红牌！！,下半场 8',3-0
拉倒了伊德耶-布朗,下半场 8',3-0
奥林匹亚科斯禁区弧顶内的任意球机会,下半场 9',3-0
红牌争议不大,下半场 9',3-0
看看奥林匹亚科斯的任意球吧,下半场 9',3-0
距离上有些近,下半场 9',3-0
坎比亚索一踩，马苏亚库跟进打门,下半场 10',3-0
球被人墙挡了出去,下半场 10',3-0
奥林匹亚科斯角球机会,下半场 10',3-0
角球打一个战术，威胁不大,下半场 10',3-0
奥林匹亚科斯前场在组织,下半场 10',3-0
伊德耶-布朗的推进没有过去,下半场 10',3-0
拜仁现在场上少一个人,下半场 10',3-0
拜仁这边马上做出调整，莱万多夫斯基下， 贝纳蒂亚上！,下半场 11',3-0
拜仁前场送直塞被双人包夹,下半场 12',3-0
基米希为拜仁前场赢得一个任意球,下半场 12',3-0
任意球直接打门了,下半场 13',3-0
科斯塔直接打了一个近门柱,下半场 13',3-0
这球还是颇具威胁的,下半场 13',3-0
拜仁这边中场又是断球了,下半场 14',3-0
科斯塔这边形成单刀,下半场 14',3-0
禁区内想打一个敲的，这球被罗贝托拦截下来,下半场 14',3-0
马苏亚库左路面对两人的防守过去了,下半场 15',3-0
禁区内低平球送中路,下半场 15',3-0
队友停球后直接打近角将球打高,下半场 15',3-0
奥林匹亚科斯传球到了禁区里,下半场 17',3-0
诺伊尔将球先得到,下半场 17',3-0
诺伊尔球发出来,下半场 17',3-0
阿卜杜勒拉维撞倒了诺伊尔,下半场 17',3-0
这球裁判也是警告了一下阿卜杜勒拉维,下半场 18',3-0
穆勒拿球被米利沃耶维奇拉了一把,下半场 19',3-0
米利沃耶维奇得到一张黄牌！,下半场 19',3-0
拜仁在被罚下一人后，攻势上依旧没有减弱,下半场 20',3-0
拜仁前场拿球给到右路,下半场 21',3-0
科曼停球稍微稳一下,下半场 21',3-0
奥林匹亚科斯这边要准备换人呢,下半场 21',3-0
帕尔多和卡萨米被换下,下半场 23',3-0
福图尼斯和埃尔纳尼换上,下半场 23',3-0
福图尼斯传球给到伊德耶-布朗,下半场 24',3-0
伊德耶-布朗禁区内拿球没有领好,下半场 24',3-0
4-0！！,下半场 25',4-0
科曼！！,下半场 25',4-0
科曼也是被撞了一下,下半场 25',4-0
拉姆挑传送禁区，穆勒头球摆渡下来，科曼及时跟进抢在罗贝托之前先将球打进球门！,下半场 26',4-0
罗贝托出击准备打球的时候在下落的是正好打在了科曼的脸上,下半场 27',4-0
拜仁换人，道格拉斯-科斯塔下，哈维-马丁内斯上！,下半场 27',4-0
拜仁拿下比赛已经没有悬念了,下半场 27',4-0
拜仁这边又获得一个角球机会,下半场 28',4-0
战术角球开出,下半场 28',4-0
边路起球送中路，队友头球攻门没有顶到,下半场 29',4-0
下半场也打了30分钟了，奥林匹亚科斯这边还没有什么攻势,下半场 32',4-0
拜仁也是通过换人也是要将球控在脚下,下半场 32',4-0
奥林匹亚科斯再次换人，阿卜杜勒拉维下，萨林诺上！,下半场 33',4-0
这段时间，场上稍微有些沉闷,下半场 36',4-0
奥林匹亚科斯传球直接送出了底线,下半场 38',4-0
拜仁这边就是想稳住防守了,下半场 38',4-0
进攻基本上是已经放弃了,下半场 38',4-0
奥林匹亚科斯这边获得角球机会,下半场 39',4-0
角球送前点被拜仁顶出,下半场 39',4-0
科曼左路强突对手,下半场 41',4-0
带球到了禁区内后停球摆脱,下半场 41',4-0
挑传送中路，穆勒的打门没有力量,下半场 41',4-0
罗贝托将球拿到,下半场 41',4-0
基米希这边禁区内有机会,下半场 41',4-0
罗贝托已经出击了,下半场 42',4-0
基米希挑射还是被罗贝托挡了下来,下半场 42',4-0
拜仁中场挑传打身后,下半场 44',4-0
穆勒前插的时候先越位了,下半场 44',4-0
福图尼斯禁区弧顶挑传,下半场 46',4-0
这球给到了队友的身后,下半场 46',4-0
下半场补时2分钟！,下半场 46',4-0
奥林匹亚科斯也是想扳回一个,下半场 46',4-0
坎比亚索前场拿球给到边路,下半场 46',4-0
埃尔纳尼这边带球自己失误了,下半场 47',4-0
穆勒这边有单刀的机会,下半场 47',4-0
禁区内面对后卫的干扰打近角，击中立柱外侧出了底线！！,下半场 47',4-0
拜仁的反击也是相当犀利,下半场 47',4-0
全场比赛结束！,完赛,4-0
最终拜仁慕尼黑主场4-0击败了奥林匹亚科斯,完赛,4-0
下半场比赛巴德斯图贝尔被红牌罚出场外,完赛,4-0
但科曼还是为拜仁打进一球,完赛,4-0
拜仁在拿下比赛后也是从小组中出线,完赛,4-0
今天的比赛就为大家解说到这里，欢迎您继续关注新浪体育为您送上的其他精彩赛事直播节目，谢谢！,完赛,4-0
