各位网友，大家好！欢迎来到新浪体育收看精彩的直播节目！,未赛,0-0
本次直播为您带来的是英超第7轮的一场比赛，由纽卡斯尔主场迎战切尔西队！,未赛,0-0
切尔西新赛季开局极其不利，前5轮仅积4分，上轮主场2：0击败阿森纳才令球队可以喘口气。,未赛,0-0
不过，以穆帅的话来说，在与枪手的比赛中改变了一切的迭戈-科斯塔赛后被追加停赛3场。,未赛,0-0
如此一来，蓝军锋线剩下雷米与法尔考，两人状态都一般，切尔西锋线还是令人担心。,未赛,0-0
纽卡斯尔新赛季表现更糟糕，前6轮2平4负仅积2分，麦克拉伦的球队陷入最低谷。,未赛,0-0
上赛季，蓝军作客圣詹姆斯公园球场1：2落败。毕竟，纽卡在主场一直以来都很坚挺。,未赛,0-0
对于两支处于低谷的球队来说，本场比赛都是志在必得，谁能实现自救呢，我们拭目以待。,未赛,0-0
本场比赛将于9月27日0：30开球，敬请大家到时留意收看！,未赛,0-0
各位网友，大家凌晨好！,未赛,0-0
切尔西首发阵容：门将：1-贝戈维奇；后卫：2-伊万诺维奇、24-卡希尔、5-祖马、28-阿斯皮利奎塔；后腰：21-马蒂奇、4-法布雷加斯；攻击型中场：10-阿扎尔、8-奥斯卡、17-佩德罗；前锋：18-雷米,未赛,0-0
纽卡斯尔首发阵容：门将：1-克鲁尔；后卫：2-科洛奇尼、18-姆本巴、22-扬迈特、43-姆巴布；中场：7-西索科、8-安尼塔、4-科尔巴克、17-佩雷斯、5-维纳尔杜姆；前锋：45-米特洛维奇,未赛,0-0
现场信号已经切入,未赛,0-0
双方都穿上传统的服装,未赛,0-0
纽卡斯尔是黑白相间球衣，切尔西是蓝色战袍,未赛,0-0
纽卡斯尔的队长是2号科洛奇尼，切尔西的队长是2号伊万诺维奇,未赛,0-0
上半场比赛开始,上半场 1',0-0
上半场由纽卡斯尔中圈开球,上半场 1',0-0
回传给到了克鲁尔,上半场 1',0-0
克鲁尔大脚开上前场,上半场 1',0-0
伊万诺维奇克回中场,上半场 1',0-0
纽卡斯尔中场，交给了维纳尔杜姆,上半场 1',0-0
中路佩雷斯接应转身送直传，队友没有跑到传球线路上,上半场 2',0-0
卡希尔后场带球，米特洛维奇推倒了卡希尔,上半场 2',0-0
切尔西后场任意球,上半场 3',0-0
贝戈维奇来踢，踢到前场,上半场 3',0-0
西索科顶到第一点,上半场 3',0-0
卡希尔中场的反抢将球捅到扬迈特脚下,上半场 3',0-0
法布雷加斯中路的推进，科尔巴克犯规,上半场 4',0-0
切尔西获得一个中路任意球机会，距离球门30码,上半场 4',0-0
祖马的重炮轰门，偏出左边立柱,上半场 4',0-0
阿扎尔左路来了，直传过不了扬迈特,上半场 5',0-0
科尔巴克左路的带球，连续一脚传球，佩雷斯跟进，阿斯皮利奎塔倒地将球铲了一下,上半场 6',0-0
阿扎尔左路沿边线带球,上半场 6',0-0
快要到底线时被科尔巴克抢断,上半场 6',0-0
科尔巴克将球开出了边线,上半场 6',0-0
纽卡斯尔右路断球，米特洛维奇拉边接应，祖马抢前将球踢出边线,上半场 7',0-0
科洛奇尼后场交给了科尔巴克分给姆本巴起大脚，米特洛维奇追不上了,上半场 8',0-0
佩雷斯前场左路漂亮的转身过人，但横传被马蒂奇拦截,上半场 8',0-0
伊万诺维奇长传上来，雷米在科洛奇尼干扰下摆渡球出了边线,上半场 9',0-0
法布雷加斯得球，推进后直传被科尔巴克断下,上半场 9',0-0
西索科右路接应直传，阿斯皮利奎塔解围出边线,上半场 10',0-0
雷米拉边拿一下球，过人被扬迈特生生断下,上半场 10',0-0
佩雷斯右前场接应传到中路,上半场 10',0-0
维纳尔杜姆带球没有看对方球员已经夹击上来,上半场 11',0-0
球被断了,上半场 11',0-0
阿扎尔将球转移到右路的伊万诺维奇,上半场 11',0-0
伊万诺维奇还是交给奥斯卡,上半场 11',0-0
奥斯卡送球到右肋部，伊万诺维奇前插到位一扣,上半场 12',0-0
回传，雷米禁区内撞射打偏,上半场 12',0-0
克鲁尔长传前场右路，阿斯皮利奎塔顶出边线,上半场 12',0-0
科洛奇尼交给佩雷斯，扬迈特套边传中，祖马顶到第一点,上半场 12',0-0
姆巴布也到了前场争球，来一脚远射，没有打上力量,上半场 13',0-0
球打出击没有什么力量，但姆巴布的发带也掉了下来,上半场 13',0-0
佩雷斯右路一顺，科洛奇尼倒地铲留球,上半场 13',0-0
镜头不断给到了特里，本赛季他是失去了主力位置,上半场 14',0-0
中场争高球，佩德罗犯规,上半场 14',0-0
姆本巴交给科洛奇尼,上半场 15',0-0
米特洛维奇也回中场接应一下,上半场 15',0-0
阿扎尔拼抢时受伤倒地,上半场 15',0-0
是阿斯皮利奎塔防守扬迈特是推了一下让扬迈特重心不稳，但扬迈特跌倒时却撞到了阿扎尔的身体,上半场 16',0-0
比赛继续,上半场 16',0-0
维纳尔杜姆左路加速一段后边路传中，米特洛维奇甩头攻门顶偏了,上半场 17',0-0
纽卡斯尔再掀攻势,上半场 17',0-0
佩雷斯中路斜塞，西索科大力远射打偏了一点,上半场 17',0-0
切尔西反击，法布雷加斯分给阿斯皮利奎塔,上半场 18',0-0
连续转移给到了伊万诺维奇,上半场 18',0-0
佩德罗接应一下回传给伊万诺维奇,上半场 19',0-0
奥斯卡内切中打一个脚后跟，阿扎尔插上稍慢了一点,上半场 19',0-0
佩雷斯中路的直传，米特洛维奇已经启动插上，不过与卡希尔对撞后没能拿到球,上半场 20',0-0
伊万诺维奇在护球，姆巴布上抢犯规,上半场 22',0-0
阿扎尔拿球，转移到右路的伊万诺维奇,上半场 22',0-0
伊万诺维奇传中，脚法太离谱了，直接传出底线,上半场 23',0-0
法布雷加斯分左路，阿扎尔又来了,上半场 24',0-0
直传，协防过来的安尼塔将球踢出边线,上半场 24',0-0
安尼塔脚面可能实战睬了一下,上半场 24',0-0
佩德罗带球强突禁区，过不了姆本巴,上半场 24',0-0
克鲁尔大脚开到中场，祖马顶到第一点,上半场 24',0-0
科尔巴克在带球转一圈交给了安尼塔,上半场 25',0-0
安尼塔传中，祖马头球解围出边线,上半场 25',0-0
祖马大脚开上来，球直接出边线,上半场 26',0-0
姆本巴掷向场内，伊万诺维奇争顶时撞倒了科尔巴克犯规,上半场 26',0-0
纽卡斯尔又是就地反抢反击，佩雷斯的打门同样是打偏,上半场 27',0-0
穆里尼奥抵达球场,上半场 27',0-0
扬迈特带球上来直传禁区，米特洛维奇斜插低射被贝戈维奇脚脚挡出,上半场 28',0-0
外围还是纽卡斯尔的控球,上半场 28',0-0
扬迈特与西索科做墙配合后又是禁区内的打门又是打太正了再次被贝戈维奇封出,上半场 29',0-0
佩雷斯中路带球交给西索科，西索科的传中球划门而过,上半场 29',0-0
上半场进行了30分钟，场上比分还是0：0,上半场 30',0-0
雷米右路下底传中打在科洛奇尼的脚出底线,上半场 30',0-0
切尔西前场右路的角球机会，镜头给到了戴了面具的卡希尔,上半场 31',0-0
奥斯卡角球传中，第一点太低了,上半场 31',0-0
伊万诺维奇在右路再次想强突，被科尔巴克挡在身后出边线,上半场 31',0-0
纽卡斯尔这边有球员受伤,上半场 31',0-0
替补席上已经有球员换外套,上半场 32',0-0
纽卡斯尔受伤的是科尔巴克,上半场 32',0-0
队医治疗后示意可以继续比赛,上半场 32',0-0
扬迈特右路回传给姆本巴,上半场 32',0-0
挑传给到了佩雷斯,上半场 32',0-0
佩雷斯身体对抗扛开了法布雷加斯，但没有控好球，球出边线,上半场 33',0-0
雷米回中场接应横带被科尔巴克从侧面伸脚绊倒,上半场 33',0-0
主裁判向科尔巴克出示黄牌警告,上半场 34',0-0
阿扎尔分右路佩德罗传中有点大,上半场 34',0-0
后点奥斯卡控于汉超，法布雷加斯接应交给阿扎尔,上半场 34',0-0
阿扎尔与佩德罗做配合，中路太密集了,上半场 34',0-0
扬迈特在右路很活跃,上半场 35',0-0
带球内切左脚打门被马蒂奇飞身挡出,上半场 36',0-0
争顶时马蒂奇摁人犯规,上半场 36',0-0
阿扎尔左路带球给到了佩德罗，远射被门将扑出底线,上半场 38',0-0
更正一下打门的是法布雷加斯,上半场 38',0-0
法布雷加斯角球发到门前，雷米头球攻门顶偏,上半场 38',0-0
西索科右路带球出了边线,上半场 38',0-0
雷米带球传中打在科尔巴克身上,上半场 39',0-0
阿扎尔左路强行传中，佩德罗抢点一个横向球，扬迈特安全起见将球顶出底线,上半场 40',0-0
切尔西战术角球传中，雷米一蹭,上半场 40',0-0
纽卡斯尔的后卫疑似手球，但裁判没有吹蹼球,上半场 40',0-0
是卡希尔前点脚后跟一蹭,上半场 40',0-0
好像也只是打在西索科腹部,上半场 40',0-0
扬迈特右路下底传中过不了阿斯皮利奎塔,上半场 41',0-0
扬迈特右路来了，直传到梦，米特洛维奇打门被卡希尔伸脚挡出,上半场 41',0-0
科尔巴克再斜传禁区,上半场 42',0-0
佩雷斯卸下球来半凌空抽射弹左立柱内侧入网！,上半场 42',1-0
纽卡斯尔在主场率先取得进球,上半场 43',1-0
从上半场前40分钟的时间来看，纽卡斯尔值得领先,上半场 43',1-0
因为他们在进攻的效果上来讲更佳，制造的射门机会也更多,上半场 44',1-0
切尔西的进攻更多是隔靴搔痒,上半场 44',1-0
阿扎尔左路来了，找到了雷米,上半场 44',1-0
阿扎尔尝试与奥斯卡打二过一，也是没能突进禁区,上半场 45',1-0
马蒂奇斜长传前场左路，扬迈特将球解围出边线,上半场 45',1-0
上半场补时2分钟,上半场 45',1-0
安尼塔传左路的姆巴布,上半场 46',1-0
刚才佩雷斯的进球受益于是安尼塔的传中，不能科尔巴克,上半场 46',1-0
上半场比赛结束,上半场 47',1-0
纽卡斯尔凭借17号佩雷斯一记精彩的凌空扫射1：0领先进入中场休息,中场,1-0
上半场纽卡斯尔左右开弓，效果不错，除了进球以外，射门机会也不少,中场,1-0
相反盛名之下的切尔西现在在进攻上是出了很大的问题，射门都是隔靴搔痒,中场,1-0
切尔西的问题不是状态的问题，而是一个结构性的问题,中场,1-0
如果不能解决，前路将十分坎坷,中场,1-0
好了，看看穆帅在下半场有没有妙招吧,中场,1-0
稍事休息，为大家带来下半场的比赛直播,中场,1-0
半场统计，切尔西7次射门只有1次射正说明了切尔西在进攻上出现极大问题,中场,1-0
下半场比赛开始了,下半场 1',1-0
下半场由切尔西中圈开球,下半场 1',1-0
阿斯皮利奎塔长传，扬迈特顶到第一点,下半场 1',1-0
祖马交给了伊万诺维奇,下半场 1',1-0
法布雷加斯回接长传找到了雷米,下半场 2',1-0
雷米转身回传给奥斯卡,下半场 2',1-0
阿扎尔接应突破没有成功,下半场 2',1-0
阿斯皮利奎塔传中打在了安尼塔身上出边线,下半场 2',1-0
法布雷加斯接应界外球后传球被对方大脚破坏,下半场 2',1-0
法布雷加斯转移给到了伊万诺维奇,下半场 3',1-0
法布雷加斯分边左路的阿扎尔,下半场 3',1-0
中路配合，法布雷加斯直传，阿扎尔做墙传球过不了姆本巴,下半场 3',1-0
法布雷加斯转移到右路的伊万诺维奇,下半场 3',1-0
传中太大了,下半场 4',1-0
阿扎尔回传,下半场 4',1-0
奥斯卡传中打到对方脚上,下半场 4',1-0
佩德罗强行再传中打在扬迈特身上,下半场 4',1-0
西索科大脚解围,下半场 4',1-0
阿斯皮利奎塔助攻上来，交给了阿扎尔,下半场 4',1-0
回传中路，再由法布雷加斯直传被科尔巴克拦截,下半场 4',1-0
中场还是切尔西的控于汉超,下半场 5',1-0
马蒂奇交给法布雷加斯,下半场 5',1-0
雷米短传，法布雷加斯前到地，裁判没有吹,下半场 5',1-0
法布雷加斯斜传门前，雷米头球攻门被克鲁尔扑出，而且也先越位了,下半场 6',1-0
马蒂奇抬脚踢倒了米特洛维奇,下半场 6',1-0
安尼塔少年犯传，维纳尔杜姆过人被拦截,下半场 7',1-0
阿斯皮利奎塔直传找到了奥斯卡,下半场 7',1-0
转身再转移给给阿扎尔,下半场 7',1-0
阿斯皮利奎塔上前接应横传，法布雷加斯远射打在对方身上,下半场 7',1-0
祖马压过半场抢球，被拉了一把,下半场 7',1-0
阿扎尔左路传中被姆本巴顶到半空,下半场 8',1-0
佩德罗右路得球回传给伊万诺维奇,下半场 8',1-0
奥斯卡拉到右路，传中雷米头球攻门顶高了,下半场 8',1-0
纽卡斯尔有点吃紧，换人了，14号奥贝坦替下了4号科尔巴克,下半场 9',1-0
法布雷加斯左路交给阿斯皮利奎塔，停球有点大,下半场 9',1-0
再扣球过人被安尼塔将球踢出底线,下半场 9',1-0
奥斯卡开角球被姆巴布头球解围,下半场 10',1-0
纽卡斯尔反击,下半场 10',1-0
佩雷斯接应，马蒂奇断球成功,下半场 10',1-0
奥斯卡枢左侧传中被姆本巴解围,下半场 11',1-0
切尔西继续围攻,下半场 11',1-0
法布雷加斯分右路，奥贝坦抢先将球踢出边线,下半场 11',1-0
佩德罗传到禁区内，阿扎尔一对二过人没有成功,下半场 11',1-0
阿扎尔来到右路，转身传球被姆巴布拦截一下,下半场 13',1-0
姆巴布跟着阿扎尔跑了半场断球了,下半场 13',1-0
西索科右路带球上来传中被阿斯皮利奎塔伸脚挡出底线,下半场 13',1-0
纽卡斯尔右路的角球机会,下半场 16',1-0
佩雷斯传中，维纳尔杜姆头球攻门球进,下半场 16',2-0
切尔西连换两人，威廉替下了马蒂奇，法尔考替下了雷米,下半场 16',2-0
镜头给到了穆里尼奥,下半场 20',2-0
他可是遇到大麻烦了,下半场 20',2-0
阿扎尔的挑传过不了科洛奇尼,下半场 21',2-0
奥斯卡回到了后腰位置，护球造成米特洛维奇的犯规,下半场 22',2-0
威廉转移球找到佩德罗,下半场 22',2-0
佩德罗的传中球被克鲁尔直接没收,下半场 22',2-0
伊万诺维奇撞倒了米特洛维奇,下半场 23',2-0
这是一个甩肘的动作，被黄牌警告,下半场 23',2-0
法布雷加斯长传右路,下半场 24',2-0
佩德罗传中被姆巴布飞铲铲出底线,下半场 24',2-0
角球发得太靠外了，纽卡斯尔的解围,下半场 24',2-0
佩德罗右路来了，强行盘过姆巴布,下半场 25',2-0
姆巴布转身快卡住身位，裁判鸣哨吹佩德罗抢球犯规,下半场 25',2-0
阿扎尔左路传到禁区内，插上的奥斯卡换弧线球旋球门右上角，偏了,下半场 26',2-0
阿扎尔左路来了，回传，卡希尔也压过了半场,下半场 27',2-0
奥斯卡的直传被扬迈特铲出来,下半场 27',2-0
法布雷加斯再斜吊禁区左侧，西索科头球蹭出底线,下半场 28',2-0
切尔西换下，7号拉米雷斯替下了8号奥斯卡,下半场 28',2-0
法布雷加斯发到门前，被克鲁尔单拳击出,下半场 28',2-0
还是法布雷加斯得球低传禁区被姆本巴解围,下半场 29',2-0
威廉右路回传，拉米雷斯传中，法尔考停球打门被门将挡出，不过也先越位了,下半场 29',2-0
姆巴布左路压上前场传球被拉米雷斯断下,下半场 30',2-0
拉米雷斯长距离直传，科洛奇尼抢前将球捅出边线,下半场 30',2-0
佩德罗拉到左路，右路留给威廉,下半场 30',2-0
法布雷加斯传给威廉,下半场 30',2-0
挑传禁区，科洛奇尼头球点一下,下半场 30',2-0
奥贝坦回传给克鲁尔,下半场 31',2-0
克鲁尔踢球不远,下半场 31',2-0
阿扎尔右路的变向过人倒地，裁判没有吹,下半场 31',2-0
43号姆巴布这位年轻的左后卫今天发挥得很稳定,下半场 32',2-0
法布雷加斯额头被撞开了，要下场接受治疗,下半场 32',2-0
法布雷加斯需要用纱布包扎头部,下半场 32',2-0
祖马斜长传找到阿扎尔,下半场 33',2-0
内切回传给拉米雷斯,下半场 34',2-0
拉米雷斯远射世界波直挂球门左上角！,下半场 34',2-1
拉米雷斯的打门又直又快，角度又是一个理论上的死角,下半场 35',2-1
镜头给到了穆帅，他不断苦笑,下半场 36',2-1
米特洛维奇拉到左路，带球出底线,下半场 36',2-1
阿扎尔左路起速，斜向连续过人转身打门被姆巴布伸脚挡出,下半场 37',2-1
法布雷加斯长传找到了阿扎尔,下半场 37',2-1
有点踉跄，球被姆巴布断下,下半场 37',2-1
又是阿扎尔的带球，这回趟大了,下半场 38',2-1
佩雷斯中路的带球斜传，阿斯皮利奎塔回追将球断下,下半场 38',2-1
法布雷加斯后场长传，佩德罗插上停球面对出击的克鲁尔挑射打高了,下半场 38',2-1
纽卡斯尔换人，36号托内替下了45号米特洛维奇,下半场 39',2-1
威廉左路带球内切被断了,下半场 41',2-1
裁判吹了安尼塔的犯规,下半场 41',2-1
切尔西左路的任意球机会,下半场 41',2-1
威廉传中，拉米雷斯头球，没有蹭着，但球打进了右下角,下半场 42',2-2
威廉的传中，拉米雷斯插上没有越位之下头球没有蹭到球，但克鲁尔被晃到了，球窜入了球门右下角,下半场 42',2-2
切尔西右路的界外球,下半场 43',2-2
伊万诺维奇手榴弹掷到禁区，科洛奇尼顶一下,下半场 43',2-2
拉米雷斯远射打在后卫脚上,下半场 43',2-2
纽卡斯尔防守犯规,下半场 43',2-2
切尔西中路偏右的任意球机会,下半场 43',2-2
威廉传前点，拉米雷斯头球攻门，克鲁尔向左倒地将球神奇扑出,下半场 44',2-2
又是切尔西右路的界外球,下半场 44',2-2
掷到禁区，姆本巴顶到第一点,下半场 44',2-2
安尼塔的解围,下半场 44',2-2
姆本巴大脚开到前场,下半场 44',2-2
西索科中路变向被阿斯皮利奎塔拦截,下半场 45',2-2
法布雷加斯长传上来，阿扎尔停球失误,下半场 45',2-2
佩德罗转移到左路的威廉,下半场 45',2-2
威廉变向被奥贝坦伸脚将球捅一下,下半场 45',2-2
下半场补时4分钟,下半场 45',2-2
伊万诺维奇斜长传到左路，扬迈特头球顶出边线,下半场 46',2-2
卡希尔接应界外球，交给法布雷加斯,下半场 46',2-2
法布雷加斯长传到禁区，科洛奇尼头球顶到半空，克鲁尔将球摘下,下半场 46',2-2
姆巴布左路带球过了半场，一对二加速被祖马拦截,下半场 46',2-2
法布雷加斯拿球，姆巴布背后推人犯规,下半场 46',2-2
纽卡斯尔换人，10号德容换下了7号西索科,下半场 47',2-2
麦克拉伦已经满面通红,下半场 47',2-2
阿扎尔前场传球失误,下半场 47',2-2
奥贝坦右路来了，卡希尔赌博式的滑铲将球铲出边线,下半场 48',2-2
德容刚上场就受伤了,下半场 48',2-2
德容是头部受伤，需要队医仔细观察,下半场 49',2-2
刚才卡希尔铲球是铲出底线,下半场 49',2-2
德容经过治疗后重新站了起来,下半场 50',2-2
纽卡斯尔右路的角球,下半场 50',2-2
选择拖延战术，纽卡斯尔也接受一分的事实了解,下半场 50',2-2
佩雷斯与奥贝坦发短角球,下半场 50',2-2
奥贝坦再将球踢在阿斯皮利奎塔脚上出边线,下半场 51',2-2
奥贝坦掷到场内，德容胸部传球,下半场 51',2-2
奥贝坦越位,下半场 51',2-2
法布雷加斯长传，姆巴布将球解围出边线,下半场 51',2-2
阿斯皮利奎塔掷到禁区，扬迈特头球顶一下,下半场 52',2-2
佩德罗战术犯规绊倒了姆巴布,下半场 52',2-2
主裁判黄牌给到了佩德罗,下半场 52',2-2
补时已经到了7分钟,下半场 52',2-2
全场比赛结束！,下半场 52',2-2
双方2：2打平各得一分,下半场 52',2-2
虽然双方都不太满意平局，但至少还不是最差的结果,下半场 52',2-2
两队都急需改变,下半场 52',2-2
接下来如果还没有改变的话，相信两队主帅的位置都难保了,下半场 52',2-2
好了，本场比赛的直播就到这里结束。,下半场 52',2-2
感谢大家的收看，再见！,完赛,2-2
