大家好，欢迎收看新浪体育为您带来的欧冠F小组第2轮 拜仁慕尼黑VS萨格勒布,未赛,0-0
在小组赛首轮的较量中，两支球队都分别取得了胜利,未赛,0-0
拜仁3-0击败奥林匹亚科斯，萨格勒布2-1击败阿森纳爆出冷门,未赛,0-0
两支球队在历史上仅有1次交手记录：拜仁两回合以1-4的总比分不敌对手,未赛,0-0
本赛季德甲巨人拜仁表现出色，球队在所有9场正式比赛中保持全胜,未赛,0-0
联赛中更是7轮打进23球仅失3球创造了德甲联赛迄今为止的7轮过后最佳战绩,未赛,0-0
而萨格勒布迪纳摩的战绩更为恐怖，自从去年11月27日在欧联小组赛中输球之后，萨格勒布已经在过去的45场正式比赛中保持不败战绩,未赛,0-0
球队本赛季联赛11轮6胜5平打进24球失5球位列联赛的首位,未赛,0-0
本赛季拜仁习惯性慢热，在联赛中拜仁的23个进球中有20个出现在下半场,未赛,0-0
除此之外，拜仁的所有失球都出现在上半场。而在欧冠赛场上，拜仁也延续着“慢热”的习惯,未赛,0-0
首轮面对奥林匹亚科斯球队上半场也是没有什么办法，下半场打进3球,未赛,0-0
与拜仁相比，萨格勒布的表现较为平均，球队对阿森纳的2个进球分别出现在上下半场,未赛,0-0
目前两队首发阵容已经公布,未赛,0-0
拜仁首发：1-诺伊尔/21-拉姆， 16-博阿滕，27-阿拉巴，18-贝尔纳特/32-基米希，6-蒂亚戈/29-科曼，19-格策，11-道格拉斯-科斯塔/9-莱万多夫斯基,未赛,0-0
萨格勒布首发：34-爱德华多/7-马特尔，26-本科维奇，87-塔拉维尔，19-皮瓦里奇/10-马沙多，16-阿德米/2-苏达尼，8-安托利奇，11-费尔南德斯/20-皮亚卡,未赛,0-0
让我们来到比赛现场,未赛,0-0
双方球员已经入场了,未赛,0-0
上半场比赛开始！,上半场 1',0-0
首先开球的是拜仁,上半场 1',0-0
贝尔纳特中场拿球横向转移,上半场 1',0-0
蒂亚戈前场拿球往右路分到底线,上半场 1',0-0
拜仁禁区弧顶拿球没有机会,上半场 1',0-0
右路挑传往禁区里送,上半场 1',0-0
萨格勒布先出一脚将球解围,上半场 2',0-0
拜仁这边获得角球机会,上半场 3',0-0
角球送中路，基米希甩头攻门,上半场 3',0-0
这球稍稍顶高,上半场 3',0-0
科斯塔左路拿球内切到了禁区内,上半场 4',0-0
横敲给到了远端,上半场 4',0-0
格策不做调整直接打门了,上半场 5',0-0
这球也是没有压住,上半场 5',0-0
稍微有些可惜,上半场 5',0-0
开场后拜仁还是占据了场上的主动,上半场 5',0-0
安托利奇后场上抢的时候犯规,上半场 5',0-0
拜仁的这个任意球没有处理好,上半场 5',0-0
萨格勒布中场拿球,上半场 8',0-0
拜仁这边抢球犯规了,上半场 8',0-0
萨格勒布左路推进没有传好,上半场 8',0-0
拜仁左路起球送禁区内,上半场 10',0-0
皮瓦里奇中路手臂张开了,上半场 10',0-0
拜仁这边投诉说手球了,上半场 10',0-0
但这球裁判并没有吹,上半场 10',0-0
慢镜头来看，这球确实手球了,上半场 10',0-0
这球手臂有一个明显的张开动作,上半场 10',0-0
博阿滕禁区外围远射,上半场 11',0-0
爱德华多侧扑将球扑出,上半场 11',0-0
拜仁这边牢牢的控制住比赛的节奏,上半场 11',0-0
萨格勒布现在只能全力的去防守,上半场 11',0-0
拜仁的优势有些明显,上半场 12',0-0
博阿滕拿球转移到了右路,上半场 12',0-0
右路拿球再往禁区里给,上半场 12',0-0
莱万多夫斯基停球后转身打门,上半场 12',0-0
这球没有打上力量,上半场 12',0-0
萨格勒布将球给到前场,上半场 12',0-0
皮亚卡禁区弧顶拿球被拜仁包夹,上半场 12',0-0
皮亚卡1对4啊,上半场 12',0-0
最后还是完成了一脚打门,上半场 13',0-0
但是没有什么威胁,上半场 13',0-0
1-0！！,上半场 14',1-0
道格拉斯-科斯塔！！,上半场 14',1-0
贝尔纳特中场断球后迅速打了一个反击，科斯塔前场接球后到了左侧禁区内，突然低射近角，爱德华多这边判断上出现失误，拜仁1-0领先！,上半场 15',1-0
爱德华多这次的失误不应该啊，近角没有完全的封死,上半场 15',1-0
科曼后场的回传失误,上半场 18',1-0
拜仁这边的防线也是有些让人担心,上半场 18',1-0
拜仁前场右路获得任意球机会,上半场 19',1-0
任意球往禁区里送,上半场 19',1-0
落点上双方都没有碰到球,上半场 20',1-0
博阿滕中场拦截犯规,上半场 21',1-0
博阿滕得到一张黄牌！,上半场 21',1-0
2-0！！！,上半场 21',2-0
萨格勒布的中卫出现了失误,上半场 21',2-0
莱万多夫斯基推空门得分！,上半场 21',2-0
本科维奇后场接球，头球点了一下，自己没有站好，蒂亚戈前插后将球拿到，禁区内面对门将横敲，莱万多夫斯基推空门得分！,上半场 22',2-0
拜仁这边打得还是很轻松的,上半场 23',2-0
3-0！！,上半场 24',3-0
爱德华多这边又犯错了,上半场 25',3-0
格策！！,上半场 25',3-0
拜仁前场拿球给到右路，格策接球后往禁区里走，跟队友撞墙配合后，低射近角，爱德华多这边很紧张，很容易拿到的球员，自己只是碰了一下后并没有拿住！,上半场 26',3-0
这下对萨格勒布困难很多,上半场 26',3-0
萨格勒布左路起球送禁区,上半场 26',3-0
诺伊尔很轻松的将球接到,上半场 27',3-0
今天对诺伊尔的考验不是很大,上半场 27',3-0
但诺伊尔的注意力还是很集中的,上半场 27',3-0
科斯塔左路低平球很扫门前,上半场 27',3-0
后卫先将球解围出底线,上半场 28',3-0
拜仁的角球机会,上半场 28',3-0
4-0！！,上半场 28',4-0
莱万多夫斯基！！,上半场 28',4-0
科斯塔角球开出送中路，莱万多夫斯基垫射，球击中横梁下沿后反弹到底线，球的整体已经过线，4-0！,上半场 29',4-0
裁判第一下并没有吹进球，而是过了几秒才判定了进球有效,上半场 29',4-0
拜仁右路下底给到中路,上半场 31',4-0
格策这边停球后有些大,上半场 31',4-0
爱德华多预判后先将球压在身下,上半场 31',4-0
萨格勒布中场拿球给到左路,上半场 33',4-0
边路的推进被拜仁先破坏了,上半场 33',4-0
萨格勒布中场的转移被拦截,上半场 34',4-0
拜仁右路做撞墙配合,上半场 34',4-0
禁区内最后一下，拜仁球员跟对方有接触倒地,上半场 34',4-0
但这球属于一个正常的防守动作,上半场 34',4-0
萨格勒布这边在自己的后场也是加强了拼抢,上半场 35',4-0
萨格勒布现在也要给拜仁一些压力,上半场 35',4-0
拜仁这边打反击,上半场 35',4-0
科斯塔带球往禁区里送,上半场 35',4-0
在这之前阿德米先铲球犯规了,上半场 36',4-0
拜仁中场断抢下来,上半场 36',4-0
左路的推进被破坏出了边线,上半场 36',4-0
拜仁这边也是将球控一下,上半场 37',4-0
博阿滕禁区外围突然远射,上半场 37',4-0
这球力量是够了，但打高了,上半场 37',4-0
科曼右路突破后下底,上半场 38',4-0
这球被后卫挡出底线,上半场 38',4-0
拜仁的角球机会,上半场 38',4-0
角球打了一个战术配合,上半场 38',4-0
右路下底再传后点,上半场 39',4-0
萨格勒布这边也是不敢大意头球顶了出去,上半场 39',4-0
蒂亚戈左路底线想人球分过,上半场 39',4-0
这球被对方识破了,上半场 39',4-0
萨格勒布中场的传球又是一个失误,上半场 40',4-0
萨格勒布现在很难打到拜仁的禁区前沿,上半场 41',4-0
拜仁左路起球送后点,上半场 41',4-0
皮瓦里奇滑铲将球破坏出底线,上半场 41',4-0
拜仁角球还是打配合,上半场 41',4-0
贝尔纳特挑传往禁区里送,上半场 41',4-0
这球没有过顶,上半场 41',4-0
拜仁这边又获得角球机会,上半场 43',4-0
角球送中路,上半场 43',4-0
拜仁的头球冲顶,上半场 43',4-0
这球顶了一个反弹球被后卫拦截,上半场 43',4-0
萨格勒布这边组织反击,上半场 44',4-0
前场拿球给到禁区弧顶,上半场 44',4-0
这球还是没有传好,上半场 44',4-0
萨格勒布往前输送,上半场 45',4-0
队友接球也是没接好,上半场 45',4-0
上半场比赛结束！,中场,4-0
经过45分钟的激战，拜仁4-0暂时领先萨格勒布,中场,4-0
比赛的胜负悬念已经没有了,中场,4-0
上半场比赛，拜仁用了30分钟就取得4球的领先,中场,4-0
萨格勒布直到半场前最后时段似乎才活动开,中场,4-0
不知道下半场比赛，萨格勒布能否打进一球,中场,4-0
让我们稍事休息，一会儿为您带来双方下半场的比赛,中场,4-0
让我们回到比赛现场,中场,4-0
拜仁换人，贝尔纳特下，马丁内斯上！,中场,4-0
下半场比赛开始！,下半场 1',4-0
下半场由萨格勒布开球,下半场 1',4-0
萨格勒布这边也有调整,下半场 1',4-0
本科维奇被换下场,下半场 1',4-0
诺伊尔这边又是在禁区外围把对方后卫给晃了,下半场 5',4-0
连一个界外球都不给对方,下半场 5',4-0
拜仁前场右路拿球,下半场 6',4-0
还是围攻对手,下半场 6',4-0
萨格勒布还是先将球防了下来,下半场 6',4-0
拜仁的控球率有72%,下半场 7',4-0
诺伊尔刚才禁区外围晃开对方的逼抢，脚下活儿也是再次展示,下半场 7',4-0
拜仁禁区弧顶拿球,下半场 10',4-0
5-0！！,下半场 10',5-0
莱万多夫斯基！！,下半场 10',5-0
拜仁禁区弧顶拿球，蒂亚戈送直塞给到莱万多夫斯基，莱万多夫斯基停球转身后直接打门将球打进！,下半场 11',5-0
萨格勒布这球造越位失误,下半场 11',5-0
莱万多夫斯基这边也是上演了帽子戏法,下半场 12',5-0
阿拉巴禁区前沿停球转身,下半场 12',5-0
这球力量不错，但角度差了点,下半场 12',5-0
拜仁这边换人,下半场 12',5-0
格拉斯-科斯塔下，穆勒上！,下半场 13',5-0
拜仁这边是要将进攻进行到底啊,下半场 13',5-0
安托利奇禁区外围打远射将球打高,下半场 13',5-0
萨格勒布的办法并不多,下半场 13',5-0
萨格勒布这边要准备换人,下半场 14',5-0
拜仁前场拿球给到左路,下半场 15',5-0
科曼右路拿球跟队友做撞墙,下半场 15',5-0
禁区前沿最后一下没有拿好,下半场 15',5-0
马沙多下，罗格上！,下半场 16',5-0
萨格勒布也是完成了这次换人,下半场 17',5-0
萨格勒布中场送直塞给到右路,下半场 17',5-0
前场又是1对4,下半场 17',5-0
队友也是跟进不上来,下半场 17',5-0
苏达尼禁区外围低射,下半场 18',5-0
诺伊尔将球压在了身下,下半场 18',5-0
拜仁换人，博阿滕下，拉菲尼亚上！,下半场 19',5-0
穆勒右路底线拿球,下半场 20',5-0
突破的时候赢得角球机会,下半场 20',5-0
角球送中路,下半场 20',5-0
萨格勒布抢到第一点,下半场 20',5-0
皮瓦里奇得到一张黄牌！,下半场 21',5-0
边路防守的时候铲倒了对方,下半场 21',5-0
拜仁前场右路获得定位球机会,下半场 22',5-0
任意球一拨，再一传被后卫挡出边线,下半场 22',5-0
拜仁这边传远端,下半场 23',5-0
萨格勒布先将球解围了,下半场 23',5-0
萨格勒布换人，皮亚卡下， 恩里克斯上！,下半场 24',5-0
恩里克斯之前效力过曼联吗？1有、2没有[qiangda],下半场 24',5-0
拜仁这边差点又进一个啊,下半场 25',5-0
拉姆禁区外围远射,下半场 26',5-0
这球稍稍打高,下半场 26',5-0
传球上，拜仁领先了对方将近4倍,下半场 27',5-0
拜仁后场拿球给到中场,下半场 27',5-0
穆勒边路拿球在找机会,下半场 28',5-0
格策左路拿球,下半场 29',5-0
想学上半场科斯塔的进球录像,下半场 29',5-0
想学上半场科斯塔的进球路线,下半场 29',5-0
这球格策还是稍微差了一点,下半场 29',5-0
但爱德华多这边的准备还是不够充分,下半场 29',5-0
拜仁这边机会又来了,下半场 30',5-0
莱万多夫斯基禁区内拿球面对门将,下半场 31',5-0
想挑过门将后打门,下半场 31',5-0
这球被门将扑了一下,下半场 31',5-0
莱万多夫斯基也是错失了再入一球的机会,下半场 31',5-0
安托利奇禁区弧顶防守犯规,下半场 33',5-0
拜仁获得一个位置极佳的任意球机会,下半场 33',5-0
莱万多夫斯基任意球直接打门,下半场 34',5-0
这球距离太近，没有下降的空间,下半场 34',5-0
这球还是打高了,下半场 34',5-0
阿德米后场防守又是一次犯规,下半场 36',5-0
..阿德米得到一张黄牌！,下半场 36',5-0
这球阿德米没有什么办法,下半场 36',5-0
全场比赛已经过了80分钟，拜仁5-0领先萨格勒布,下半场 37',5-0
阿拉巴站在球前,下半场 37',5-0
阿拉巴也是直接打门,下半场 37',5-0
这球没有绕过人墙,下半场 37',5-0
拜仁后场拿球转移到左路,下半场 40',5-0
拜仁往前推进给到莱万多夫斯基,下半场 40',5-0
拜仁将球转移到了右路,下半场 40',5-0
阿拉巴底线下底送后点,下半场 40',5-0
这球送的并不好,下半场 40',5-0
蒂亚戈禁区弧顶推射一脚,下半场 41',5-0
这球稍稍打高,下半场 41',5-0
拜仁这边也是放慢了进攻节奏,下半场 41',5-0
莱万多夫斯基禁区弧顶停球先手球了,下半场 43',5-0
但裁判吹了对方在接触后的犯规,下半场 43',5-0
任意球直接打门,下半场 43',5-0
这球打得太正,下半场 43',5-0
爱德华多没有动将球拿到,下半场 43',5-0
拜仁中场控球下来,下半场 45',5-0
禁区弧顶拿球给到右路,下半场 45',5-0
下半场补时2分钟！,下半场 45',5-0
低平球往门前送,下半场 45',5-0
莱万多夫斯基的铲射没有吃准部位,下半场 46',5-0
拜仁中场控球，想把最后的时间消耗,下半场 47',5-0
全场比赛结束！,完赛,5-0
最终拜仁主场5-0大胜萨格勒布,完赛,5-0
本场比赛莱万多夫斯基上演帽子戏法,完赛,5-0
两队之间的差距在本场比赛中也是体现出来,完赛,5-0
比赛的悬念也是在上半场早早失去了悬念,完赛,5-0
拿下比赛后，拜仁领跑小组积分榜首位,完赛,5-0
今天的比赛就为大家解说到这里，欢迎您继续关注新浪体育为您送上的其他精彩赛事直播节目，谢谢！,完赛,5-0
