大家好，欢迎收看新浪体育为您带来的欧冠F小组第4轮 拜仁慕尼黑VS阿森纳,未赛,0-0
欧冠F组3轮过后形势仍不明朗：拜仁和奥林匹亚科斯同积6分位居前两位,未赛,0-0
前2轮尽墨的阿森纳积3分排第三，萨格勒布迪纳摩3分因净胜球少垫底,未赛,0-0
拜仁出征欧冠时，坐镇主场安联球场的战绩一向彪悍,未赛,0-0
上赛季拜仁6个欧冠主场全胜、轰入22球,未赛,0-0
不过瓜迪奥拉也不会掉以轻心，因为温格的球队也很擅长在客场作赛,未赛,0-0
阿森纳近12个欧冠客场，拿到7胜2平3负的不错战绩,未赛,0-0
历史上，两队正式比赛遭遇9次，拜仁4胜2平3负进12球失10球稍占上风,未赛,0-0
拜仁在主场面对枪手4战2胜1平1负优势明显,未赛,0-0
欧战历史上，拜仁面对英格兰球队48战18胜16平14负，主场21战12胜6平3负,未赛,0-0
两队上次交锋，阿森纳在主场2-0完胜拜仁,未赛,0-0
目前两队首发阵容已经公布,未赛,0-0
拜仁慕尼黑首发阵容(4-3-3)：1-诺伊尔；21-拉姆，8-马丁内斯，16-博阿滕，27-阿拉巴；6-蒂亚戈，14-阿隆索，11-科斯塔；25-穆勒，9-莱万多夫斯基，29-科曼,未赛,0-0
阿森纳首发阵容(4-2-3-1)：33-切赫；2-德布希，5-加布里埃尔，4-默特萨克，18-蒙雷亚尔；34-科奎林，19-卡索拉；28-坎贝尔，11-厄齐尔，17-桑切斯；12-吉鲁,未赛,0-0
让我们来到比赛现场,未赛,0-0
双方球员已经入场了,未赛,0-0
上半场比赛开始！,上半场 1',0-0
首先开球的是阿森纳,上半场 1',0-0
阿森纳左路拿球到了底线,上半场 1',0-0
边路的下底到禁区内前点,上半场 1',0-0
吉鲁的抢点攻门将球打偏了,上半场 1',0-0
拜仁中场控球下来,上半场 3',0-0
阿拉巴拿球往前送,上半场 3',0-0
阿森纳这边断抢下来,上半场 3',0-0
没有什么机会先稳一下,上半场 3',0-0
科曼左路拿球，也是不着急进攻,上半场 4',0-0
拜仁将球大范围转移,上半场 4',0-0
科曼做球给到蒂亚戈,上半场 4',0-0
卡索拉后场将球拦截下来,上半场 4',0-0
坎贝尔想送直塞没有送过去,上半场 4',0-0
蒂亚戈拿球给到边路,上半场 5',0-0
科曼左路拿球没有起球的机会,上半场 5',0-0
蒂亚戈边路再传送禁区,上半场 5',0-0
切赫直接将球摘到,上半场 5',0-0
穆勒右路传球送禁区,上半场 6',0-0
队友第一下停球没有停好,上半场 6',0-0
阿森纳传球找坎贝尔,上半场 6',0-0
坎贝尔的停球也是没有停好,上半场 6',0-0
科曼前场拿球转移到了右路,上半场 7',0-0
阿拉巴禁区前沿尝试远射,上半场 7',0-0
切赫这边还是很稳的将球得到,上半场 7',0-0
拜仁这边又是尝试远射,上半场 8',0-0
这次打门的是科斯塔,上半场 8',0-0
这次科斯塔的打门有些偏,上半场 9',0-0
穆勒右路传中被干扰了,上半场 9',0-0
阿森纳中场拿球反击被断,上半场 9',0-0
拜仁又将球给到穆勒,上半场 10',0-0
穆勒这边在找机会,上半场 10',0-0
先回敲了,上半场 10',0-0
拜仁进球了！！！,上半场 10',1-0
莱万多夫斯基！！,上半场 10',1-0
蒂亚戈左路起球送禁区内，莱万多夫斯基像幽灵一样突然前插，无人看防的反越位直接头球攻门将球顶进！！,上半场 11',1-0
切赫这边也是在等裁判吹越位,上半场 11',1-0
但这球并不越位,上半场 11',1-0
慢动作显示，阿森纳造越位失败,上半场 12',1-0
阿森纳这边迅速扳平了比分！！,上半场 12',1-0
厄齐尔已经在庆祝了,上半场 13',1-0
但被裁判吹了回去,上半场 13',1-0
阿森纳传球给到左路，蒙雷亚尔底线传到前点，厄齐尔这边是用手给碰了进去,上半场 14',1-0
这球底线裁判给了一个主裁一个正确的判罚,上半场 14',1-0
场上的比分还是1-0，拜仁领先,上半场 14',1-0
拜仁前场拿球转移到左路,上半场 15',1-0
科曼禁区内拿球摔倒,上半场 15',1-0
裁判的位置很好，并没有吹点球,上半场 15',1-0
科曼左路接球，禁区内兜远角,上半场 15',1-0
切赫这边也是迅速做出了反应,上半场 16',1-0
拜仁长传找科曼,上半场 16',1-0
科曼禁区内接球，结果切赫这边先碰到了球,上半场 16',1-0
莱万多夫斯基禁区内拿球也是兜一脚,上半场 16',1-0
这球被切赫扑出底线,上半场 16',1-0
角球打了一个战术,上半场 17',1-0
禁区内挑传到中路,上半场 17',1-0
莱万多夫斯基原地起跳头球攻门被切赫摘到,上半场 17',1-0
科斯塔右路突破到底线,上半场 17',1-0
阿森纳这边先出一脚将球踢出底线,上半场 18',1-0
拜仁战术角球开出,上半场 18',1-0
阿拉巴挑传送后点,上半场 18',1-0
球先出了底线,上半场 18',1-0
这球是被吹了越位,上半场 18',1-0
厄齐尔之前的手臂进球也是得到一张黄牌！,上半场 19',1-0
拉姆右路拿球到了禁区里,上半场 20',1-0
倒三角传回来被解围了,上半场 20',1-0
拜仁前场转移到左路险些被断,上半场 24',1-0
坎贝尔边路防守的时候犯规,上半场 24',1-0
坎贝尔得到一张黄牌！,上半场 24',1-0
阻挡了对方球员的突破,上半场 25',1-0
看看拜仁左路的任意球机会,上半场 25',1-0
任意球送后点，莱万多夫斯基的包抄没有顶到,上半场 26',1-0
拜仁前场的横向转移被拦截,上半场 27',1-0
阿森纳传球送后点,上半场 28',1-0
拜仁的防守有些松懈了,上半场 28',1-0
2-0！！！,上半场 29',2-0
穆勒！！,上半场 29',2-0
拜仁右路起球送后点，科曼打凌空打疵了，球正好打在了穆勒身上，穆勒马上调整直接抽射近角破门！！,上半场 30',2-0
镜头也是给了温格,上半场 30',2-0
拜仁这边又有机会啊,上半场 31',2-0
右路传球直接送后点,上半场 32',2-0
又是险些直接破门了,上半场 32',2-0
阿森纳的后防有些担心啊,上半场 32',2-0
阿森纳这边有球员受伤,上半场 32',2-0
是！！,上半场 32',2-0
坎贝尔,上半场 32',2-0
经过短暂的调整，问题不大,上半场 32',2-0
拜仁左路传球送中路,上半场 35',2-0
队友的抢点并没有碰到,上半场 35',2-0
阿森纳这段时间很被动,上半场 35',2-0
拜仁这边又获得角球,上半场 36',2-0
角球还是打一个战术,上半场 36',2-0
右路传球送中路被阿森纳顶了出来,上半场 36',2-0
边路在进攻，趟大了,上半场 37',2-0
阿拉巴左路拿球，选择回敲,上半场 38',2-0
拜仁前场送直塞给到科曼,上半场 38',2-0
科曼将球分到边路,上半场 38',2-0
阿拉巴传球到中路被解围,上半场 38',2-0
禁区外围，蒂亚戈远射被挡出,上半场 38',2-0
阿拉巴左路下底到后点,上半场 39',2-0
这球传的并不理想,上半场 39',2-0
拜仁后场拿球，阿森纳这边上抢的也是很积极,上半场 41',2-0
但是阿森纳今天并不能将球控在脚下,上半场 41',2-0
上半场最后的几分钟，拜仁也是要将球控下来,上半场 42',2-0
莱万多夫斯基右路传球给到穆勒,上半场 42',2-0
穆勒停球下来直接扫射,上半场 43',2-0
切赫这边反应很快将球托出横梁,上半场 43',2-0
这球穆勒的反应很快,上半场 43',2-0
阿拉巴前场中路拿球,上半场 44',2-0
3-0！！,上半场 44',3-0
阿拉巴！！,上半场 44',3-0
世界波~~！！,上半场 44',3-0
拜仁传球找阿拉巴，阿森纳这边两人的围抢并没有抢下来，阿拉巴禁区弧顶直接远射将球打进！！,上半场 45',3-0
阿拉巴这脚打得太刁钻了,上半场 45',3-0
拜仁右路起球送禁区,上半场 45',3-0
切赫这边将球拿到,上半场 46',3-0
吉鲁前场拿球被碰了出去,上半场 46',3-0
上半场就1分钟的补时,上半场 46',3-0
阿森纳这边想追回来太难了,上半场 46',3-0
上半场比赛结束！,中场,3-0
经过45分钟的激战，拜仁主场3-0暂时领先阿森纳,中场,3-0
上半场比赛，拜仁占据完全的主动,中场,3-0
莱万多夫斯基、穆勒、阿拉巴先后破门帮助球队3球领先,中场,3-0
虽然厄齐尔打进一球，但先被吹了手球,中场,3-0
让我们稍事休息，一会儿为您带来双方下半场的比赛,中场,3-0
下半场比赛开始！,下半场 1',3-0
下半场比赛由拜仁开球,下半场 1',3-0
阿森纳前场拿球被拜仁破坏,下半场 1',3-0
拜仁后场断抢下来,下半场 1',3-0
科曼拿球推到中路,下半场 1',3-0
队友接球直接推射，球打在加布里埃尔身上,下半场 2',3-0
阿拉巴传球到禁区内,下半场 2',3-0
科奎林将球先解围了,下半场 2',3-0
拜仁战术角球开出,下半场 2',3-0
左路起球送中路,下半场 2',3-0
莱万多夫斯基没有抢到这点,下半场 2',3-0
厄齐尔右路拿球被破坏,下半场 4',3-0
桑切斯左路拿球没有机会,下半场 4',3-0
桑切斯今天也是没有太多表现,下半场 4',3-0
阿森纳前场拿球转移出来,下半场 6',3-0
德布希的下底被挡了下来,下半场 6',3-0
连续的一周双赛对双方的体能都是一个考验,下半场 7',3-0
科斯塔前场拿球内切,下半场 7',3-0
禁区前沿的打门被后卫干扰出了底线,下半场 7',3-0
角球还是打战术,下半场 7',3-0
还是要将球控在自己的脚下,下半场 8',3-0
拜仁这边要准备换人了,下半场 8',3-0
阿隆索的滑铲先将球拦截,下半场 9',3-0
拜仁换人，科曼下，罗本上！,下半场 9',3-0
4-0！！！,下半场 10',4-0
罗本！！,下半场 10',4-0
科斯塔左路拿球给到禁区里，阿拉巴接球后稍作调整，低平球给到小禁区前沿，罗本得球后直接推射近角破门！！,下半场 11',4-0
罗本的传球稍微大了一点,下半场 11',4-0
阿森纳这场比赛变得非常困难,下半场 11',4-0
阿森纳这边有机会啊,下半场 12',4-0
卡索拉正面队推射被诺伊尔扑出！！,下半场 12',4-0
阿森纳这边也要准备调整,下半场 13',4-0
阿森纳前场的转移直接出了边线,下半场 13',4-0
阿森纳换人,下半场 13',4-0
坎贝尔下，吉布斯上！,下半场 13',4-0
拜仁斜长传转移给到罗本,下半场 14',4-0
罗本低平球给到禁区弧顶,下半场 15',4-0
阿森纳这边上抢拦截了一下,下半场 15',4-0
吉鲁禁区前沿拿球，没有摆过来,下半场 15',4-0
阿拉巴左路突破被关门,下半场 17',4-0
吉鲁禁区内挑传有一个变向,下半场 17',4-0
这球传的并不好,下半场 18',4-0
拜仁这边打得并不着急了,下半场 18',4-0
前场拿球给到左路,下半场 18',4-0
阿森纳后场将球断抢下来,下半场 19',4-0
吉布斯前场边路拿球做撞墙,下半场 19',4-0
最后传的一下并不好,下半场 19',4-0
拜仁这边又要准备换人,下半场 19',4-0
阿森纳这边前场左路的任意球,下半场 19',4-0
厄齐尔送禁区内，威胁并不大,下半场 20',4-0
拜仁中场拿球，在找机会,下半场 22',4-0
罗本右路传球送禁区,下半场 22',4-0
穆勒前点拿球再传后点,下半场 22',4-0
威胁并不大,下半场 22',4-0
拜仁这边获得角球机会,下半场 23',4-0
拜仁换人,下半场 23',4-0
博阿滕下，贝纳蒂亚上！,下半场 23',4-0
拜仁传球送禁区,下半场 23',4-0
蒂亚戈点回来被门将得到,下半场 23',4-0
4-1！！！,下半场 24',4-1
吉鲁！！,下半场 24',4-1
阿森纳左路起球送禁区，吉鲁胸部停球下来后着急抽射，诺伊尔这次做出反应但是没有碰到球！,下半场 25',4-1
阿森纳这边扳回一球,下半场 25',4-1
拉姆右路助攻上来,下半场 25',4-1
底线传球送禁区内,下半场 25',4-1
切赫将球扑出,下半场 25',4-1
拜仁再次换人,下半场 25',4-1
莱万多夫斯基下，比达尔上！,下半场 26',4-1
桑切斯中场拿球被侵犯,下半场 26',4-1
拜仁后场控球，还是要控制住,下半场 29',4-1
阿森纳这段攻势渐渐有所起色,下半场 29',4-1
吉鲁前场越位位置回接,下半场 30',4-1
阿森纳中场将球转移出来,下半场 31',4-1
右路拿球到了禁区内,下半场 31',4-1
最后的一传没有传出来,下半场 32',4-1
阿森纳这边下底回敲,下半场 32',4-1
卡索拉的打门有些离谱,下半场 32',4-1
阿森纳传球送前点,下半场 33',4-1
球被对方先解围了,下半场 34',4-1
阿森纳这边有角球机会,下半场 34',4-1
角球送后点,下半场 34',4-1
默特萨克头球摆渡回来,下半场 34',4-1
二点并没有机会,下半场 34',4-1
拜仁将球转移到了左路,下半场 35',4-1
罗本接球后送后点,下半场 36',4-1
队友头球攻门被科斯塔自己挡了下来,下半场 36',4-1
蒂亚戈挑传送禁区,下半场 37',4-1
这球没有传过去,下半场 37',4-1
罗本这边单刀了！！,下半场 38',4-1
过掉了门将后自己带大了,下半场 38',4-1
后卫的及时补防将球先铲了出去！！,下半场 38',4-1
阿森纳换人，吉鲁下，伊沃比上,下半场 39',4-1
拜仁长传打到右路,下半场 40',4-1
罗本接球后将球回敲,下半场 40',4-1
穆勒这边又有机会,下半场 41',4-1
角度太小，没有传出来,下半场 42',4-1
阿森纳再次换人,下半场 42',4-1
卡索拉下，钱伯斯上！,下半场 42',4-1
5-1！！！,下半场 44',5-1
穆勒！！,下半场 44',5-1
拜仁前场2人进攻，队友做球给到穆勒，穆勒调整好步点后推射近角破门！！,下半场 44',5-1
比赛已经进入到伤停补时阶段,下半场 46',5-1
拜仁长传打到左路,下半场 47',5-1
队友接球到了禁区被破坏,下半场 47',5-1
全场比赛结束！,完赛,5-1
最终拜仁主场5-1击败阿森纳,完赛,5-1
拜仁取得胜利有小组积分也是来到了9分,完赛,5-1
而阿森纳想要从小组中出现将是非常的有难度,完赛,5-1
下半场比赛，罗本登场便破门,完赛,5-1
虽然吉鲁扳回一球，但比赛临近尾声，穆勒低射再入一球,完赛,5-1
今天的比赛就为大家解说到这里，欢迎您继续关注新浪体育为您送上的其他精彩赛事直播节目，谢谢！,完赛,5-1
