大家好，欢迎收看新浪体育为您带来的英超第4轮 斯旺西VS曼联,未赛,0-0
上赛季曼联对斯旺西两场丢的4个球，寄诚庸进了两个、西古德森进了1个、还有一个是谢尔维远射折射破门,未赛,0-0
此外这4个球里有两个是西古德森和谢尔维助攻的,未赛,0-0
以上3人都是斯旺西中场中路球员（寄诚庸和谢尔维是后腰、西古德森是前腰）,未赛,0-0
本赛季曼联在后腰位置下了大力气，引入了施耐德林和施魏因斯泰格这两名悍将,未赛,0-0
从名气和个人能力上来说，现在曼联的腰要强于斯旺西的腰,未赛,0-0
周中欧冠附加赛鲁尼终于结束了878分钟的正赛进球荒，而且一进就是3个状态看起来好得不得了,未赛,0-0
据范加尔透露，曼联近4场的首发前腰亚努扎伊在周中欧冠附加赛受伤将缺席本场,未赛,0-0
范加尔在亚努扎伊缺席后有两套方案，一套是鲁尼继续踢中锋其他人踢前腰，一套是用鲁尼回撤踢前腰让埃尔南德斯踢中锋,未赛,0-0
埃雷拉周中欧冠附加赛踢前腰表现非常出色，得到了范加尔的肯定，但埃雷拉的防守是软肋,未赛,0-0
两队共有25次交锋，曼联11胜5平9负略有上风,未赛,0-0
上赛季斯旺西双杀曼联，是他们队史上首次,未赛,0-0
目前两队首发阵容已经公布,未赛,0-0
斯旺西首发：1-法比安斯基，26-诺顿，33-费德里科，6-威廉姆斯，3-尼尔-泰勒；24-杰克-科克，8-谢尔维；23-西古德森，10-安德列-阿尤，15-劳特利奇；18-戈米斯,未赛,0-0
曼联首发：20-罗梅罗；36-达米安，12-斯马林，17-布林德，23-卢克-肖；28-施奈德林，31-施魏因斯泰格；8-马塔，21-埃雷拉，7-德佩；10-鲁尼,未赛,0-0
本场比赛施奈德林和施魏因斯泰格替换卡里克和受伤的贾努扎伊出场,未赛,0-0
让我们来到比赛现场,未赛,0-0
双方球员已经入场,未赛,0-0
上半场比赛开始！,上半场 1',0-0
首先开球的是曼联,上半场 1',0-0
曼联右路传球被挡,上半场 1',0-0
德佩前场拿球被侵犯,上半场 1',0-0
曼联前场左路禁区前沿的任意球,上半场 1',0-0
位置上还是不错的,上半场 2',0-0
德佩任意球直接打门！！,上半场 2',0-0
法比安斯基侧扑将球扑了出去,上半场 2',0-0
曼联前场控球被破坏,上半场 4',0-0
斯旺西中场滑铲将球拦截,上半场 4',0-0
长传直接送到禁区内,上半场 4',0-0
罗梅罗直接将球拿到,上半场 4',0-0
斯旺西再送直塞到禁区内,上半场 5',0-0
劳特利奇这边被后卫干扰没有拿到,上半场 6',0-0
鲁尼长传转移找到右路,上半场 6',0-0
马塔这边边路接球被破坏,上半场 6',0-0
双方在中场的拼抢还是很激烈,上半场 8',0-0
斯旺西前场拿球给到左路,上半场 8',0-0
尼尔-泰勒拿球给到门前,上半场 8',0-0
球在中路被曼联解围出来,上半场 8',0-0
达米安中场边路出球出现失误,上半场 9',0-0
马塔前场拿球结果被卡住身位,上半场 9',0-0
曼联后场拿球稳下节奏,上半场 9',0-0
斯旺西今天准备的还是很充分的,上半场 9',0-0
马塔前场拿球横向转移,上半场 11',0-0
曼联这边打得也是很稳,上半场 11',0-0
斯旺西后场边路将球抢断下来,上半场 11',0-0
中场的长传直接送到了罗梅罗手里,上半场 11',0-0
曼联中场回敲被断,上半场 12',0-0
戈米斯禁区前沿拿球转身,上半场 12',0-0
没有起脚的机会,上半场 12',0-0
开场10分钟，曼联控球70%,上半场 13',0-0
斯马林后场长传直接送到对方手里,上半场 13',0-0
尼尔-泰勒边路传球没有威胁,上半场 14',0-0
曼联现在控球但没有创造出太好的机会,上半场 16',0-0
埃雷拉前场拿球给到右路,上半场 17',0-0
马塔边路接球，没人去接应,上半场 17',0-0
埃雷拉前场拿球又是被西古德森放倒,上半场 17',0-0
这球对曼联有利，裁判没吹,上半场 17',0-0
曼联右路起球送后点,上半场 17',0-0
斯旺西后卫头球顶出底线,上半场 17',0-0
德佩来罚角球,上半场 17',0-0
角球送后点，队友摆渡后到中路,上半场 18',0-0
斯马林再打门的时候先犯规,上半场 18',0-0
曼联这边有机会,上半场 18',0-0
中场长传直接推了一个身后,上半场 19',0-0
鲁尼禁区内接球后先摆脱一名防守球员,上半场 19',0-0
禁区内，鲁尼再扣被对方拦截,上半场 19',0-0
曼联左路拿球，跟鲁尼寻求配合,上半场 20',0-0
马塔禁区内劲射打近角打偏了！！,上半场 21',0-0
曼联左路策动攻势，埃雷拉停球后转身做球，给到位置更好的马塔，但马塔的打门稍微差了点,上半场 21',0-0
马塔前场停球转身险些丢球,上半场 22',0-0
斯旺西这段时间还是在防守,上半场 23',0-0
阵型上并没有太多的回收,上半场 23',0-0
斯旺西中场断抢下来,上半场 23',0-0
中场挑传给到曼联身后,上半场 23',0-0
戈米斯前插后在禁区边缘直接打门了,上半场 24',0-0
这球力量是够，但是没有打正,上半场 24',0-0
安德列-阿尤前场拿球被放倒,上半场 25',0-0
谢尔维任意球打得比较突然,上半场 25',0-0
送了一个低平球，禁区内戈米斯转身领了一下直接给了西古德森,上半场 26',0-0
西古德森门前近距离推射稍稍打偏！,上半场 26',0-0
罗梅罗后场解围直接送到斯旺西脚下,上半场 26',0-0
西古德森吊射没有控制好脚法,上半场 27',0-0
罗梅罗门线上将球拿到,上半场 27',0-0
斯旺西前场右路送直塞,上半场 27',0-0
戈米禁区内接球后一扣摆脱防守，外脚背直接打门，球弹地后击中立柱出了底线！,上半场 28',0-0
戈米这球没打进也是非常的气愤,上半场 28',0-0
曼联中场控球要稳一下,上半场 29',0-0
刚刚的两波攻势还是非常的有威胁,上半场 29',0-0
鲁尼门前近距离垫射将球打高,上半场 30',0-0
斯马林右路进攻跟杰克-科克有些冲突,上半场 30',0-0
右路的进攻斯马林动作有些大,上半场 30',0-0
杰克-科克也是有些不满意,上半场 30',0-0
卢克-肖左路也是助攻上来,上半场 31',0-0
禁区外围尝试打一脚打得太正,上半场 31',0-0
上半场打了30分钟，两队都还是有一定的机会,上半场 32',0-0
阵地的传球还是有自己的能力,上半场 32',0-0
曼联边路拿球横向转移,上半场 33',0-0
鲁尼这边禁区内有机会,上半场 34',0-0
直接送禁区内，鲁尼也前插了,上半场 34',0-0
最后小角度的打门没有打好,上半场 34',0-0
戈米前场接球的时候先越位了,上半场 35',0-0
施魏因斯泰格中场的拼抢碰了自己的腿,上半场 35',0-0
马塔前场做球回来,上半场 36',0-0
埃雷拉禁区外围低射,上半场 36',0-0
法比安斯基做出 扑救动作，但是这球打偏了,上半场 36',0-0
斯旺西的传递非常有耐心,上半场 38',0-0
施奈德林滑铲的动作有些大,上半场 38',0-0
施奈德林得到一张黄牌！,上半场 38',0-0
斯旺西前场左路的任意球机会,上半场 38',0-0
任意球转向后点,上半场 39',0-0
罗梅罗接球出现脱手,上半场 39',0-0
好在空中，罗梅罗自己将球拿了回来,上半场 39',0-0
曼联在传球方面也是领先斯旺西,上半场 40',0-0
曼联这段时间打得有些着急,上半场 40',0-0
马塔边路接球没有转身的机会,上半场 41',0-0
曼联这段世界级控制下比赛节奏,上半场 41',0-0
德佩左路进攻脚底打滑,上半场 41',0-0
反抢的时候德佩拉人犯规,上半场 41',0-0
德佩也是比较着急,上半场 41',0-0
德佩得到一张黄牌！,上半场 41',0-0
劳特利奇这边反抢的时候也拉人,上半场 43',0-0
劳特利奇得到一张黄牌！,上半场 43',0-0
上半场临近尾声了,上半场 45',0-0
马塔拿球给到斯马林,上半场 45',0-0
上半场比赛补时1分钟,上半场 45',0-0
曼联中场控球下来被断,上半场 46',0-0
埃雷拉前场抢断下来,上半场 46',0-0
横敲给到左路,上半场 46',0-0
裁判的勺子响了,上半场 46',0-0
上半场比赛结束！,中场,0-0
经过45分钟的激战，两队暂时打成了0-0,中场,0-0
上半场比赛，曼联想抢开局，但斯旺西这边布置的很到位,中场,0-0
而反击中，斯旺西的戈米也是给曼联的后防带来了极大的困难,中场,0-0
让我们稍事休息，一会儿为您带来双方下半场的比赛,中场,0-0
下半场比赛开始！,下半场 1',0-0
下半场比赛由斯旺西开球,下半场 1',0-0
斯旺西左路送直塞没有给过去,下半场 1',0-0
下半场开始后，斯旺西也是开始提速,下半场 2',0-0
西古德森前场拿球险些被断,下半场 2',0-0
右路谢尔维的出球不是太好,下半场 2',0-0
布林德后场横敲给的并不好,下半场 2',0-0
达米安只能先犯规将对方放倒,下半场 3',0-0
谢尔维任意球直接打门了,下半场 3',0-0
这球打得太正被罗梅罗得到,下半场 3',0-0
0-1！！！,下半场 3',0-1
马塔！！,下半场 3',0-1
卢克-肖中场对角下来拼的机会，左路半高球送禁区内，鲁尼前点有些犹豫，最后没有碰球，后点，马塔跟进推射上角破门！,下半场 4',0-1
安德列-阿尤这边似乎有些受伤,下半场 5',0-1
斯旺西中场拿球被拦截,下半场 6',0-1
德佩右路传球送禁区内,下半场 6',0-1
前点斯旺西的解围险些自摆乌龙，法比安斯基反应迅速将球托了一下,下半场 6',0-1
斯旺西前场右路获得定位球机会,下半场 8',0-1
任意球送中路,下半场 8',0-1
前点的安德列-阿尤没有拿到,下半场 8',0-1
后点直接虚晃了一下跟进的球员,下半场 8',0-1
埃雷拉前场左路拿球送直塞,下半场 9',0-1
卢克-肖套边上来后下底到禁区,下半场 9',0-1
鲁尼后点原地起跳头球攻门没有顶上力量,下半场 9',0-1
起跳的时候稍微有些早,下半场 9',0-1
德佩前场拿球一对一,下半场 10',0-1
裁判先吹了德佩进攻犯规,下半场 10',0-1
斯旺西这边换人调整,下半场 12',0-1
劳特利奇下，寄诚庸上！,下半场 12',0-1
曼联这边又有机会,下半场 13',0-1
埃雷拉禁区前沿送直塞,下半场 14',0-1
禁区内马塔不做调整低射近角,下半场 14',0-1
这球没有打上力量,下半场 14',0-1
法比安斯基也是封住了角度,下半场 14',0-1
1-1！！,下半场 14',1-1
安德列-阿尤！！,下半场 15',1-1
斯旺西利用曼联之前的进攻打空挡，中场拿球直接给到右路，西古德森边路拿球没人防守，直接起送禁区中路，安德列-阿尤顶了一个反弹球将球顶进！,下半场 15',1-1
西古德森底线附近横敲中路,下半场 16',1-1
戈米中路插上后没有推到,下半场 16',1-1
斯旺西这边进球后攻势更盛,下半场 19',1-1
2-1！！！,下半场 19',2-1
戈米！！,下半场 19',2-1
斯旺西中场拿球给到右路，安德列-阿尤边路的挑传送身后，戈米前插后小角度打门打近角将球打进！！,下半场 20',2-1
斯旺西瞬间将比分反超了,下半场 20',2-1
这下比赛有意思了,下半场 20',2-1
看看曼联接下来要怎么破,下半场 21',2-1
斯旺西中场出球有些慢,下半场 21',2-1
曼联这边要准备连换2人,下半场 21',2-1
卡里克和阿什利-扬准备上场,下半场 21',2-1
曼联前插拿球给到德佩,下半场 22',2-1
曼联传球送门前，大了,下半场 23',2-1
曼联换人，马塔下，阿什利-扬上！,下半场 23',2-1
施奈德林下，卡里克上！,下半场 23',2-1
德佩左路拿球给到卢克-肖,下半场 24',2-1
曼联将球转移到了右路,下半场 24',2-1
阿什利-扬边路的起球被挡,下半场 24',2-1
底线再传被法比安斯基得到,下半场 25',2-1
施魏因斯泰格前场拿球，没有快速分出来,下半场 26',2-1
卢克-肖左路起球被顶了出来,下半场 26',2-1
曼联这边又要准备调整,下半场 28',2-1
先看看曼联的这次进攻,下半场 28',2-1
右路的起球送禁区内,下半场 28',2-1
德佩的头球攻门被对方干扰，没有威胁,下半场 28',2-1
曼联这段时间打得有些着急,下半场 30',2-1
曼联换人，埃雷拉下，费莱尼上！,下半场 30',2-1
曼联这边的禁区内有高点了,下半场 30',2-1
现在留给曼联的时间并不是太多,下半场 32',2-1
卢克-肖带球往前走,下半场 33',2-1
曼联将球转移到了右路,下半场 33',2-1
斯旺西的反击,下半场 35',2-1
戈米停球后用身体抗住,下半场 35',2-1
斯旺西将球转移到左路,下半场 35',2-1
裁判这边举旗示意越位了,下半场 35',2-1
这球，戈米肯定是越位的位置,下半场 36',2-1
谢尔维这边还在跟裁判理论,下半场 36',2-1
谢尔维得到一张黄牌！,下半场 36',2-1
斯旺西换人,下半场 36',2-1
戈米下，埃德尔上！,下半场 36',2-1
曼联这边中场的任意球,下半场 37',2-1
直接往禁区里送,下半场 39',2-1
费莱尼这边先越位了,下半场 39',2-1
曼联中场传球直接出了底线,下半场 40',2-1
曼联这边还在抓紧机会,下半场 41',2-1
难道今年他们还会输？,下半场 42',2-1
曼联中场起高球,下半场 42',2-1
费莱尼这边先犯规,下半场 42',2-1
曼联再次起高球到禁区内,下半场 43',2-1
鲁尼这边有单刀球的机会,下半场 43',2-1
禁区内太求稳了，结果被后卫补防拦截了,下半场 43',2-1
鲁尼还在跟裁判交涉,下半场 44',2-1
斯旺西换人，谢尔维下，巴特利上！,下半场 44',2-1
德佩左路起球送禁区内,下半场 45',2-1
法比安斯基出击将球先摘到,下半场 45',2-1
下半场补时4分钟！,下半场 46',2-1
阿什利-扬右路起球送禁区，落点不理想,下半场 46',2-1
斯旺西前场又是断抢下来,下半场 47',2-1
底线附近又被曼联反断回去,下半场 47',2-1
卢克-肖左路挑传送禁区内,下半场 48',2-1
禁区内全是人啊，曼联这边也没有机会,下半场 49',2-1
曼联左路拿球又是被破坏,下半场 49',2-1
曼联中场拿球，没有转身的机会,下半场 50',2-1
全场比赛结束！,完赛,2-1
最终斯旺西主场反败为胜击败了曼联,完赛,2-1
下半场比赛，马塔打破僵局，但阿尤和戈米斯6分钟连入2球逆转,完赛,2-1
曼联遭遇新季首败，下轮将迎战利物浦,完赛,2-1
今天的比赛就为大家解说到这里，欢迎您继续关注新浪体育为您送上的其他精彩赛事直播节目，谢谢！,完赛,2-1
