大家好，欢迎收看新浪体育为您带来的英超第13轮 曼城VS利物浦,未赛,0-0
尽管2支球队在近年来的交锋中各有胜负，但在联赛赛场上，利物浦已经连续6场比赛无法在伊蒂哈德球场取得胜利,未赛,0-0
红军上一次在这块场地取胜还要追溯到遥远的2008年,未赛,0-0
在新帅克洛普的带领下，利物浦第11轮就在客场掀翻了切尔西，本轮挑战曼城，红军将士渴望打破魔咒,未赛,0-0
双方的近8次交锋中，每场比赛都至少产生3粒进球，比赛场面都非常开放,未赛,0-0
值得一提的是，利物浦核心库蒂尼奥在近4次对阵曼城的比赛中取得了3粒进球，堪称曼城杀手,未赛,0-0
两队的主力前锋阿圭罗和斯图里奇都有望在本轮复出,未赛,0-0
作为球队的绝对主力，大卫-席尔瓦和阿圭罗一支是曼城前场攻击力的最佳保证，在二者缺阵的这段时间，曼城在联赛中的进球数量持续下滑,未赛,0-0
两支球队历史上共有过170次交锋，曼城44胜44平83负占据下风,未赛,0-0
但随着曼城近年来的崛起，双方的交战已趋于均势，近10次交锋中，两队各自取得3场胜利，其余4场比赛以平局收场,未赛,0-0
目前两队首发阵容已经公布,未赛,0-0
曼城首发：1-哈特；3-萨尼亚、20-曼加拉、26-德米凯利斯、11-科拉罗夫；6-费尔南多、42-亚亚-图雷；15-纳瓦斯、17-德布劳内、7-斯特林；10-阿圭罗。,未赛,0-0
利物浦首发：22-米尼奥莱；2-克莱因、37-斯科特尔、6-洛夫伦、18-莫雷诺；21-卢卡斯、23-埃姆雷-詹；7-米尔纳、10-库蒂尼奥、20-拉拉纳；11-菲尔米诺,未赛,0-0
让我们来到比赛现场,未赛,0-0
双方球员已经入场,未赛,0-0
利物浦身穿红色的比赛球衣,未赛,0-0
曼城身穿蓝色的比赛球衣,未赛,0-0
赛前对阵双方排成一字阵进行默哀，开赛前播放法国国歌马赛曲,未赛,0-0
哀悼巴黎恐怖袭击罹难者,未赛,0-0
上半场比赛马上开始,未赛,0-0
上半场比赛开始！,上半场 1',0-0
首先开球的是利物浦,上半场 1',0-0
利物浦前场拿球送直塞,上半场 1',0-0
哈特出击将球拿到,上半场 1',0-0
曼城转移到左路，科拉罗夫没有拿到,上半场 1',0-0
米尔纳中场拼抢被抢断,上半场 2',0-0
曼城将球转移到了右路,上半场 2',0-0
萨尼亚拿球交给队友,上半场 2',0-0
德布劳内这球并没有控制好,上半场 2',0-0
利物浦上来抢的很凶,上半场 3',0-0
科拉罗夫中场停球又是险些失误,上半场 3',0-0
阿圭罗左路带球到了禁区里,上半场 3',0-0
底线附近被后卫先破坏了出去,上半场 3',0-0
曼城左路掷球出来,上半场 4',0-0
底线附近，科拉罗夫赢得角球机会,上半场 4',0-0
角球送前点被利物浦顶了出去,上半场 4',0-0
破坏的是斯科特尔,上半场 4',0-0
斯特林左路拿球到了禁区边缘,上半场 4',0-0
内切后的一脚打门被后卫挡出,上半场 5',0-0
曼城再传身后找费尔南多,上半场 5',0-0
边裁这边举旗示意费尔南多越位,上半场 5',0-0
利物浦前场右路策动攻势,上半场 5',0-0
哈特冲出禁区将球解围出了边线,上半场 5',0-0
利物浦界外球快发，哈特这边还在往回跑,上半场 6',0-0
曼城这边后卫封住出球路线,上半场 6',0-0
利物浦这次快速反击没有打出来,上半场 6',0-0
库蒂尼奥左路拿球连续做配合,上半场 6',0-0
底线附近，拉拉纳接球先越位,上半场 7',0-0
0-1！！！,上半场 8',0-1
曼加拉！！,上半场 8',0-1
哈特后场开球到中场，萨尼亚停球后被库蒂尼奥抢断，库蒂尼奥带球到禁区前沿送直塞到底线，菲尔米诺前插后直接倒三角传回来，曼加拉回防不慎将球踢进自家球门！！！,上半场 9',0-1
哈特自己也没有想到这球会是自己的队员将球碰了进去,上半场 9',0-1
看看曼城接下来会怎么调整,上半场 10',0-1
曼城右路低平球往中路送,上半场 10',0-1
米尔纳将球先解围出底线,上半场 10',0-1
角球送禁区里,上半场 10',0-1
斯特林停球往禁区里走,上半场 10',0-1
准备打门的时候被对方铲倒,上半场 10',0-1
裁判对这球没有吹罚，而是示意继续,上半场 11',0-1
曼加拉到边线去捡球，球迷也是鼓励的一下,上半场 11',0-1
德布劳内右路传球被挡出边线,上半场 12',0-1
纳瓦斯边路进攻没有突破过去,上半场 12',0-1
利物浦这边快速进攻,上半场 12',0-1
右路拿球往中路送的时候没有给好,上半场 12',0-1
斯特林后场断球下来,上半场 12',0-1
曼城右路起球送中路,上半场 12',0-1
想做给阿圭罗，但这球没有碰到,上半场 13',0-1
想法还是很好的,上半场 13',0-1
曼城将球转移到左路,上半场 13',0-1
科拉罗夫边路传球的时候落点低了点,上半场 13',0-1
两队开场后节奏并不慢,上半场 15',0-1
菲尔米诺前场连续摆脱,上半场 15',0-1
最后出球的一下被铲了出去,上半场 16',0-1
曼城后场大脚打到中场,上半场 17',0-1
利物浦这边先头球顶了出去,上半场 17',0-1
德布劳内中场没有拿住球,上半场 17',0-1
利物浦长传打身后,上半场 17',0-1
菲尔米诺停球在找机会,上半场 17',0-1
拉拉纳禁区内前插形成单刀,上半场 18',0-1
这球先越位了,上半场 18',0-1
拉拉纳已经有2次越位了,上半场 18',0-1
米尔纳禁区前沿接队友传球,上半场 19',0-1
不做调整直接打门了,上半场 19',0-1
这球也是稍稍打高了,上半场 19',0-1
这球米尔纳在打门的时候没有调整好,上半场 20',0-1
拉拉纳边路防守科拉罗夫的时候犯规了,上半场 20',0-1
曼城左路起球送禁区,上半场 21',0-1
禁区内被利物浦先顶了出来,上半场 21',0-1
亚亚-图雷中场拿球在找机会,上半场 21',0-1
卢卡斯边路的防守有犯规的嫌疑,上半场 21',0-1
曼城右路拿球被库蒂尼奥破坏,上半场 22',0-1
德布劳内底线传球到禁区,上半场 22',0-1
克莱因将球先解围出来,上半场 22',0-1
亚亚-图雷前场带球，在后卫的干扰下没有带好,上半场 22',0-1
德布劳内右路拿球，利物浦的解围打在自己身上出了边线,上半场 23',0-1
0-2！！！,上半场 23',0-2
库蒂尼奥！！！,上半场 23',0-2
利物浦中场断球，菲尔米诺带球到禁区边缘，斜线传球给到禁区内，库蒂尼奥插上后冷静推射将球打进！！,上半场 24',0-2
曼加拉这边漏人了,上半场 24',0-2
菲尔米诺左路从对方脚下断球,上半场 26',0-2
轻巧的跳球过人最后被费尔南多解围,上半场 26',0-2
利物浦的角球机会,上半场 26',0-2
角球送前点被亚亚-图雷解围,上半场 26',0-2
曼城的反击被莫雷诺先顶了一下,上半场 27',0-2
莫雷诺边路抢断将球破坏,上半场 27',0-2
曼加拉中场拿球往前送,上半场 27',0-2
球速上有点慢被利物浦解围,上半场 28',0-2
曼城前场拿球给到左路,上半场 29',0-2
科拉罗夫的传中被后卫挡出底线,上半场 29',0-2
角球送前点,上半场 29',0-2
中路又是斯科特尔头球解围,上半场 29',0-2
镜头也是给到了孔帕尼,上半场 30',0-2
孔帕尼的缺阵对曼城的后防影响还是很大,上半场 30',0-2
斯特林禁区前沿送直塞,上半场 31',0-2
阿圭罗禁区内一扣想晃开斯科特尔,上半场 31',0-2
这球被斯科特尔留下了,上半场 31',0-2
但阿圭罗这边示意斯科特尔有手球,上半场 31',0-2
但裁判并没有理会,上半场 32',0-2
曼城左路低平球送禁区,上半场 32',0-2
这球并没有打穿防线,上半场 32',0-2
利物浦这边反击的机会,上半场 32',0-2
库蒂尼奥禁区外围远射！！！,上半场 32',0-2
哈特站位很好将球击出！！,上半场 32',0-2
0-3！！！,上半场 32',0-3
菲尔米诺！！！,上半场 33',0-3
埃姆雷-詹禁区前沿脚后跟传球给到库蒂尼奥，库蒂尼奥带球到小禁区，哈特出击的同时库蒂尼奥横敲给到同时前插的菲尔米诺，菲尔米诺接球后冷静推射空门得分,上半场 35',0-3
这下对曼城来说非常不利了,上半场 35',0-3
险些4-0啊,上半场 35',0-3
哈特这边禁区内将球扑了出去,上半场 35',0-3
打门的是菲尔米诺,上半场 35',0-3
利物浦的进攻又来了,上半场 36',0-3
菲尔米诺禁区内推射远角，球擦着立柱出了底线！！,上半场 36',0-3
利物浦的打法打得非常简洁,上半场 36',0-3
曼城这边需要尽快的做调整,上半场 37',0-3
曼城左路下底被米尼奥莱得到,上半场 38',0-3
莫雷诺边路低平球横敲到禁区,上半场 38',0-3
曼城先将球解围出来,上半场 38',0-3
阿圭罗中场拿球被拉倒,上半场 38',0-3
卢卡斯得到一张黄牌！,上半场 39',0-3
斯特林前场拿球给到边路,上半场 40',0-3
曼城边路起球被挡出底线,上半场 40',0-3
角球送前点，第一点还是被利物浦拿到,上半场 40',0-3
利物浦前场拿球转移到右路,上半场 42',0-3
库蒂尼奥拿球在寻找机会,上半场 42',0-3
1-3！！！,上半场 44',1-3
阿圭罗！！,上半场 44',1-3
斯科特尔后场传球出现失误，阿圭罗接队友传球后在禁区弧顶远射！！米尼奥莱虽然做出了判断，但是无奈角度太刁钻！！,上半场 45',1-3
利物浦中场拿球往前走,上半场 45',1-3
送直塞到禁区内,上半场 45',1-3
哈特出击将球拿到,上半场 45',1-3
萨尼亚拿球往前传,上半场 46',1-3
斯科特尔将球先解围,上半场 46',1-3
上半场补时2分钟！！,上半场 46',1-3
科拉罗夫边路传球被斯科特尔解围,上半场 46',1-3
曼城的角球,上半场 46',1-3
角球送中路，队友头球点了一下,上半场 46',1-3
二点并没有曼城的队员马上跟进,上半场 47',1-3
曼城左路的配合出现了失误,上半场 47',1-3
上半场比赛结束！,中场,1-3
经过45分钟的激战，曼城1-3落后利物浦,中场,1-3
上半场比赛，两队就奉献了4粒进球,中场,1-3
上半场比赛，曼加拉先自摆乌龙，随后，库蒂尼奥和菲尔米诺先后破门帮助利物浦3球领先,中场,1-3
而阿圭罗在上半场临近尾声的时候远射扳回一球,中场,1-3
让我们稍事休息，一会儿为您带来双方下半场的比赛,中场,1-3
让我们回到比赛现场,中场,1-3
曼城这边做出了两个换人调整,中场,1-3
下半场比赛开始！,下半场 1',1-3
下半场比赛由曼城开球,下半场 1',1-3
亚亚-图雷被费尔南迪尼奥换下,下半场 1',1-3
德尔菲换下了纳瓦斯,下半场 1',1-3
费尔南迪尼奥中场带球被铲倒,下半场 2',1-3
埃姆雷-詹得到一张黄牌！,下半场 2',1-3
埃姆雷-詹是从侧后方铲倒了对方,下半场 2',1-3
这球虽然先碰到了球，但还是被出示了黄牌,下半场 3',1-3
曼城左路起球送禁区,下半场 3',1-3
这球比较靠近门将,下半场 3',1-3
德布劳内中场带球被米尔纳放倒,下半场 4',1-3
斯特林前场停球没有停好,下半场 5',1-3
曼城右路传球给到前点,下半场 5',1-3
阿圭罗这边并没有先拿到球,下半场 5',1-3
曼加拉处理球出现失误,下半场 5',1-3
埃姆雷-詹传球往禁区里送,下半场 5',1-3
这球也是传大了,下半场 6',1-3
斯科特尔前场挑传没有过顶,下半场 6',1-3
米尔纳边路带球被阿圭罗放倒,下半场 7',1-3
利物浦前场的任意球机会,下半场 7',1-3
米尔纳任意球送中路,下半场 7',1-3
力量稍微小了一些,下半场 7',1-3
第一点被曼城头球顶了出来,下半场 7',1-3
曼城这边通过中场有些困难,下半场 8',1-3
斯特林右路拿球被铲了出去,下半场 9',1-3
埃姆雷-詹后场又是一次抢断,下半场 9',1-3
曼城这边很快将球反抢回来,下半场 9',1-3
德布劳内边路起球送后点,下半场 9',1-3
利物浦先头球顶了出去,下半场 10',1-3
曼城的角球机会,下半场 10',1-3
角球送前点,下半场 10',1-3
菲尔米诺将球解围出危险区域,下半场 10',1-3
德尔菲禁区外围尝试远射将球打高,下半场 10',1-3
菲尔米诺拿球给到禁区,下半场 11',1-3
米尔纳这边稍稍慢了些,下半场 12',1-3
控球上，曼城还是占据优势,下半场 13',1-3
斯特林禁区前沿拿球,下半场 14',1-3
远射！！经过两次折射后还是没有形成威胁,下半场 14',1-3
曼加拉的传球又是出现失误,下半场 14',1-3
米尔纳右路拿球,下半场 15',1-3
往前推的时候被对方干扰,下半场 15',1-3
最后传的一下也是给大了,下半场 15',1-3
利物浦前场三传两倒到了禁区内,下半场 15',1-3
菲尔米诺禁区内推射被哈特挡了一下后稍稍高出横梁,下半场 16',1-3
这球曼城的防守再次出现了问题,下半场 16',1-3
利物浦的角球机会,下半场 16',1-3
角球送禁区内，头球攻门被哈特拿到,下半场 16',1-3
利物浦前场拿球送直塞给到库蒂尼奥,下半场 18',1-3
库蒂尼奥晃开门将后打空门球进，但是先越位了！！,下半场 18',1-3
库蒂尼奥自己也是乐了,下半场 18',1-3
曼城这边有机会,下半场 19',1-3
米尔纳回传出现失误,下半场 20',1-3
阿圭罗的打门被米尼奥莱封住！！,下半场 20',1-3
斯特林右路带球被侵犯,下半场 20',1-3
曼城任意球送后点,下半场 20',1-3
费尔南多垫射将球打高,下半场 21',1-3
曼城换人，阿圭罗下，伊赫纳乔上！,下半场 21',1-3
库蒂尼奥倒在了地上,下半场 22',1-3
争抢的时候拉伤了大腿,下半场 23',1-3
利物浦换人，库蒂尼奥下，艾比上！,下半场 23',1-3
科拉罗夫中场拿球控制一下,下半场 25',1-3
伊赫纳乔前场停球有些大,下半场 25',1-3
在往前走的时候被抢断,下半场 25',1-3
艾比底线拿球赢得一个角球,下半场 26',1-3
角球送中路,下半场 26',1-3
曼城拿到第一落点,下半场 26',1-3
菲尔米诺禁区内还有机会,下半场 26',1-3
打得绵软无力被哈特挡了出去,下半场 27',1-3
利物浦右路带球被侵犯,下半场 27',1-3
米尔纳准备来主罚,下半场 28',1-3
任意球送中路,下半场 28',1-3
落点还不错，第一点被曼城解围,下半场 28',1-3
科拉罗夫左路内切没有带好,下半场 29',1-3
曼城左路低平球送禁区内,下半场 30',1-3
洛夫伦前点的滑铲解围险些自摆乌龙,下半场 30',1-3
这球似乎看到了上半场曼加拉的影子,下半场 30',1-3
曼城角球开出来,下半场 30',1-3
克莱因挡出了对方的射门,下半场 31',1-3
利物浦换人，菲尔米诺下，本特克上！,下半场 31',1-3
曼城这边反击的机会,下半场 32',1-3
伊赫纳乔禁区右路接球,下半场 33',1-3
有空档出来，直接打门了,下半场 33',1-3
这球打一个远角将球打偏了,下半场 33',1-3
曼城这边获得角球机会,下半场 35',1-3
德布劳内角球送前点有些低啊,下半场 36',1-3
利物浦这边的机会,下半场 36',1-3
艾比中场拿球送身后,下半场 36',1-3
本特克前插形成单刀,下半场 36',1-3
本特克带球到禁区里,下半场 36',1-3
本特克晃开角度打门被哈特奋力扑出！！,下半场 36',1-3
1-4！！,下半场 36',1-4
斯科特尔！！,下半场 37',1-4
利物浦角球送中路，本特克头球点下来，斯科特尔爆射将球打进！！,下半场 37',1-4
曼城的球迷开始退场了,下半场 38',1-4
曼城长传打过顶,下半场 40',1-4
这球并没有过去,下半场 40',1-4
曼城这边有机会,下半场 41',1-4
禁区内右侧传进来,下半场 41',1-4
斯特林空门不进啊,下半场 41',1-4
曼城这边获得角球机会,下半场 41',1-4
角球送禁区被破坏,下半场 41',1-4
曼城边路的传递并不顺畅,下半场 42',1-4
克莱因之前得到一张黄牌,下半场 42',1-4
曼城禁区弧顶传球失误了,下半场 44',1-4
利物浦的反击机会,下半场 44',1-4
艾比带球有些犹豫,下半场 44',1-4
这球被曼城反抢回去,下半场 44',1-4
曼城这边反击,下半场 44',1-4
费尔南迪尼奥禁区内推射将球打偏,下半场 45',1-4
利物浦换人，拉拉纳下，科洛-图雷上,下半场 45',1-4
下半场补时4分钟！,下半场 46',1-4
科洛-图雷后场解围送给曼城角球机会,下半场 48',1-4
角球送前点被利物浦头球解围,下半场 48',1-4
补时已经来到了最后一分钟,下半场 49',1-4
埃姆雷-詹中场跌跌撞撞将球拿到,下半场 49',1-4
卢卡斯中场拿球给到左路,下半场 49',1-4
艾比禁区外围远射有一个折射,下半场 50',1-4
这球被哈特拿到,下半场 50',1-4
全场比赛结束！,完赛,1-4
最终曼城主场1-4负于利物浦,完赛,1-4
全场比赛，曼加拉自摆乌龙，库蒂尼奥和菲尔米诺双双传射，阿圭罗扳回一城，斯科特尔锁定胜局,完赛,1-4
红军连续2个客场连胜切尔西和曼城，曼城联赛主场3连胜被终结后丢失榜首,完赛,1-4
今天的比赛就为大家解说到这里，欢迎您继续关注新浪体育为您送上的其他精彩赛事直播节目，谢谢！,完赛,1-4
