大家好，欢迎收看新浪体育为您带来的欧冠D小组第3轮 曼城VS塞维利亚,未赛,0-0
上轮欧冠，曼城在客场2-1绝杀逆转击败门兴，拿到3分,未赛,0-0
最近2场英超，曼城状态保持的非常好，分别以6-1和5-1的比分获胜,未赛,0-0
目前曼城和塞维利亚同积3分，蓝月亮要想从这个小组中出线，同塞维利亚的两场比赛显得尤为重要,未赛,0-0
受双线作战影响，塞维利亚新赛季西甲只拿到2场胜利,未赛,0-0
球队把全部精力放在了欧冠赛场上，客战曼城对埃梅里的球队来说将是一个极大的考验,未赛,0-0
过往三次做客踢英格兰球队，塞维利亚战绩为2平1负,未赛,0-0
纳瓦斯无疑是这场比赛的焦点人物，西班牙飞翼将迎战家乡球队,未赛,0-0
现年29岁的纳瓦斯是塞维利亚青训出身，在塞维利亚他效力了13年,未赛,0-0
曼城仍然饱受伤病困扰，席尔瓦、阿圭罗、德米凯利斯、克里希和德尔菲都将缺席,未赛,0-0
好消息是科拉罗夫已经恢复训练，预计队长孔帕尼将复出统领防线，状态不俗的博尼继续突前,未赛,0-0
塞维利亚方面，卡里科、埃斯库德罗和卡库塔将伤缺，克隆德利和略伦特则上阵成疑,未赛,0-0
本场比赛也是曼城和塞维利亚首次在欧战赛场上相遇。,未赛,0-0
目前两队首发阵容已经公布,未赛,0-0
曼城首发阵容：1-乔-哈特；5-萨巴莱塔，30-奥塔门迪，20-曼加拉，3-萨尼亚；25-费尔南迪尼奥，42-亚亚-图雷；15-纳瓦斯，17-德布劳内，7-斯特林；14-博尼,未赛,0-0
塞维利亚首发：1-尼科；23-科克，3-拉米，5-科沃杰伊恰克，2-特雷莫利纳斯；8-伊博拉，4-科里乔维亚克；20-比托洛，19-巴内加，22-科诺普扬卡；9-加梅罗,未赛,0-0
让我们来到比赛现场,未赛,0-0
双方球员已经入场了,未赛,0-0
上半场比赛开始！,上半场 1',0-0
首先开球的是曼城,上半场 1',0-0
曼城左路拿球往禁区里送,上半场 2',0-0
塞维利亚将球拦截下来,上半场 2',0-0
塞维利亚中场挑传送到底线,上半场 2',0-0
曼加拉将球控了下来,上半场 2',0-0
曼城中场拿球给到左路,上半场 2',0-0
边路的传球送到禁区内,上半场 3',0-0
博尼禁区内的停球没有停好,上半场 3',0-0
塞维利亚边路的反击,上半场 3',0-0
脚后跟磕球给到禁区内,上半场 3',0-0
曼加拉这边再次预判了方向,上半场 4',0-0
塞维利亚这边获得角球机会,上半场 4',0-0
角球送前点被萨巴莱塔解围,上半场 4',0-0
塞维利亚中场的拦截将球破坏出边线,上半场 6',0-0
曼城左路拿球在找机会,上半场 6',0-0
斜传球送禁区内被科沃杰伊恰克解围,上半场 6',0-0
萨巴莱塔右路拿球给到纳瓦斯,上半场 6',0-0
纳瓦斯边路再传，给的并不是很舒服,上半场 7',0-0
开场后两队打得还是比较谨慎,上半场 7',0-0
博尼前场拿球回接,上半场 7',0-0
曼城中场拿球给到纳瓦斯脚下,上半场 8',0-0
纳瓦斯边路传球，落点并不好,上半场 8',0-0
镜头也是多次给到纳瓦斯,上半场 8',0-0
纳瓦斯右路拿球送直塞,上半场 8',0-0
博尼接球后将球回做,上半场 8',0-0
禁区右侧边缘，纳瓦斯停球后直接打门了,上半场 8',0-0
这球直奔球门上角飞去，但还是差了一点点,上半场 9',0-0
曼城前场拿球给到左路,上半场 10',0-0
德布劳内低平球送到了禁区里面！！,上半场 10',0-0
亚亚-图雷前点跟进推射踢空！！,上半场 10',0-0
中路博尼推射打得太正！！,上半场 10',0-0
曼城这边的机会很好,上半场 10',0-0
纳瓦斯右路拿球突破到底线,上半场 11',0-0
边路的传球送到后点，没有什么威胁,上半场 11',0-0
德布劳内前场边路抢球的时候绊倒了科克,上半场 11',0-0
曼城这边有球员受伤,上半场 13',0-0
受伤的是萨巴莱塔,上半场 13',0-0
塞维利亚球员也是将球先踢出边线,上半场 13',0-0
萨巴莱塔掷球后被对方撞了一下,上半场 13',0-0
问题应该不是太大,上半场 13',0-0
费尔南迪尼奥边路防守阻挡犯规,上半场 16',0-0
塞维利亚禁区右侧的任意球机会,上半场 16',0-0
任意球直接打近角！！,上半场 17',0-0
球是击中了立柱！！,上半场 17',0-0
二点，塞维利亚禁区内劲射又是被乔-哈特扑出,上半场 17',0-0
塞维利亚这边角球的机会,上半场 17',0-0
角球这次的配合没有形成默契,上半场 18',0-0
刚刚的任意球，塞维利亚球员还是观察了一下乔-哈特的位置,上半场 18',0-0
塞维利亚右路下底送前点,上半场 18',0-0
队友脚后跟传球被破坏,上半场 18',0-0
塞维利亚继续角球机会,上半场 18',0-0
角球这次给了一个前点,上半场 19',0-0
科沃杰伊恰克头球后蹭,上半场 19',0-0
萨尼亚后点将球解围出了底线,上半场 19',0-0
这段时间，曼城的后防有些吃紧,上半场 19',0-0
塞维利亚换到另外一侧继续角球,上半场 19',0-0
角球这次还是给前点，这次落点不好,上半场 19',0-0
曼城这边反击的机会,上半场 20',0-0
左路低平球往禁区中路送,上半场 20',0-0
跟进的队友没有抢到这点,上半场 20',0-0
塞维利亚这边左路进攻又是获得角球机会,上半场 20',0-0
塞维利亚已经有6次角球了,上半场 20',0-0
曼城这边还是0,上半场 20',0-0
角球送中路被顶了出来,上半场 21',0-0
曼城中场分球到了左路,上半场 22',0-0
边路拿球给到亚亚-图雷,上半场 22',0-0
亚亚-图雷稍作调整直接打门！！,上半场 22',0-0
球打在科诺普扬卡身上有一个折线,上半场 22',0-0
尼科这边已经没有了反应,上半场 22',0-0
但球还是高出了横梁,上半场 23',0-0
曼城角球送中路,上半场 23',0-0
亚亚-图雷跟进的抢点先被对方解围,上半场 23',0-0
曼城换到另一侧继续角球,上半场 23',0-0
德布劳内角球送禁区内,上半场 23',0-0
博尼头球点下来,上半场 23',0-0
二点的争抢，奥塔门迪拉人犯规,上半场 23',0-0
曼城的反击现在打不起速度,上半场 25',0-0
塞维利亚中场拿球被费尔南迪尼奥侵犯,上半场 26',0-0
任意球直接送到禁区里,上半场 26',0-0
曼城这边拿到了第一点,上半场 26',0-0
塞维利亚中场拿球送直塞,上半场 26',0-0
禁区内准备传球到中路被曼加拉滑铲解围,上半场 27',0-0
塞维利亚角球送后点,上半场 27',0-0
科里乔维亚克头球顶了一个反弹球,上半场 27',0-0
这球并没有顶上什么力量,上半场 27',0-0
塞维利亚进球了！！,上半场 30',0-1
科诺普扬卡！！,上半场 30',0-1
塞维利亚右路拿球，传球错进错出，比托洛禁区内接球后将球横敲到后点，科诺普扬卡无人看防的情况下推射将球打进！,上半场 31',0-1
亚亚-图雷前场拿球给到左路,上半场 31',0-1
禁区前沿做撞墙配合到了禁区里,上半场 31',0-1
亚亚-图雷这边有打门的机会但是被封堵,上半场 32',0-1
曼城中场断抢下来,上半场 35',0-1
亚亚-图雷中路长驱直入分到边路,上半场 35',0-1
1-1！！,上半场 35',1-1
博尼！！,上半场 36',1-1
纳瓦斯右路拿球挑传到禁区，亚亚-图雷接球后沿底线突破到小禁区边缘，横敲送后点，斯特林推射被尼科挡出！！博尼这边反应很快直接补射，球打在拉米身上折射入网！,上半场 38',1-1
乔-哈特这边扑球的时候被撞了一下,上半场 38',1-1
乔-哈特这边也是让队医查看了一下,上半场 39',1-1
从目前的情况来判断乔-哈特还是可以继续比赛的,上半场 39',1-1
曼城扳平的入球最后官方算了塞维利亚的乌龙球,上半场 40',1-1
打进乌龙的是拉米,上半场 40',1-1
塞维利亚中场拿球稳一下节奏,上半场 41',1-1
塞维利亚这边机会又来了,上半场 41',1-1
边路的传球送到禁区内,上半场 41',1-1
科诺普扬卡打近角被后卫挡出底线,上半场 41',1-1
角球送前点被亚亚-图雷顶出,上半场 42',1-1
塞维利亚禁区外围在挑传送禁区,上半场 42',1-1
曼城的头球解围给到了塞维利亚球员脚下,上半场 42',1-1
禁区边缘的打门被中路的加梅罗碰了一下,上半场 42',1-1
曼城的后场门球,上半场 43',1-1
曼城右路强行传中,上半场 43',1-1
禁区内双方都没有人碰到球,上半场 43',1-1
斯特林左路突进来,上半场 43',1-1
底线附近，对方滑铲并没有碰到球,上半场 44',1-1
而斯特林这边是摔倒,上半场 44',1-1
裁判这边没有任何的表示，给了一个门球,上半场 44',1-1
上半场补时2分钟！,上半场 45',1-1
曼城前场拿球被断,上半场 45',1-1
塞维利亚将球转移到了边路,上半场 45',1-1
塞维利亚右路进攻上来被卡住身位,上半场 46',1-1
上半场比赛结束！,中场,1-1
经过45分钟的较量，两队半场过后打成了1-1,中场,1-1
上半场比赛，塞维利亚这边连续获得角球机会,中场,1-1
但大多数都是没有把握住,中场,1-1
直到30分钟的时候，塞维利亚利用边路的配合由科诺普扬卡打进一球,中场,1-1
之后曼城这边也是发动反击,中场,1-1
博尼的补射造成了对方的乌龙,中场,1-1
让我们稍事休息，一会儿为您带来双方下半场的比赛,中场,1-1
下半场比赛开始！,下半场 1',1-1
下半场比赛由塞维利亚开球,下半场 1',1-1
中场休息的时候双方都没有进行人员的调整,下半场 1',1-1
曼城后场回传，乔-哈特禁区内护球险些被断,下半场 2',1-1
博尼这边得到一张黄牌！,下半场 3',1-1
争抢头球的时候，手臂有一个动作,下半场 3',1-1
费尔南迪尼奥中场抢球的时候打在了手上,下半场 4',1-1
裁判吹了手球犯规,下半场 4',1-1
塞维利亚中场拿球送直塞,下半场 4',1-1
加梅罗底线将球回敲回来,下半场 4',1-1
二点并没有队友的跟进,下半场 4',1-1
塞维利亚这边有球员受伤倒地了,下半场 4',1-1
拼抢中被纳瓦斯挂了一下,下半场 5',1-1
受伤的是科诺普扬卡,下半场 5',1-1
塞维利亚这边替补球员开始热身,下半场 5',1-1
科诺普扬卡这边起身都感觉有些困难,下半场 6',1-1
看看还能不能在坚持,下半场 6',1-1
科克右路传球被挡,下半场 7',1-1
曼城这边快速反击到了前场,下半场 7',1-1
禁区边缘的传球也是被挡,下半场 7',1-1
亚亚-图雷禁区前沿跟队友做配合,下半场 8',1-1
最后没有形成默契,下半场 8',1-1
塞维利亚虽然是客场，但打得非常主动,下半场 8',1-1
德布劳内左路带球突破被滑铲出去,下半场 9',1-1
曼城前场送直塞,下半场 9',1-1
斯特林这边停球有些大,下半场 9',1-1
比托洛前场拿球给到左路,下半场 10',1-1
禁区边缘的传球被挡了一下,下半场 10',1-1
塞维利亚左路起球送前点,下半场 10',1-1
加梅罗甩头攻门顶近角！！,下半场 11',1-1
这球也是稍稍的顶高了,下半场 11',1-1
下半场打了10分钟，塞维利亚这边的机会更多一些,下半场 11',1-1
纳瓦斯右路拿球突然往禁区里加速,下半场 11',1-1
禁区内突然打门，尼科这边接球出现脱手,下半场 12',1-1
但尼科的第二反应还是很快的将球拿到,下半场 12',1-1
塞维利亚右路拿球，外脚背传出来,下半场 12',1-1
这球传的稍稍过了一点点,下半场 12',1-1
德布劳内左路传球送禁区中路,下半场 12',1-1
塞维利亚抢到了第一点,下半场 12',1-1
纳瓦斯右路拿球送直塞给到底线,下半场 14',1-1
斯特林接球后并没有传中的机会,下半场 14',1-1
亚亚-图雷禁区前沿接球后丢了,下半场 14',1-1
塞维利亚的反击机会,下半场 14',1-1
曼加拉这边防守中出脚非常快,下半场 14',1-1
先出一脚将球解围出了边线,下半场 15',1-1
曼城换人，萨巴莱塔下，科拉罗夫上！,下半场 15',1-1
德布劳内中场拼抢的时候犯规,下半场 16',1-1
伊博拉这边得到一张黄牌！,下半场 17',1-1
曼城右路突破，塞维利亚三人包夹将其放倒，最后的一下是伊博拉,下半场 18',1-1
曼城任意球开出，禁区内的争抢被门将击出,下半场 18',1-1
禁区外围，亚亚-图雷打远射将球打高,下半场 19',1-1
科诺普扬卡左路突破传球被萨尼亚挡出,下半场 20',1-1
塞维利亚右路起送禁区后点,下半场 20',1-1
伊博拉后点头球攻门顶在后卫头上出了底线,下半场 21',1-1
但边裁这边先示意越位了,下半场 21',1-1
塞维利亚换人，巴内加下，克罗恩-德利上！,下半场 21',1-1
德布劳内禁区外围尝试远射将球打偏,下半场 23',1-1
塞维利亚左路起球送禁区,下半场 24',1-1
中路，加梅罗的推射将球打偏,下半场 24',1-1
塞维利亚中后场控球,下半场 26',1-1
长传直接打到中场,下半场 26',1-1
加梅罗这边先越位了,下半场 26',1-1
加梅罗之前也是得到一张黄牌,下半场 26',1-1
曼城左路底线拿球给到禁区内,下半场 26',1-1
德布劳内停球后晃开防守,下半场 27',1-1
起左脚打门，球还是被补防的球员挡出底线,下半场 27',1-1
曼城角球送前点被解围,下半场 27',1-1
博尼禁区外围远射,下半场 28',1-1
球打在防守球员身上出了底线,下半场 28',1-1
角球送禁区内，威胁不大,下半场 28',1-1
斯特林边路再传,下半场 28',1-1
尼科出击将球得到,下半场 28',1-1
克罗恩-德利左路拿球无人看防,下半场 30',1-1
克罗恩-德利带球到了禁区内，起脚打门球碰到防守球员后打在了边网上,下半场 30',1-1
塞维利亚角球送前点被亚亚-图雷解围,下半场 30',1-1
曼城换人，博尼下，费尔南多上！,下半场 31',1-1
塞维利亚换人，科诺普扬卡下，恩佐济上！,下半场 33',1-1
塞维利亚这边是想守了,下半场 34',1-1
塞维利亚中场拿球有些粘球，被断,下半场 35',1-1
亚亚-图雷右路带球被对方回追,下半场 35',1-1
滑铲将球先解围出了边线,下半场 35',1-1
塞维利亚前场转移到了右路,下半场 38',1-1
科拉罗夫先将球解围出了底线,下半场 38',1-1
塞维利亚角球送前点,下半场 38',1-1
这球没有开起来,下半场 38',1-1
塞维利亚再次换人，科克下，法里亚诺上！,下半场 40',1-1
塞维利亚中场拿球给到边路,下半场 40',1-1
法里亚诺前场断球,下半场 41',1-1
右路法里亚诺拿球准备送禁区,下半场 41',1-1
这球被费尔南多封堵,下半场 41',1-1
塞维利亚将球吊到禁区里,下半场 42',1-1
这球并没有什么威胁,下半场 42',1-1
曼城这边反击的机会,下半场 43',1-1
德布劳内底线将球送到后点,下半场 43',1-1
斯特林这边没有及时包抄到位,下半场 43',1-1
不过这球传的速度也是比较快,下半场 43',1-1
斯特林中场抢断下来,下半场 43',1-1
给到了德布劳内,下半场 43',1-1
德布劳内这下的跟进先被对方阻截,下半场 44',1-1
曼城右路传球送禁区内,下半场 44',1-1
双方都是没有碰到球,下半场 45',1-1
亚亚-图雷禁区外围打脚冷射,下半场 45',1-1
尼科侧身将球扑了出去,下半场 45',1-1
下半场补时4分钟！,下半场 46',1-1
2-1！！,下半场 46',2-1
绝杀！！,下半场 46',2-1
德布劳内！！,下半场 46',2-1
亚亚-图雷中场接球后带到禁区弧顶，分球给到了右路，德布劳内得球后禁区内晃开防守低射远角破门！！,下半场 47',2-1
曼城换人，德布劳内下，孔帕尼上！,下半场 48',2-1
曼城刚刚的进球会是最后的绝杀吗,下半场 48',2-1
还有最后的1分钟,下半场 48',2-1
塞维利亚右路拿球到底线,下半场 48',2-1
曼加拉前点将球解围出底线,下半场 49',2-1
角球送中路，科里乔维亚克头球点了一下,下半场 49',2-1
乔-哈特这边快速出击将球拿到,下半场 49',2-1
塞维利亚中场拿球并没有快速出球,下半场 50',2-1
全场比赛结束！,完赛,2-1
最终曼城主场2-1逆转塞维利亚，艰难收获三分,完赛,2-1
下半场比赛，双方打得比较胶着,完赛,2-1
伤停补时阶段，德布劳内抓紧机会完全逆转并绝杀塞维利亚,完赛,2-1
今天的比赛曼城打得也是比较艰苦,完赛,2-1
曼城连胜后紧追小组榜首的尤文图斯,完赛,2-1
今天的比赛就为大家解说到这里，欢迎您继续关注新浪体育为您送上的其他精彩赛事直播节目，谢谢！,完赛,2-1
