各位网友、球迷朋友，欢迎来到新浪体育收看精彩的比赛图文直播,未赛,0-0
本次直播给大家带来的是西甲第9轮，塞尔塔主场迎战皇马的比赛,未赛,0-0
在西甲联赛史上，双方共交锋98场，其中皇马54胜15平29负占优，进214球失130球.其中在客场，皇马16胜10平23负处于劣势,未赛,0-0
两队上次交锋是2014-15赛季西甲第33轮，皇马4-2取胜,未赛,0-0
西甲8轮过后，积分榜形成三足鼎立之势：皇马5胜3平18分，16个净胜球；塞尔塔5胜3平18分，净胜球为9个；巴萨6胜2负18分，净胜球为6个,未赛,0-0
三支球队积分相同，在相互战绩尚未揭晓的情况下，皇马以净胜球的优势力压塞尔塔登顶,未赛,0-0
此役皇马客场挑战塞尔塔，将是一场真正意义上的榜首大战。两支球队，谁能打破谁的不败金身，值得关注,未赛,0-0
上轮联赛，皇马主场3-0完胜莱万特，C罗劲射破门，打破个人4场联赛进球荒，也意味着他以324球超越劳尔，成为皇马队史第一射手王,未赛,0-0
而本赛季西甲表现最出彩的球员则是塞尔塔的诺里托，8轮比赛，进6球助攻3次，制造9个进球、25次传威胁球均排在西甲第一位,未赛,0-0
本场诺里托和C罗两位射手间的对决，将为比赛增加一个看点,未赛,0-0
北京时间10月24日晚22点，塞尔塔和皇马的西甲榜首之战，结局如何，我们拭目以待！,未赛,0-0
大家晚上好，欢迎来到新浪体育赛事直播间,未赛,0-0
即将送上的是西甲第9轮，塞尔塔主场迎战皇马的比赛,未赛,0-0
皇马近8次联赛客战巴莱多斯仅1次落败，其余7场全部胜出,未赛,0-0
新赛季开赛至今，塞尔塔和皇马是西甲中两支仅有的不败球队,未赛,0-0
双方目前同为5胜3平积18分，皇马因净胜球优势排名第一位，塞尔塔第二位,未赛,0-0
排名第三的则是西甲另一豪门巴萨，战绩为6胜2负，同样积18分，不过净胜球比塞尔塔少3个，比皇马少10个,未赛,0-0
双方的首发名单已经公布，我们先睹为快,未赛,0-0
皇家马德里首发阵容(4-3-3)：1-纳瓦斯；23-达尼洛，2-瓦拉内，4-拉莫斯，12-马塞洛；14-卡塞米罗，8-克罗斯，19-摩德里奇；18-卢卡斯-巴斯克斯，20-赫塞，7-C-罗纳尔多,未赛,0-0
替补：卡西利亚、纳乔、科瓦契奇、切里舍夫、伊斯科、马科斯-略伦特、马约拉尔,未赛,0-0
塞尔塔首发阵容：阿尔瓦雷斯；戈麦斯、乔尼、马罗、布拉尔；沃斯、费尔南德斯、埃尔南德斯；诺里托、奥雷利亚纳、阿斯帕斯,未赛,0-0
替补：内斯托、塞内、普拉纳斯、邦贡达、拉多亚、马丁达、古德蒂,未赛,0-0
双方球员已经在通道，准备入场啦,未赛,0-0
双方球员进场，比赛一触即发,未赛,0-0
上半场比赛开始,上半场 1',0-0
穿深色球衣的皇马开球，从画面的右侧向左进攻,上半场 1',0-0
皇马右路进攻，莫德里奇拿球,上半场 2',0-0
莫德里奇内切后横传找赫塞，被断啦,上半场 2',0-0
塞尔塔中场传球失误，皇马反击,上半场 3',0-0
莫德里奇右路拿球，传中被挡出底线,上半场 3',0-0
皇马获得右侧角球，可惜没能形成威胁,上半场 4',0-0
马塞洛左路拿球，直塞找赫塞,上半场 4',0-0
赫塞拿球下底，马罗回防，放铲将球解围出底线,上半场 4',0-0
皇马再次获得左侧的角球机会,上半场 4',0-0
战术角球开出，马塞洛拿球,上半场 5',0-0
马塞洛再给克罗斯，克罗斯起球到禁区，被后卫解围,上半场 5',0-0
达尼洛禁区外得球，直接远射，打偏,上半场 5',0-0
达尼洛后场拿球，直塞给到卡塞米罗,上半场 6',0-0
卡塞米罗再横传莫德里奇，莫德里奇面对逼抢，再回传达尼洛,上半场 6',0-0
达尼洛被诺里托紧逼，回传纳瓦斯,上半场 6',0-0
马塞洛左路拿球，和巴斯克斯的踢墙配合,上半场 7',0-0
马塞洛拿球，横传给到C罗,上半场 7',0-0
C罗脚后跟分球想给赫塞，被后卫出脚解围,上半场 7',0-0
埃尔南德斯中场拿球，强突被克罗斯放翻在地,上半场 8',0-0
巴斯克斯右路拿球，强突后横传找卡塞米罗，力量轻了,上半场 8',0-0
皇马进球啦！！！,上半场 8',0-1
C罗的进球！！！本赛季联赛个人第7球,上半场 9',0-1
皇马中场抢断，直塞给到巴斯克斯，巴斯克斯左侧拿球进入禁区，横传中路，C罗包抄右脚抽射，打进！！！,上半场 10',0-1
塞尔塔的前场进攻，诺里托禁区左侧的抽射，打飞,上半场 10',0-1
C罗禁区右路拿球，挑传禁区，第一点被塞尔塔球员解围,上半场 12',0-1
达尼洛右路拿球，横切后分球给到克罗斯,上半场 12',0-1
克罗斯面对逼抢，回传达尼洛，控制球权,上半场 12',0-1
比分领先，皇马踢的很放松啊,上半场 12',0-1
塞尔塔右路的进攻，马罗强突传中，被卡塞米罗挡出底线,上半场 13',0-1
塞尔塔获得开赛以来的第一个角球,上半场 13',0-1
角球开出到禁区，阿斯帕斯的头球，顶高,上半场 13',0-1
塞尔塔右路的斜传球到禁区，混战中拉莫斯大脚解围,上半场 14',0-1
马塞洛左路拿球，横传卡塞米罗,上半场 15',0-1
卡塞米罗面对逼抢，回传拉莫斯,上半场 15',0-1
拉莫斯再给瓦拉内，瓦拉内传球差点失误,上半场 15',0-1
上半场比赛15分钟，皇马客场1-0领先,上半场 16',0-1
塞尔塔前场进攻，左路起球到后点,上半场 16',0-1
阿斯帕斯的头球被瓦拉内解围,上半场 17',0-1
埃尔南德斯跟进头球再顶，太正，被纳瓦斯没收,上半场 17',0-1
塞尔塔右路进攻，马罗的斜传球到禁区,上半场 18',0-1
纳瓦斯单掌将球打出，奥雷利亚纳跟进再打，纳瓦斯侧扑封堵出底线,上半场 18',0-1
塞尔塔再次获得左侧角球机会,上半场 18',0-1
开出到禁区，混战中诺里托的打门打偏,上半场 19',0-1
慢镜回放显示，塞尔塔传中，球打在了拉莫斯的左肩上，有手球嫌疑,上半场 19',0-1
马罗右路拿球，横传奥雷利亚纳,上半场 22',0-1
奥雷利亚纳背身拿球，面对逼抢，回传布拉尔,上半场 22',0-1
塞尔塔左路拿球，横传中路,上半场 23',0-1
奥雷利亚纳停球被吹手球在先，违例,上半场 23',0-1
2-0！！！,上半场 23',0-2
达尼洛，西甲处子球！！！,上半场 23',0-2
赫塞前场背身拿球，转身横趟两步，再横传右路给上来的达尼洛，大空挡，达尼洛趟球进禁区，起右脚打门，打进！！！,上半场 24',0-2
克罗斯中场拿球，准备起速反击，在和防守球员相撞后倒地,上半场 25',0-2
裁判没理会，球被塞尔塔球员控制,上半场 25',0-2
埃尔南德斯拿球突破，起球往禁区送，被回来的克罗斯挡出边线,上半场 26',0-2
费尔南德斯前场拿球，禁区外尝试远射，被纳瓦斯封堵,上半场 27',0-2
莫德里奇中场拿球，给到克罗斯,上半场 27',0-2
克罗斯再给卡塞米罗，卡塞米罗分边达尼洛,上半场 27',0-2
达尼洛起球打身后，戈麦斯补防将球拦截，回传，阿尔瓦雷斯,上半场 27',0-2
皇马中场抢断，直塞给到C罗,上半场 28',0-2
C罗拿球一对二，踩单车突破，禁区弧顶摔倒啦,上半场 28',0-2
裁判没有表示，球被戈麦斯控制,上半场 28',0-2
C罗坐在地上微笑面对，现场嘘声四起,上半场 29',0-2
慢镜头回放显示，C罗这个单车，好像是自己脚下拌蒜摔倒的,上半场 29',0-2
皇马后场起球到前场找前插的达尼洛,上半场 30',0-2
达尼洛停球，横传交给C罗,上半场 30',0-2
C罗再给中间的克罗斯，克罗斯分球左侧马塞洛,上半场 31',0-2
马塞洛停球停大，被乔尼上来拦截,上半场 31',0-2
马塞洛原地反抢，身后推人犯规,上半场 31',0-2
巴斯克斯后场争抢中费尔南德斯相撞倒地,上半场 32',0-2
球被埃尔南德斯控制，再传禁区，卡塞米罗被吹手球,上半场 32',0-2
巴斯克斯刚刚这个争抢，左脚的袜子都被踩烂，脚踝出血啦,上半场 33',0-2
塞尔塔前场中路的任意球机会,上半场 33',0-2
埃尔南德斯任意球直接攻门，被纳瓦斯侧扑挡出底线,上半场 33',0-2
塞尔塔左侧角球机会，可惜并未形成威胁,上半场 34',0-2
达尼洛右路拿球，强突被回防的沃斯挡出边线,上半场 35',0-2
沃斯前场左路拿球，横传给到阿斯帕斯,上半场 36',0-2
阿斯帕斯停球面对逼抢，回传戈麦斯,上半场 36',0-2
奥雷利亚纳前场左路拿球，直塞打身后，被达尼洛直接拦截,上半场 37',0-2
皇马后场传接球，马塞洛左路拿球强突,上半场 37',0-2
马塞洛带球到中线位置，被回防的布拉尔从身后掀翻在地，很凶啊,上半场 38',0-2
布拉尔被主裁判出示了黄牌警告！！！,上半场 38',0-2
这也是本场比赛的第一张黄牌！！！,上半场 38',0-2
马塞洛左路拿球，强突后起球到禁区找C罗,上半场 39',0-2
C罗跟进停球，没碰到，球直接出了另一侧边线,上半场 39',0-2
塞尔塔前场再攻，阿斯帕斯的打门被后卫挡出,上半场 40',0-2
诺里托跟进再打，被纳瓦斯用身体挡出,上半场 40',0-2
皇马禁区混战中，瓦拉内大脚将球解围,上半场 40',0-2
赫塞前场左路拿球，面对逼抢，没机会，回带再给C罗,上半场 41',0-2
C罗禁区线上和马塞洛做踢墙配合，C罗拿球下底,上半场 41',0-2
C罗没机会，回带两步，再想给马塞洛，被断啦,上半场 41',0-2
奥雷利亚纳后场拿球，卡塞米罗上抢犯规,上半场 42',0-2
塞尔塔前场左路进攻，瓦拉内的犯规，送给对方任意球,上半场 43',0-2
诺里托任意球斜传禁区，阿斯帕斯头球，再被纳瓦斯从门线上扑出,上半场 44',0-2
纳瓦斯今天神了啊，连续扑出了塞尔塔几次威胁进攻,上半场 44',0-2
布拉尔右路拿球，强突下底，自己趟球趟大，出了底线,上半场 45',0-2
C罗前场拿球，脚后跟给到赫塞,上半场 45',0-2
赫塞再给巴斯克斯，巴斯克斯强突下底,上半场 46',0-2
巴斯克斯底线内切，自己趟大，出了底线,上半场 46',0-2
上半场没有补时，裁判鸣哨收兵，皇马客场2-0领先塞尔塔,中场,0-2
C罗和达尼洛各进一个！！！控球率塞尔塔55%，皇马45%,中场,0-2
上半场除了两个进球，纳瓦斯的表现值得一提，连续封堵了塞尔塔几次近距离的攻门,中场,0-2
主场作战，领头羊之争，下半场塞尔塔如何应对，值得关注,中场,0-2
我们稍事休息，再回来继续双方的下半场比赛,中场,0-2
下半场比赛开始,下半场 1',0-2
穿浅色球衣的塞尔塔开球，从画面的右侧向左进攻,下半场 1',0-2
塞尔塔右路45度的斜传球到禁区，直接被纳瓦斯拿到,下半场 1',0-2
费尔南德斯前场左路拿球，横传给到沃斯,下半场 2',0-2
塞尔塔中路分球到左路，达尼洛回防放铲，将球解围出边线,下半场 3',0-2
埃尔南德斯前场拿球，再突被卡塞米罗抢断,下半场 4',0-2
埃尔南德斯前场反抢，身后推人犯规,下半场 4',0-2
C罗前场右路拿球，内切后的左脚打门,下半场 6',0-2
打在乔尼身上变向出了底线，皇马角球,下半场 6',0-2
莫德里奇角球开出到前点，第一点被塞尔塔球员解围,下半场 6',0-2
巴斯克斯外围拿球，奥雷利亚纳再抢，犯规,下半场 7',0-2
皇马获得前场中路的任意球机会,下半场 7',0-2
克罗斯任意球直塞找C罗，戈麦斯抢在C罗之前将球碰出底线，角球,下半场 7',0-2
皇马右侧角球开出，并未形成威胁,下半场 7',0-2
阿斯帕斯中线位置背身拿球，巴斯克斯身后上抢，踢倒了阿斯帕斯,下半场 8',0-2
巴斯克斯被主裁判出示了黄牌警告！！1,下半场 8',0-2
皇马中场抢断，左路反击，马塞洛禁区角上挑传禁区,下半场 9',0-2
C罗高高跃起，头球冲顶，顶高啦,下半场 9',0-2
瓦拉内后场大范围转移球到左路找马塞洛,下半场 9',0-2
马塞洛停球再给C罗，C罗拿球进入禁区,下半场 10',0-2
戈麦斯回防干扰，C罗脚后跟再分马塞洛,下半场 10',0-2
马塞洛强突下底，在防守球员干扰下球出底线,下半场 11',0-2
球最后碰到了马塞洛出底线，裁判给了塞尔塔门球,下半场 11',0-2
塞尔塔前场进攻，诺里托左路拿球，横传中间,下半场 11',0-2
奥雷利亚纳跟进，点球点附近无人防守的推射，打飞啦,下半场 11',0-2
塞尔塔非常不错的一次机会，可惜奥雷利亚纳没带射门靴啊,下半场 12',0-2
拉莫斯后场抢断，拿球反击，埃尔南德斯身后回防，拉人犯规,下半场 13',0-2
埃尔南德斯被主裁判出示了黄牌警告！！！,下半场 13',0-2
布拉尔再向裁判抗议，对着裁判怒吼，结果被出示黄牌，两黄变一红，罚出场外！！,下半场 14',0-2
阿斯帕斯和费尔南德斯再上来抗议，围着裁判不断嚷嚷着，两人再各领一张黄牌！！！,下半场 15',0-2
皇马获得前场的任意球机会，并未形成威胁,下半场 15',0-2
塞尔塔中场起球到前场找阿斯帕斯,下半场 15',0-2
阿斯帕斯拿球往禁区带，巴斯克斯回防斜插阿斯帕斯身前，将球拦截,下半场 16',0-2
阿斯帕斯身后再抢，锁喉功被吹犯规,下半场 16',0-2
阿斯帕斯再向裁判抗议，已经有黄牌了啊，队友赶紧将球拉开,下半场 17',0-2
诺里托防守巴斯克斯的突破，身后拉人，再被出示黄牌！！,下半场 17',0-2
皇马换人调整：22号伊斯科上，换下18号巴斯克斯,下半场 17',0-2
卡塞米罗中场的斜传转移找左路的马塞洛,下半场 19',0-2
马塞洛面对逼抢，回传拉莫斯,下半场 19',0-2
拉莫斯在过顶球找到莫德里奇,下半场 19',0-2
莫德里奇拿球横切，禁区弧顶直塞找C罗,下半场 19',0-2
C罗停球，左脚打门，打偏,下半场 19',0-2
伊斯科后场拿球，一路狂奔到前场,下半场 20',0-2
伊斯科禁区弧顶分球右侧给C罗,下半场 20',0-2
C罗趟球进入禁区，右脚抽射，被回防的戈麦斯挡出底线,下半场 20',0-2
皇马获得右侧角球机会，开出到禁区，卡塞米罗前点打门，被阿尔瓦雷斯封堵出底线,下半场 20',0-2
皇马再次获得左侧角球机会，低平球送到禁区，被塞尔塔球员解围,下半场 21',0-2
伊斯科右路拿球，底线内切后挑传到后点,下半场 21',0-2
马塞洛拉弓准备凌空，结果。。。。。踢茨啦,下半场 22',0-2
球打在马塞洛身上停下，马塞洛拿球没机会起脚啦,下半场 22',0-2
马塞洛踢茨，现场球迷送上嘘声一偏,下半场 22',0-2
塞尔塔换人：18号沃斯被换下，换上6号拉多亚,下半场 23',0-2
马塞洛左路拿球，出球后被马罗上来踢翻在地，犯规,下半场 23',0-2
伊斯科前场中路拿球，横传克罗斯,下半场 24',0-2
克罗斯再给马塞洛，马塞洛控制一下，再横传伊斯科,下半场 24',0-2
伊斯科拿球横切，禁区外起脚抽射,下半场 24',0-2
阿尔瓦雷斯将球一扑，击中横梁弹回,下半场 24',0-2
皇马再次换人：20号赫塞下，换上21号切里舍夫,下半场 25',0-2
全场比赛70分钟，比分依旧是0-2，皇马领先,下半场 25',0-2
诺里托左路拿球，底线内切后倒三角回传门前,下半场 26',0-2
可惜队友包抄不到位，球被瓦拉内出脚解围,下半场 26',0-2
皇马的反击，伊斯科前场拿球，进入禁区后直接起脚吊门，打偏,下半场 27',0-2
塞尔塔前场进攻，诺里托禁区内拿球，面对纳瓦斯的封堵，右脚低射,下半场 28',0-2
马塞洛站在门线上，将球挡了出来,下半场 28',0-2
塞尔塔今天这运气真背啊，纳瓦斯不在门前，还是无法取得进球啊,下半场 28',0-2
切里舍夫左路拿球，强突下底后横传球，被后卫一挡,下半场 29',0-2
球出了底线，裁判认为球最后碰到切里舍夫的身体出界，给了塞尔塔门球,下半场 30',0-2
切里舍夫感觉很冤枉，无辜的看看裁判，但无力改变判罚啊,下半场 30',0-2
阿斯帕斯前场拿球，一拨摆脱拉莫斯的上抢,下半场 31',0-2
阿斯帕斯趟球进禁区，纳瓦斯出击从阿斯帕斯脚下硬生生将球封堵，收入怀中,下半场 32',0-2
阿斯帕斯上抢没能刹住，踢在了纳瓦斯的手臂上,下半场 32',0-2
纳瓦斯受伤倒地，很痛苦，比赛暂时中断,下半场 32',0-2
纳瓦斯经过简单治疗，躺在地上稍作休息后，起身继续比赛,下半场 33',0-2
这样皇马的三个换人名额全部用完啦,下半场 35',0-2
诺里托左路拿球，直塞找前插的乔尼,下半场 36',0-2
可惜传球力量太大，直接出了底线,下半场 36',0-2
塞尔塔再次换人：换下8号埃尔南德斯和14号奥雷利亚纳，换上11号古德蒂和21号普拉纳斯,下半场 38',0-2
塞尔塔的三个换人名额也用完了,下半场 38',0-2
双方最后差不多10分钟的较量啦,下半场 38',0-2
诺里托前场拿球，斜传球往禁区送,下半场 39',0-2
第一点被拉莫斯头球解围，诺里托前场继续控球,下半场 40',0-2
进球啦！！！,下半场 40',1-2
诺里托的远射！！！,下半场 40',1-2
这是诺里托本赛季个人第7个进球,下半场 40',1-2
诺里托左路拿球，横切摆脱纳乔的封堵，禁区弧左侧起脚远射，打进球门左上角死角！！,下半场 41',1-2
塞尔塔前场再攻，古德蒂禁区的抽射，打偏,下半场 42',1-2
拉莫斯后场大脚解围球，直接落在了阿尔瓦雷斯的怀中,下半场 43',1-2
马塞洛后场起球到前场找C罗,下半场 44',1-2
C罗拿球反击，内切到禁区，起脚打门，打偏,下半场 44',1-2
达尼洛右路拿球，带球过了中线，横传球给到伊斯科,下半场 45',1-2
伊斯科停球控制一下，再给C罗,下半场 45',1-2
C罗回传卡塞米罗，卡塞米罗被拉多亚放倒在地，犯规,下半场 45',1-2
下半场比赛补时5分钟,下半场 46',1-2
马塞洛左路拿球，斜塞禁区线附近找切里舍夫,下半场 46',1-2
切里舍夫停球，靠着防守球员的起脚打门，被阿尔瓦雷斯没收,下半场 46',1-2
普拉纳斯前场中路拿球，强突被卡塞米罗放倒在地，犯规,下半场 47',1-2
塞尔塔获得前场中路的任意球机会,下半场 47',1-2
任意球搓传后点到门前，达尼洛回防头球解围出底线,下半场 48',1-2
塞尔塔获得左侧角球机会，开出到门前，直接被纳瓦斯没收,下半场 48',1-2
皇马中场抢断，克罗斯直塞给到切里舍夫,下半场 49',1-2
切里舍夫拿球反击，直塞给到前插的C罗,下半场 49',1-2
C罗拿球单刀赴会，面对出击的阿尔瓦雷斯，C罗挑射，直接被没收,下半场 50',1-2
一次非常不错的机会，可惜C罗的挑射没能过阿尔瓦雷斯的头顶,下半场 50',1-2
3-1！！！,下半场 50',1-3
马塞洛进球，锁定胜局！！！,下半场 51',1-3
切里舍夫右路拿球，内切，斜传球到后点，马塞洛跟进停球，两扣之后，面对阿尔瓦雷斯，推射近角，打进！！！,下半场 52',1-3
全场比赛结束，皇马客场3-1获胜，赢得榜首大战，超越塞尔塔三分继续领跑西甲！！！,完赛,1-3
C罗、达尼洛和马塞洛各进一球，诺里托为塞尔塔打进挽回颜面的一球,完赛,1-3
皇马三个进球中，两个是边后卫打进，看来带刀后卫将是主旋律了啊,完赛,1-3
好了，本场比赛的直播就到这里，谢谢大家的陪伴和观看，再见！,完赛,1-3
