大家好，欢迎收看新浪体育为您带来的英超第5轮 曼联VS利物浦,未赛,0-0
曼联在上轮1比2负于斯旺西，遭遇新赛季的首败。同时他们联赛零失球金身也告破,未赛,0-0
经历了国家队比赛日之后，疲惫的曼联将士能否在双红大战中找回胜利感觉,未赛,0-0
利物浦在上轮同样遭遇新赛季首败，他们在主场0比3惨败在西汉姆联队脚下,未赛,0-0
在国家队比赛日中，鲁尼成为英格兰的焦点人物，他打破了博比-查尔顿 爵士保持的三狮军团队史进球纪录,未赛,0-0
鲁尼已经连续10场联赛颗粒无收，此番曼联队长能否连场破门值得期待,未赛,0-0
而作为利物浦的当家前锋，本特克也期待能够攻破曼联城门,未赛,0-0
经历了一个夏天的闹剧之后，德赫亚最终留在了曼联,未赛,0-0
本场和利物浦的巅峰对决，德赫亚很有可能重返首发位置，取代上一轮表现欠佳的罗梅罗,未赛,0-0
历史上双方共有186次交锋记录，曼联76胜49平61负占据上风，进261球失238球,未赛,0-0
其中在主场曼联对阵利物浦战绩为47胜28平16负，进155球失86球,未赛,0-0
上赛季两回合交锋，曼联客场2比1，主场3比0双杀利物浦,未赛,0-0
目前两队首发阵容已经公布,未赛,0-0
曼联首发：门将：德赫亚；后卫：达米安、斯马林、卢克肖、布林德；后腰：施魏因施泰格、卡里克；前卫：马塔、埃雷拉、孟菲斯-德佩；前锋：费莱尼,未赛,0-0
利物浦首发：门将：米尼奥莱；后卫：克莱恩、斯科特尔、洛夫伦、戈麦斯；中场：卢卡斯、埃姆雷詹、米尔纳；前锋：菲尔米诺、英格斯、本特克,未赛,0-0
让我们来到比赛现场,未赛,0-0
两队球员已经站在了球员通道内,未赛,0-0
双方球员已经入场了,未赛,0-0
上半场比赛开始！,上半场 1',0-0
首先开球的是利物浦,上半场 1',0-0
利物浦后场长传，没有机会,上半场 2',0-0
曼联前场右路拿球,上半场 3',0-0
戈麦斯这边卡住身位将球拦截,上半场 3',0-0
德佩左路拿球到了禁区里吗,上半场 4',0-0
禁区内挑传后点给到队友,上半场 4',0-0
但这球并没有过顶,上半场 5',0-0
米尼奥莱先将球拿到,上半场 5',0-0
曼联左路传球传远端,上半场 5',0-0
米尼奥莱禁区内先托了一下将球解围出边线,上半场 6',0-0
德佩左路拿球想要对方犯规,上半场 7',0-0
这球裁判并没有吹,上半场 7',0-0
曼联中场拿球给到左路,上半场 8',0-0
施魏因施泰格控球将球回敲,上半场 8',0-0
曼联中场转移给到了右路,上半场 8',0-0
底线附近曼联低平球传回来,上半场 9',0-0
费莱尼停球后被断,上半场 9',0-0
费莱尼也是错过了直接打门的机会,上半场 9',0-0
布林德前场传球失误,上半场 10',0-0
马塔这边拦截的时候先犯规,上半场 10',0-0
利物浦后场拿球，横向转移,上半场 11',0-0
曼联这边上抢的也是很凶,上半场 11',0-0
米尔纳传球打在曼联球员身上出了边线,上半场 11',0-0
卡里克拿球通过中场,上半场 12',0-0
曼联将球给到了左路,上半场 12',0-0
德佩在三人的夹击下丢球了,上半场 13',0-0
利物浦中场拿球被断,上半场 13',0-0
马塔拿球给到左路,上半场 13',0-0
埃雷拉送直塞到禁区内,上半场 14',0-0
这球队友第一下没有跑,上半场 14',0-0
曼联这边获得角球机会,上半场 14',0-0
角球打了一个配合,上半场 14',0-0
左路的传球送禁区,上半场 14',0-0
利物浦头球顶了出来,上半场 14',0-0
埃雷拉右路再传，再次赢得角球,上半场 15',0-0
角球送中路,上半场 15',0-0
本特克回防将球顶了出来,上半场 15',0-0
曼联左路再传禁区,上半场 16',0-0
利物浦还是拿到第一点,上半场 16',0-0
曼联这段时间攻的很猛,上半场 16',0-0
马塔前场接球停球失误,上半场 17',0-0
曼联很快将球反抢回来,上半场 17',0-0
曼联将球转移到了右路,上半场 18',0-0
利物浦这边几乎都在本方的半场,上半场 18',0-0
曼联这边只能将球进行转移,上半场 18',0-0
本特克禁区前沿拿球回做,上半场 19',0-0
底线附近，达米安的防守将球碰出边线,上半场 19',0-0
利物浦左路起球送后点,上半场 19',0-0
本特克的头球没有顶上,上半场 19',0-0
禁区外围，利物浦远射将球打偏,上半场 19',0-0
利物浦这段时间也是在找机会,上半场 21',0-0
利物浦右路传球被阻截,上半场 21',0-0
曼联的反击机会,上半场 21',0-0
直接找费莱尼,上半场 21',0-0
边裁这边先举旗示意越位,上半场 21',0-0
德佩左路拿球起速了,上半场 22',0-0
底线的传球被后卫干扰打在边网上,上半场 22',0-0
曼联获得角球机会,上半场 22',0-0
角球还是打了一个配合,上半场 22',0-0
左路的传球送禁区内,上半场 23',0-0
落点依旧不是很理想,上半场 23',0-0
曼联中场控球大范围转移到左路,上半场 24',0-0
德佩停球下来被对方得到,上半场 24',0-0
曼联开场后优势还是很明显的,上半场 25',0-0
曼联左路拿球被侵犯,上半场 25',0-0
任意球快发，德佩打得有些着急,上半场 25',0-0
今天也是再次给到了马夏尔,上半场 25',0-0
达米安中场附近的传球被干扰,上半场 26',0-0
利物浦前场头球点下来,上半场 27',0-0
本特克停球后摆腿,上半场 27',0-0
结果卡里克先出一脚将球解围了,上半场 27',0-0
本特克这球如果直接打，效果可能会更好,上半场 27',0-0
卢卡斯后场防守犯规,上半场 28',0-0
曼联前场右路的任意球机会,上半场 28',0-0
任意球送后点,上半场 29',0-0
米尼奥莱出击将球拿到,上半场 29',0-0
曼联中场拿球给到费莱尼,上半场 31',0-0
费莱尼这边也是没有太多的机会,上半场 31',0-0
英格斯这边前场接球的时候先越位,上半场 32',0-0
德佩左路拿球，底线附近的急停,上半场 32',0-0
回敲给到队友,上半场 32',0-0
边路起球送后点,上半场 32',0-0
埃雷拉边路拿球，没有机会,上半场 33',0-0
利物浦这边后场传球失误了,上半场 33',0-0
德佩禁区边缘拿球，有打门的机会了,上半场 33',0-0
犹豫了啊,上半场 33',0-0
埃雷拉前场拿球回做给身后,上半场 35',0-0
利物浦这边有反击的机会,上半场 35',0-0
本特克禁区内接球有单刀的机会,上半场 35',0-0
打门给打偏了,上半场 35',0-0
边裁这边先举旗示意越位了,上半场 35',0-0
曼联右路拿球被断,上半场 37',0-0
埃姆雷詹踩单车的假动作没有摆脱防守,上半场 37',0-0
曼联左路下底到中路,上半场 40',0-0
埃雷拉和费莱尼抢到了一起,上半场 40',0-0
前点埃雷拉头球没有顶到,上半场 40',0-0
直接晃开了准备抢第二落点的费莱尼,上半场 40',0-0
这球如果两人换位置的话，效果可能会更好,上半场 40',0-0
米尼奥莱后场禁区内传球险些失误,上半场 42',0-0
队友这边再回传回去，又是险些摆了一个乌龙,上半场 42',0-0
自己给自己挖坑啊这是,上半场 42',0-0
卢卡斯中场抢球撞人犯规,上半场 44',0-0
裁判也是把卢卡斯叫到了身边,上半场 44',0-0
也是口头上警告一下,上半场 45',0-0
施魏因施泰格前场分球，这球给了队友身后,上半场 45',0-0
上半场补时1分钟！,上半场 46',0-0
利物浦中场拿球横向转移,上半场 46',0-0
上半场比赛结束！,中场,0-0
经过45分钟的激战，两队半场过后打成了0-0,中场,0-0
上半场比赛，曼联这边占据着场上的主动,中场,0-0
但机会并不多,中场,0-0
而利物浦上半场稍显被动，但打得很有章法,中场,0-0
两队今天打得都很有针对性,中场,0-0
让我们稍事休息，一会儿为您带来双方下半场的比赛,中场,0-0
让我们回到比赛现场,中场,0-0
双方球员已经回到了场内,中场,0-0
曼联这边中场有调整,中场,0-0
阿什利扬登场,中场,0-0
换下了德佩,中场,0-0
下半场比赛开始！,下半场 1',0-0
下半场比赛由曼联开球,下半场 1',0-0
上半场比赛，曼联2次打门，利物浦1次，双方射正数都为0次,下半场 1',0-0
曼联前场拿球给到边路,下半场 3',0-0
施魏因施泰格拿球在观察,下半场 3',0-0
阿什利扬左路拿球内切往禁区里走,下半场 3',0-0
克莱恩这边阻挡犯规,下半场 3',0-0
曼联前场左路的任意球,下半场 3',0-0
克莱恩还得到一张黄牌！,下半场 3',0-0
1-0！！！,下半场 4',1-0
布林德！！,下半场 4',1-0
马塔任意球低平球送大禁区线附近，布林德无人看防大力推射破门！！,下半场 4',1-0
利物浦的防守都是集中在了自己的小禁区,下半场 5',1-0
曼联前场左路攻势又来了,下半场 5',1-0
施魏因施泰格下底到后点,下半场 5',1-0
利物浦这边将球解围出来,下半场 5',1-0
曼联这边获得角球机会,下半场 6',1-0
角球打战术,下半场 6',1-0
布林德左路起球送后点,下半场 6',1-0
施魏因施泰格前插造成了球打退,下半场 6',1-0
这球也是蛮有威胁的,下半场 7',1-0
马塔中场有拉球的动作,下半场 7',1-0
利物浦这边进攻有利，裁判这边没有吹,下半场 7',1-0
阿什利扬左路起球送后点,下半场 9',1-0
马塔底线附近将球回敲回来,下半场 9',1-0
但这球马塔先越位了,下半场 9',1-0
英格斯禁区弧顶拿球被断,下半场 10',1-0
利物浦很快将球反抢回来,下半场 10',1-0
曼联这边再传将球反抢回来,下半场 10',1-0
利物浦这边有机会啊,下半场 11',1-0
德赫亚后场传球失误,下半场 12',1-0
埃姆雷詹拿球给到禁区内,下半场 12',1-0
米尔纳禁区内小角度横敲门前,下半场 12',1-0
本特克的铲射被后卫干扰,下半场 12',1-0
利物浦这边攻势又来,下半场 12',1-0
左侧的挑射被德赫亚单手托了出去,下半场 12',1-0
利物浦角球机会,下半场 12',1-0
角球送禁区内，曼联先将球解围,下半场 13',1-0
马夏尔在场边开始热身！,下半场 14',1-0
利物浦在丢球后也是发动了几次反击,下半场 15',1-0
费莱尼前场从对方脚下断球,下半场 15',1-0
洛夫伦无奈之下只能先犯规,下半场 16',1-0
曼联前场获得一个任意球机会,下半场 16',1-0
位置还不错，直接打门会很有威胁,下半场 16',1-0
阿什利扬和马塔站在球前,下半场 16',1-0
马塔一晃，阿什利扬直接打门,下半场 16',1-0
这球打高了，没有压住,下半场 17',1-0
曼联这边有可能要连换2人,下半场 18',1-0
利物浦也要准备换人,下半场 19',1-0
利物浦先是一个角球机会,下半场 19',1-0
角球送禁区内，布林德门线上将球解围,下半场 20',1-0
利物浦二次进攻送后点,下半场 20',1-0
布林德近门柱再次封住对方的打门,下半场 20',1-0
利物浦换人，菲尔米诺下，伊比上！,下半场 20',1-0
曼联换人，马塔下，马夏尔上！,下半场 21',1-0
阿什利扬这边自己崴脚了,下半场 22',1-0
队医这边先进场查看,下半场 22',1-0
镜头也是给到了马夏尔,下半场 22',1-0
埃雷拉在禁区内被铲倒，主裁判吹罚点球！,下半场 28',1-0
2-0！,下半场 28',2-0
埃雷拉主罚点球，一蹴而就,下半场 28',2-0
曼联换人，施耐德林换下卡里克,下半场 29',2-0
达米安右路防守的时候犯规,下半场 29',2-0
达米安得到一张黄牌！,下半场 29',2-0
利物浦的任意球送禁区内，威胁不大,下半场 29',2-0
利物浦这边也有换人调整,下半场 29',2-0
利物浦右路下底给到中路,下半场 30',2-0
本特克头球冲顶将球顶高,下半场 30',2-0
利物浦这边很想快速扳回一球,下半场 33',2-0
费莱尼前场拿球后直接打门了,下半场 34',2-0
这球打在了后卫的身上,下半场 34',2-0
达米安后场断抢下来,下半场 35',2-0
埃姆雷詹往左路转移，小了一点,下半场 36',2-0
米尔纳左路起球送禁区内,下半场 36',2-0
中路被曼联球员解围出去,下半场 36',2-0
利物浦中场控球给到右路,下半场 38',2-0
伊比接球到了禁区内,下半场 38',2-0
左脚打门打远角被德赫亚扑了出去,下半场 38',2-0
利物浦的角球机会,下半场 38',2-0
角球送前点被曼联球员解围,下半场 38',2-0
2-1！！,下半场 39',2-1
本特克！！,下半场 39',2-1
斯科特尔右路起球送禁区，前点布林德头球顶了一下，本特克这边直接倒钩打门，德赫亚这边没有扑到,下半场 40',2-1
比赛的悬念又回来了,下半场 40',2-1
3-1！！,下半场 41',3-1
马夏尔！！,下半场 41',3-1
马夏尔左侧接球，变向的摆脱到了禁区内，连过三人后面对门将推射远角破门！,下半场 41',3-1
马夏尔自己的英超之旅可以说是梦幻的,下半场 42',3-1
曼联前场送直塞,下半场 43',3-1
这球跟队友没有形成默契,下半场 43',3-1
全场比赛已经接近尾声了,下半场 44',3-1
米尔纳右路进攻上来,下半场 44',3-1
横敲到门前，后点没人啊,下半场 45',3-1
下半场补时4分钟！,下半场 45',3-1
费莱尼边路的上抢动作有些大,下半场 46',3-1
曼联回敲到后场，稳下节奏,下半场 47',3-1
比赛的最后阶段，曼联也是要将球控制在自己的脚下,下半场 47',3-1
曼联中场拿球给到阿什利扬,下半场 48',3-1
曼联中场倒脚,下半场 49',3-1
全场比赛结束！,完赛,3-1
最终曼联主场3-1战胜了利物浦,完赛,3-1
本场比赛，布林德和埃雷拉先后进球，本特克倒钩破门扳回一城,完赛,3-1
8000万欧新援马夏尔首秀破门锁定胜局,完赛,3-1
比赛的最后，全场最亮的无疑是马夏尔,完赛,3-1
今天的比赛就为大家解说到这里，欢迎您继续关注新浪体育为您送上的其他精彩赛事直播节目，谢谢！,完赛,3-1
