欢迎来到精彩的新浪15赛季中超直播室,未赛,0-0
本场为大家带来的是杭州绿城主场迎战上海申花的比赛,未赛,0-0
经过两个礼拜的间歇期，本周中超重燃战火迎来一周双赛,未赛,0-0
申花上一轮1-0小胜建业，迎来三连胜，排名上升到第六,未赛,0-0
莫雷诺与卡希尔庆祝,未赛,0-0
绿城上一轮0-1不敌恒大，近五轮未尝胜绩,未赛,0-0
目前他们只领先倒数第二的辽宁2分，急需保级抢分,未赛,0-0
两队在上半程的交锋中，申花主场2-0拿下了绿城,未赛,0-0
新浪网友们大家晚上好！,未赛,0-0
稍后由奥特曼为大家带来绿城vs申花的比赛直播,未赛,0-0
两队首发名单已经出炉，我们马上来看一下,未赛,0-0
杭州绿城首发：1-顾超、3-葛振、13-曹轩、34-马修、22-王林、18-赵宇豪、14-冯刚、31-博桑季奇、17-陈柏良、10-阿甘、9-拉蒙,未赛,0-0
替补：4-臧一锋、11-谢鹏飞、16-范晓东、20-安塔尔、27-黄远东、32-吴伟、35-王佳玉,未赛,0-0
上海申花首发：1-耿晓峰、12-柏佳骏、3-李建滨、4-帕帕多普洛斯、8-张璐、28-曹赟定、5-王寿挺、10-莫雷诺、11-吕征、9-登巴巴、17-卡希尔,未赛,0-0
替补：2-熊飞、15-战怡麟、18-高迪、19-郑凯木、21-姜坤、22-邱盛炯、29-范凌江,未赛,0-0
本场比赛裁判：王哲,未赛,0-0
两队球员已经入场,未赛,0-0
绿城主场一身绿色战袍,未赛,0-0
申花客场白色球衣球裤,未赛,0-0
上半场比赛开始！,上半场 1',0-0
申花率先中圈开球,上半场 1',0-0
王寿挺拿球分右路,上半场 1',0-0
吕征右边路推进被破坏出边线,上半场 2',0-0
莫雷诺中场拿球摆脱，球被捅掉,上半场 2',0-0
绿城后场大脚，李建滨禁区前解围,上半场 2',0-0
卡希尔前场争下头球,上半场 3',0-0
登巴巴分左边路，曹赟定直塞禁区,上半场 3',0-0
登巴巴禁区内扣开角度，抽射被顾超扑出！角球,上半场 3',0-0
角球到门前被顾超没收了,上半场 3',0-0
阿甘背身拿球停大了，被解围,上半场 4',0-0
柏佳俊左路铲截，破坏了拉蒙的做球,上半场 4',0-0
莫雷诺后场拿球，长传找曹赟定,上半场 5',0-0
曹赟定越位在先了,上半场 5',0-0
王林直塞左路，博桑基奇手触球了,上半场 6',0-0
绿城后场起高球，帕帕头球解围,上半场 6',0-0
冯刚斜传门前，被耿晓峰把球没收,上半场 7',0-0
曹赟定左路强行内切，射门被封堵,上半场 7',0-0
柏佳俊左路接应被推倒，裁判没有表示,上半场 7',0-0
陈柏良右路人球分过被李建滨破坏出边线,上半场 8',0-0
博桑基奇右路拿球横敲禁区前,上半场 8',0-0
绿城进球了！！！,上半场 8',1-0
陈柏良！！！,上半场 8',1-0
陈柏良禁区前拿球转身，低射被耿晓峰挡了一下，脱手了，钻入网窝！,上半场 8',1-0
绿城1-0领先申花！,上半场 9',1-0
耿晓峰的扑救失误,上半场 9',1-0
莫雷诺左路推进，找登巴巴传丢了,上半场 9',1-0
曹轩后场长传，柏佳俊解围,上半场 10',1-0
阿甘禁区前挑传，没有过顶,上半场 10',1-0
陈柏良上抢柏佳俊犯规了,上半场 10',1-0
申花后场连续倒脚，出球,上半场 11',1-0
莫雷诺被博桑基奇断了脚下球,上半场 11',1-0
阿甘进禁区，连续晃动，没有射门角度,上半场 11',1-0
回敲圈顶，曹赟定封堵了博桑基奇的射门,上半场 12',1-0
莫雷诺带球过中场，分右路队友,上半场 12',1-0
曹赟定左路下底被破坏，角球,上半场 12',1-0
角球去后点被头球顶出,上半场 13',1-0
申花进球了！！！,上半场 13',1-1
吕征！！！,上半场 13',1-1
世界波！！！,上半场 13',1-1
角球被头球解围到大禁区附近，吕征不等球落地，直接侧身凌空抽射远角破门！,上半场 14',1-1
绿城1-1被申花追平！,上半场 14',1-1
登巴巴回撤半场拿球，被陈柏良破坏出边线,上半场 15',1-1
阿甘左路拿球，回敲被破坏,上半场 16',1-1
曹赟定左路拿球，转移另一侧,上半场 16',1-1
吕征下底传中，力量大了,上半场 16',1-1
博桑基奇中场拿球，挑传禁区被耿晓峰没收,上半场 17',1-1
曹赟定左路拿球转身被破坏,上半场 18',1-1
陈柏良右路接应斜传，拿球回敲,上半场 18',1-1
博桑基奇禁区前拿球被莫雷诺上抢，任意球,上半场 18',1-1
任意球到禁区被头球解围,上半场 19',1-1
吕征右路带球反击，稍稍趟大,上半场 19',1-1
吕征再下底，传中，登巴巴射门被封堵,上半场 19',1-1
王林受伤倒地，接受治疗,上半场 20',1-1
中华大联邦 ：陈柏良真不错,上半场 21',1-1
比赛继续,上半场 22',1-1
阿甘和队友2过1，球到禁区被耿晓峰没收,上半场 22',1-1
莫雷诺中场拿球摆脱，分给卡希尔,上半场 23',1-1
右路打身后，没有队友插上,上半场 23',1-1
柏佳俊左路拿球，斜传禁区,上半场 24',1-1
曹赟定插上没有争到落点,上半场 24',1-1
王林右路斜传禁区前，力量大了,上半场 25',1-1
吕征头球回点险些被断，帕帕大脚解围,上半场 26',1-1
王林右路下底,上半场 26',1-1
绿城进球了！！！,上半场 26',2-1
拉蒙！！,上半场 27',2-1
王林右路下底人球分过传后点，阿甘垫回门前，拉蒙冲顶破门,上半场 27',2-1
绿城2-1领先申花！,上半场 27',2-1
登巴巴前场断球，分左路插上的莫雷诺,上半场 28',2-1
莫雷诺斜射被封堵，角球,上半场 28',2-1
曹赟定角球还是被顾超没收,上半场 28',2-1
博桑基奇右路传中去后点，直接给出了底线,上半场 29',2-1
博桑基奇接应陈柏良的斜传，越位在先,上半场 30',2-1
曹赟定斜传远点，登巴巴被包夹,上半场 31',2-1
王寿挺中场顶防阿甘犯规了,上半场 31',2-1
登巴巴前场逼抢，险些断球,上半场 32',2-1
球转移到左路，王寿挺中场接应,上半场 32',2-1
卡希尔接应斜传，禁区内抢点捅射被挡出,上半场 33',2-1
莫雷诺跟上补射又被封堵,上半场 33',2-1
拉蒙摆脱李建滨没有成功，球被破坏,上半场 34',2-1
陈柏良反抢柏佳俊犯规了,上半场 34',2-1
曹赟定左路接应登巴巴脚后跟做球，强突下底,上半场 34',2-1
曹赟定抹入禁区，倒三角传回,上半场 34',2-1
登巴巴射门被后卫补门,上半场 35',2-1
再补射被挡出去,上半场 35',2-1
曹赟定左路接应过顶球，下底拿到一个角球,上半场 35',2-1
角球去后点，赵宇豪头球解围,上半场 36',2-1
吕征边路突破被破坏出边线,上半场 36',2-1
柏佳俊斜传左路身后，拉蒙头球解围,上半场 36',2-1
张璐右路传中，登巴巴卸球被封堵,上半场 37',2-1
王林拿球回带，曹赟定上抢,上半场 37',2-1
陈柏良搓传身后过顶球,上半场 38',2-1
绿城进球了！！！,上半场 38',3-1
阿甘！！！,上半场 38',3-1
阿甘拿球进禁区，面对门将单刀推射破门！,上半场 38',3-1
绿城3-1领先申花！,上半场 38',3-1
莫雷诺中场被断球,上半场 39',3-1
绿城反击，阿甘传中被顶出去,上半场 39',3-1
博桑基奇传禁区右侧，拉蒙抽射打飞,上半场 39',3-1
申花右路长传进禁区，直接被门将拿到,上半场 40',3-1
王林右路助攻，分陈柏良,上半场 41',3-1
陈柏良的传中被柏佳俊挡出边线,上半场 41',3-1
莫雷诺直塞登巴巴，被拦截,上半场 41',3-1
拉蒙接应博桑基奇直传，突入禁区被帕帕铲断,上半场 42',3-1
柏佳俊左路45度起球，被头球顶出,上半场 42',3-1
帕帕中场上抢被拉蒙绊倒,上半场 42',3-1
王寿挺斜传右路，葛振头球顶出底线，角球,上半场 43',3-1
角球到外围，张璐远射被封堵,上半场 43',3-1
曹赟定起球到禁区被马修顶出去,上半场 44',3-1
登巴巴接应莫雷诺回敲，突破低射被封堵,上半场 44',3-1
阿甘左路接应冯刚传球，出边线,上半场 45',3-1
莫雷诺分右路，直接给出了边线,上半场 45',3-1
曹轩后场大脚，李建滨回给门将,上半场 46',3-1
上半场补时1分钟,上半场 46',3-1
博桑基奇后场解围，被卡希尔中场拦截,上半场 46',3-1
曹赟定左路做球，禁区前登巴巴射门被封堵,上半场 47',3-1
上半场比赛结束！,上半场 47',3-1
绿城3-1暂时领先申花,中场,3-1
本场赛前，绿城的赢球奖金开到了赛季最高的300万元,中场,3-1
申花一上来就有些不在状态，有些脱节,中场,3-1
两队球员回到场上,中场,3-1
下半场比赛开始！,下半场 1',3-1
绿城中圈开球,下半场 1',3-1
曹赟定左路突破，趟大了,下半场 1',3-1
阿甘左路拿球突破被张璐破坏，角球,下半场 1',3-1
博桑基奇开出角球，到外围阿甘控球,下半场 2',3-1
传球被破坏，张璐大脚开出,下半场 2',3-1
王寿挺长传找登巴巴，被头球解围,下半场 3',3-1
曹赟定直塞继续找登巴巴，还是被包夹,下半场 3',3-1
拉蒙右路过人不成功,下半场 3',3-1
申花中场连续横向转移球,下半场 4',3-1
拉蒙前场拿球转身过人，被补防破坏吧,下半场 5',3-1
阿甘左路直塞，帕帕解围，角球,下半场 5',3-1
陈柏良突破,下半场 5',3-1
角球到门前被耿晓峰没收,下半场 6',3-1
莫雷诺带球过中场连续的突破到禁区前,下半场 6',3-1
再做趟球被葛振撞倒，任意球,下半场 6',3-1
禁区前靠左的位置,下半场 7',3-1
登巴巴任意球射门被顾超扑住,下半场 7',3-1
博桑基奇中场过人被莫雷诺绊倒，任意球,下半场 8',3-1
拉蒙背身拿球，横敲阿甘,下半场 9',3-1
阿甘禁区前摆脱，低射被耿晓峰扑了一下，二点球抱住,下半场 9',3-1
莫雷诺斜传左路，球还是打回来,下半场 10',3-1
吕征反向送右路身后，张璐越位,下半场 10',3-1
莫雷诺给到左路，曹赟定传中没有过顶,下半场 11',3-1
吕征肋部送低平球，被拦截,下半场 11',3-1
阿甘左路面对包夹，帕帕先破坏,下半场 11',3-1
柏佳俊左路传中，还是没有过顶,下半场 12',3-1
登巴巴连续拉到禁区外接应,下半场 12',3-1
阿甘左路拿球，被张璐破坏出边线,下半场 13',3-1
申花中场曹赟定拿球，直接吊门，高了,下半场 14',3-1
帕帕争顶被博桑基奇扛倒，任意球,下半场 15',3-1
莫雷诺长传找卡希尔，直接踢出了边线,下半场 15',3-1
绿城进球了！！！,下半场 15',4-1
拉蒙！！！,下半场 15',4-1
绿城反击，阿甘接应长传头球摆渡，拉蒙反越位插上单刀推射破门！,下半场 16',4-1
绿城4-1领先申花！,下半场 16',4-1
拉蒙送左路身后，张璐头球解围,下半场 17',4-1
冯刚带球进禁区，被拦截,下半场 17',4-1
申花连续长传禁区前，根本找不到队友,下半场 17',4-1
阿甘继续直塞禁区，耿晓峰把球没收,下半场 18',4-1
莫雷诺分边，柏佳俊传禁区被顾超摘下,下半场 18',4-1
阿甘左路突破，包夹被帕帕断球,下半场 19',4-1
帕帕断球趟大，铲截冯刚犯规,下半场 19',4-1
裁判黄牌警告了帕帕,下半场 19',4-1
申花换人，姜坤换下登巴巴,下半场 19',4-1
张璐被熊飞换下,下半场 20',4-1
博桑基奇起球,下半场 20',4-1
登巴巴下场，看起来大腿有些拉伤,下半场 20',4-1
葛振左路助攻，横敲队友,下半场 22',4-1
博桑基奇斜传禁区，拉蒙越位了,下半场 22',4-1
姜坤直传卡希尔，没有停好,下半场 23',4-1
吕征右路传中，被马修解围,下半场 23',4-1
姜坤直塞右路身后，曹轩铲截手球了,下半场 24',4-1
申花快开任意球，吕征越位了,下半场 24',4-1
拉蒙前场断球，突破到禁区前分右路,下半场 25',4-1
后排跟上的赵宇豪远射飞了,下半场 25',4-1
卡希尔接应姜坤直传，回敲,下半场 26',4-1
莫雷诺跟上射门被封堵一下，顾超把球拿到,下半场 26',4-1
阿叔我中意伱个女：申花看不懂,下半场 26',4-1
庆祝进球,下半场 26',4-1
赵宇豪斜传禁区前，李建滨倒地铲截,下半场 27',4-1
莫雷诺中场挑球过人，没有成功,下半场 28',4-1
姜坤分右路，熊飞回敲,下半场 29',4-1
莫雷诺禁区前突破被破坏,下半场 29',4-1
陈柏良拼抢中受伤倒地,下半场 29',4-1
比赛继续,下半场 30',4-1
吕征右路传中去后点被解围，角球,下半场 31',4-1
角球到后点，卡希尔头球顶偏了,下半场 31',4-1
申花换人，曹赟定被高迪换下,下半场 31',4-1
姜坤前场断球，横带被反抢,下半场 32',4-1
绿城控制节奏,下半场 33',4-1
拉蒙接应直塞，帕帕卡住了位置,下半场 33',4-1
中圈开球,下半场 33',4-1
拉蒙左路拿球，回敲后场,下半场 34',4-1
吕征右路过人下底，传中被解围,下半场 34',4-1
角球开门前，被解围,下半场 35',4-1
拉蒙拿球反击，直塞被李建滨先拦截,下半场 35',4-1
绿城中场又带球，阿甘直塞，拉蒙门前被出击的耿晓峰封堵,下半场 36',4-1
申花现在面对绿城的控球也不逼抢了,下半场 37',4-1
博桑基奇中场拿球，分左路阿甘,下半场 37',4-1
王林右路拿球下底，被铲截出边线,下半场 38',4-1
吕征接应长传，进禁区，左脚搓射被顾超扑住,下半场 38',4-1
熊飞右路断了阿甘的脚下球,下半场 39',4-1
莫雷诺传左路，姜坤禁区左侧低射打偏,下半场 39',4-1
拉蒙身陷包围,下半场 39',4-1
熊飞低平球送入禁区，没有找到队友,下半场 40',4-1
阿甘接应身后球，越位在先,下半场 41',4-1
绿城换人，谢鹏飞换下阿甘,下半场 41',4-1
姜坤中场拿球，斜传右路身后给大了,下半场 42',4-1
柏佳俊外围搓高球，葛振后点解围,下半场 43',4-1
绿城换人，安塔尔换下博桑基奇,下半场 43',4-1
姜坤角球开猴对，卡希尔头球顶在后卫身上,下半场 44',4-1
下半场补时3分钟,下半场 45',4-1
莫雷诺长传禁区前，吕征接应卡希尔回敲,下半场 46',4-1
高迪左路传中，落点不佳,下半场 46',4-1
莫雷诺禁区外再做门前，被顾超拿到,下半场 46',4-1
绿城中场控制球,下半场 47',4-1
赵宇豪右路反越位，横敲被解围,下半场 47',4-1
高迪左路断球，传中还是被头球顶出,下半场 48',4-1
全场比赛结束！,下半场 48',4-1
绿城4-1大胜申花！,完赛,4-1
拉蒙指天庆祝进球,完赛,4-1
申花延续了一整场的低迷状态,完赛,4-1
绿城反击打得得心应手，屡屡制造威胁,完赛,4-1
好了，本场比赛就为大家直播到这，我们下次再见！,完赛,4-1
