北京时间8月15日，2015赛季中超联赛第23轮赛事，上海申鑫主场对阵江苏舜天,未赛,0-0
在一波3连平后，申鑫上轮于主场力克辽足。申鑫积分提升到14分，尽管仍是于榜尾垫底，但距离辽足的分差缩小到5分，距离泰达的分差为7分，整体情况已较此前形成一定好转。,未赛,0-0
申鑫本赛季前10个主场战绩为2胜2平6负，此战如果能继续在主场赢球，申鑫的保级希望将进一步提升，也会令保级战团的整体局面更为复杂。,未赛,0-0
舜天上轮在全场补时阶段被高拉特绝杀，近5轮1胜1平3负的走势下佩特雷斯库的执教压力在放大。本赛季舜天前11个客场战绩为3胜2平6负。,未赛,0-0
中超交锋史上申鑫（前南昌队）对舜天2胜4平5负处于下风，申鑫主场对舜天2平3负未尝胜绩。本赛季首回合舜天凭借埃斯库德罗的入球主场1-0击败申鑫。,未赛,0-0
本场比赛将在19点45分准时打响,未赛,0-0
赛前双方公布了首发阵容，让我们来看一下,未赛,0-0
上海申鑫首发：14-张一诺/12-孙凯，29-黄威，26-乔尼，2-胡鸣飞/20-吴毅臻，16-于涛，33-巴兰特斯，8-池忠国，7-杨家威/27-丹尼尔,未赛,0-0
替补：11-艾弗顿，15-张文涛，18-叶重秋，22-林翔，30-陈伟，31-崔仁，34-徐文,未赛,0-0
江苏舜天首发：1-邓小飞，5-周云，6-奥特森，8-刘建业，10-卡尔坦森，11-埃斯库德罗，12-张晓彬，22-吴曦，23-任航，28-杨笑天，31-康斯坦丁,未赛,0-0
替补：2-李昂，16-萨米尔，17-许友志，20-孙可，24-吉翔，30-张思鹏，50-戈伟,未赛,0-0
双方球员步入球场,未赛,0-0
比赛即将开始,未赛,0-0
上半场比赛开始,上半场 1',0-0
舜天率先开球,上半场 1',0-0
舜天左路进攻，吴曦左路横传，埃斯库德罗禁区线上打门偏出,上半场 1',0-0
申鑫左路进攻被断了,上半场 1',0-0
于涛后场犯规,上半场 2',0-0
舜天前场断球，杨笑天左路传中，吴曦禁区前沿接球扣过防守球员打门偏出,上半场 3',0-0
丹尼尔前场拼抢，奥特森及时分球,上半场 4',0-0
吴曦分球到右路,上半场 4',0-0
舜天右路横传中路,上半场 4',0-0
皮球来到左路，杨笑天跟进打门被张一诺扑出,上半场 5',0-0
中路并没有队友跟进，球被化解了,上半场 5',0-0
中路要是有人跟进的话，就是个空门啊,上半场 5',0-0
吴曦中场被踢倒了,上半场 5',0-0
任航右路回敲,上半场 6',0-0
埃斯库德罗禁区前沿接球调整后分给左路,上半场 6',0-0
杨笑天拍马赶到，第一时间没有起脚，第二下再打被胡鸣飞挡出底线,上半场 6',0-0
埃斯库德罗角球开到中路被顶出,上半场 7',0-0
外围巴兰特斯犯规,上半场 7',0-0
这个位置的定位球应该直接打了,上半场 8',0-0
战术任意球开向禁区，最后禁区内拿球还是被解围了,上半场 8',0-0
孙凯禁区内将球顶出底线,上半场 8',0-0
埃斯库德罗角球开到后点，卡尔坦森禁区内头球攻门偏出底线,上半场 9',0-0
杨笑天左路回敲后场,上半场 9',0-0
张晓彬右路拿球摆脱传球,上半场 9',0-0
埃斯库德罗转身传身后被挡住了,上半场 10',0-0
中场奥特森将球踢出边线,上半场 10',0-0
巴兰特斯中场断球分球也是被断了,上半场 10',0-0
杨笑天左路摆脱，面对胡鸣飞防守，自己将球踢出了底线,上半场 11',0-0
乔尼后场拿球给到孙凯,上半场 11',0-0
乔尼再次拿球大脚开向前场被邓小飞拿到,上半场 11',0-0
埃斯库德罗分球右路，力量稍大直接出了边线,上半场 12',0-0
孙凯界外球掷出，巴兰特斯大脚踢出了边线,上半场 12',0-0
舜天左路直塞，杨笑天并没有拿到,上半场 13',0-0
埃斯库德罗禁区左侧小角度打门被张一诺挡出,上半场 13',0-0
张一诺在做出扑救后也是有点受伤,上半场 14',0-0
舜天角球开出，被顶出禁区,上半场 14',0-0
舜天今天开场状态相当不错，牢牢控制住局面,上半场 14',0-0
杨笑天前场拼抢，张一诺将球开出边线,上半场 15',0-0
舜天右路起球传中被顶出,上半场 15',0-0
申鑫反击，杨家威摆脱传中，被踢出,上半场 16',0-0
埃斯库德罗给到右路,上半场 16',0-0
舜天在后场控下球,上半场 16',0-0
吴曦禁区前沿摆脱分球,上半场 16',0-0
刘建业打向禁区被张一诺拿到,上半场 17',0-0
周云大脚开向前场,上半场 17',0-0
舜天中场直塞，张晓彬脚后跟传去右测，吴曦禁区右侧横传，球被挡出了，球打在吴曦手上，裁判吹哨了,上半场 18',0-0
这个球吴曦可以直接打一脚,上半场 18',0-0
杨笑天给回后场被丹尼尔断了,上半场 19',0-0
吴曦防守犯规,上半场 19',0-0
但是丹尼尔出现了肘击动作,上半场 20',0-0
裁判还是给了申鑫前场定位球,上半场 20',0-0
巴兰特斯接球调整后直接打门，被邓小飞扑出底线,上半场 20',0-0
这个球有些危险啊,上半场 20',0-0
角球到禁区内，乱战中被解围,上半场 20',0-0
舜天反击，左路给到右路，埃斯库德罗横传禁区，卡尔坦森禁区内推射高了,上半场 21',0-0
裁判判罚越位了,上半场 21',0-0
但是这个近在咫尺的推射竟然高了,上半场 21',0-0
埃斯库德罗前场摆脱最后还是被铲了,上半场 22',0-0
刘建业禁区前沿分球被挡,上半场 22',0-0
申鑫进攻，巴兰特斯一漏进入禁区，再想拿球被卡住了,上半场 23',0-0
丹尼尔前场抢断杀进禁区还是被踢出底线,上半场 23',0-0
角球开出，被解围了,上半场 23',0-0
外围于涛防守犯规,上半场 23',0-0
周云在防守角球时受伤了,上半场 24',0-0
担架上来了,上半场 24',0-0
比赛继续,上半场 24',0-0
周云回到了场内,上半场 25',0-0
巴兰特斯中场突破被踢倒了,上半场 25',0-0
孙凯左路直塞,上半场 25',0-0
吴毅臻拿球被踢出边线,上半场 26',0-0
丹尼尔左侧底线突破杀入禁区，防守球员卡住了身位，丹尼尔反抢犯规了,上半场 26',0-0
于涛中场抢断直塞，申鑫左路传中，禁区内头球顶了一下被化解了,上半场 27',0-0
任航带球到中场分给左路,上半场 27',0-0
周云直塞被乔尼踢出,上半场 28',0-0
埃斯库德罗禁区弧外被踢倒了,上半场 28',0-0
任意球开到禁区，张一诺出击脱手了，第二下申鑫解围掉,上半场 29',0-0
杨家威后场断球分给前场左路,上半场 29',0-0
吴毅臻左路传中被顶出底线,上半场 29',0-0
巴兰特斯到禁区被顶出边线,上半场 30',0-0
舜天反击，卡尔坦森给到左路埃斯库德罗,上半场 31',0-0
埃斯库德罗面对两名防守球员，球出了底线,上半场 31',0-0
申鑫直塞禁区，奥特森一漏，邓小飞拿到了,上半场 32',0-0
舜天中场失误，巴兰特斯中场拿球调整吊射，球高了,上半场 32',0-0
埃斯库德罗右路拿球脚后跟后磕，球打在了孙凯腿上,上半场 33',0-0
申鑫后场控球,上半场 33',0-0
杨家威禁区右路传到禁区左侧，吴毅臻倒地捅射被邓小飞没收,上半场 34',0-0
这个球传接非常漂亮,上半场 35',0-0
吴曦拿球给到左路杨笑天,上半场 35',0-0
卡尔坦森前场拿球没有处理好被解围掉了,上半场 35',0-0
手抛球掷到禁区， 被解围了,上半场 35',0-0
舜天外围再次开到禁区被张一诺抱住了,上半场 36',0-0
申鑫中场断球,上半场 36',0-0
池忠国外围直接打了，这个球慢悠悠滚出底线,上半场 36',0-0
申鑫在后半段发力了,上半场 37',0-0
申鑫前场断球，池忠国外围又是来了一脚，偏出左侧球门,上半场 37',0-0
巴兰特斯左路想要传禁区被挡住了,上半场 38',0-0
申鑫中场拼抢犯规了,上半场 39',0-0
任意球到禁区被解围了,上半场 39',0-0
任航左路摆脱，过了一个，第二个没有过去,上半场 39',0-0
刘建业外围直接开向禁区,上半场 40',0-0
胡鸣飞在底线附近碰了下球，球出了底线,上半场 40',0-0
角球开出，卡尔坦森蹭到后点，刘建亚给到禁区被踢出,上半场 40',0-0
外围再次开向禁区，奥特森没有追到，球出了底线,上半场 40',0-0
丹尼尔前场争顶犯规了,上半场 41',0-0
孙凯后场上抢断球,上半场 41',0-0
丹尼尔停球摆脱，奥特森倒地了,上半场 41',0-0
丹尼尔脚蹬到了奥特森的脚踝,上半场 42',0-0
这个球丹尼尔也是非常不满，裁判给了丹尼尔一张黄牌,上半场 42',0-0
比赛继续,上半场 42',0-0
前场卡尔坦森和张晓彬配合失误了,上半场 43',0-0
申鑫反击,上半场 43',0-0
杨家威右路摆脱传中，丹尼尔禁区内踢空了,上半场 43',0-0
舜天球员解围掉,上半场 43',0-0
申鑫左路传中，丹尼尔禁区内头球攻门被邓小飞拿到,上半场 44',0-0
杨笑天中场左路拿球出界了,上半场 44',0-0
孙凯直塞,上半场 45',0-0
吴毅臻前场抢球拉倒了周云,上半场 45',0-0
上半场补时1分钟,上半场 45',0-0
进球了,上半场 46',0-0
舜天界外球掷出，杨笑天第一下没有拿到，但是乔尼上来也是没有拿到，杨笑天大步前追禁区前沿分给右侧，张晓彬拿球调整后打门，球被张一诺挡了一下飞进球网,上半场 47',0-1
重新开球，裁判也吹哨了,中场,0-1
上半场比赛结束,中场,0-1
凭借张晓彬最后时刻的进球，舜天客场1-0领先申鑫,中场,0-1
上半场比赛刚开始阶段，舜天的进攻是相当猛烈，一度接近破门,中场,0-1
但是随着比赛的深入，申鑫进攻逐渐有了起色，也是有破门，可惜都没有把握住,中场,0-1
张晓彬补时阶段的进球，让舜天占得先机,中场,0-1
稍事休息，过会为大家下半场双方的较量,中场,0-1
球员重新回到球场,中场,0-1
下半场比赛开始,下半场 1',0-1
乔尼给到左路的孙凯,下半场 1',0-1
皮球来到右路,下半场 1',0-1
又是给到后场的乔尼,下半场 1',0-1
巴兰特斯中场断球开到前场,下半场 2',0-1
丹尼尔前场断球,下半场 2',0-1
左路传中，被舜天连续两点价位,下半场 2',0-1
孙凯再次传中，直接出了底线,下半场 2',0-1
张晓彬禁区右侧横传被解围了,下半场 3',0-1
张晓彬不是射手，要是射手的这个球可以直接打了,下半场 4',0-1
申鑫中场吊向禁区被顶出,下半场 4',0-1
埃斯库德罗分球右路，直接出了边线,下半场 4',0-1
申鑫右路二过二配合出了底线,下半场 5',0-1
大脚开到前场，卡尔坦森蹭了被申鑫拿到,下半场 6',0-1
刘建业中场拿球回敲,下半场 6',0-1
周云拿球被吴毅臻破坏出边线,下半场 6',0-1
埃斯库德罗斜塞右路被孙凯挡了一下,下半场 7',0-1
吴毅臻后点大力抽射飞了,下半场 8',0-1
申鑫右路的传中，前边三人全漏掉了，可能吴毅臻也没有想到这个大礼,下半场 8',0-1
丹尼尔禁区转身摆脱勉强的倒地打门被邓小飞拿到,下半场 9',0-1
申鑫右路直塞，倒三角回传，丹尼尔禁区内爆射高出,下半场 10',0-1
卡尔坦森前场争抢犯规,下半场 10',0-1
吴毅臻禁区左侧横传被解围,下半场 10',0-1
巴兰特斯禁区直接打门，踢出了边线,下半场 11',0-1
巴兰特斯前场直塞找丹尼尔被康斯坦丁抢断,下半场 11',0-1
杨笑天禁区线附近横向过人被踢了一下，球打在了自己手上犯规,下半场 12',0-1
杨笑天左路拿球回传,下半场 12',0-1
舜天中场失误,下半场 12',0-1
申鑫反击，巴兰特斯分球左路被断了,下半场 13',0-1
舜天外围控球,下半场 13',0-1
埃斯库德罗前场突破被池忠国踢倒了,下半场 13',0-1
舜天换人了，孙可上场替下吴曦,下半场 14',0-1
杨笑天传到禁区被黄威顶出,下半场 14',0-1
于涛大脚转移到左路,下半场 15',0-1
吴毅臻给到巴兰特斯,下半场 15',0-1
巴兰特斯直传，丹尼尔回做，巴兰特斯直接打门被邓小飞没收,下半场 16',0-1
孙可右路拿球斜塞被挡出边线,下半场 16',0-1
申鑫进攻右路直接传中被踢出,下半场 17',0-1
埃斯库德罗前场给到中路,下半场 17',0-1
杨笑天左路直接传中，球飞到了右路被申鑫拿到,下半场 18',0-1
申鑫进攻投入兵力并不多,下半场 18',0-1
吴毅臻左路传中直接被邓小飞拿到,下半场 18',0-1
申鑫的反击打的很困难,下半场 18',0-1
于涛拿球分到左路,下半场 19',0-1
吴毅臻左路传中被邓小飞击出,下半场 19',0-1
舜天后场解围球打在申鑫球员身上出了边线,下半场 20',0-1
舜天进攻,下半场 20',0-1
埃斯库德罗分到右路孙可,下半场 21',0-1
孙可右路传中，球传到了卡尔坦森身后,下半场 21',0-1
申鑫用徐文替下孙凯,下半场 21',0-1
埃斯库德罗中场突破被踢出边线,下半场 21',0-1
申鑫又换人了，叶重秋上场替下于涛,下半场 22',0-1
丹尼尔分球左路,下半场 23',0-1
巴兰特斯直接兜射远角，球被邓小飞抱住,下半场 23',0-1
张晓彬拿球摆脱被捅了一下被张一诺拿到,下半场 24',0-1
舜天换人，萨米尔上场替下卡尔坦森,下半场 25',0-1
周云界外球被申鑫拿到,下半场 25',0-1
萨米尔左路拿球直塞禁区,下半场 26',0-1
杨笑天禁区左侧传中被张一诺抱住,下半场 26',0-1
池忠国前传分球左侧给丹尼尔被断掉了,下半场 26',0-1
任航被推倒了,下半场 26',0-1
徐文上抢犯规了,下半场 27',0-1
萨米尔禁区右侧踉踉跄跄趟过两名防守球员，面对张一诺推射，被挡出底线,下半场 28',0-1
角球开出被解围出底线,下半场 28',0-1
孙可再开战术角旗,下半场 28',0-1
禁区外围传中，奥特森打门被挡，康斯坦丁跟进再打被挡出底线,下半场 29',0-1
连续错失破门良机啊,下半场 29',0-1
角球开出被解围，埃斯库德罗吊向禁区被张一诺拿到,下半场 29',0-1
胡鸣飞右路传中被顶出,下半场 29',0-1
杨家威左路传到禁区被舜天拿到了,下半场 30',0-1
萨米尔右路拿球横传禁区，埃斯库德罗没有拿到,下半场 30',0-1
这个球也越位了,下半场 31',0-1
奥特森受伤倒地了,下半场 31',0-1
比赛继续,下半场 32',0-1
巴兰特斯给到左路,下半场 32',0-1
丹尼尔禁区前沿背身拿球回做被断了,下半场 32',0-1
杨笑天左路传到禁区,下半场 33',0-1
埃斯库德罗禁区左侧低平球传中被乔尼断掉,下半场 33',0-1
杨家威传球，徐文拿球被张晓彬解围出边线,下半场 34',0-1
巴兰特斯中场外脚背直塞被舜天拿到了,下半场 35',0-1
双方节奏打的很慢,下半场 35',0-1
都没有什么好的办法,下半场 35',0-1
申鑫换人，艾弗顿上场替下乔尼,下半场 36',0-1
看来申鑫要放手一搏了,下半场 36',0-1
康斯坦丁踩到了徐文犯规,下半场 36',0-1
申鑫大脚转移到左路,下半场 37',0-1
杨笑天后场被拉拽了，申鑫犯规,下半场 37',0-1
艾弗顿中场被踢倒了,下半场 38',0-1
巴兰特斯开向禁区，裁判响哨了,下半场 39',0-1
康斯坦丁被侵犯了,下半场 39',0-1
埃斯库德罗右路拿球直接被顶出了场外,下半场 39',0-1
裁判给的是界外球,下半场 40',0-1
舜天前传力量稍大被门将控制住,下半场 41',0-1
叶重秋开向禁区，被解围了,下半场 41',0-1
杨笑天后场解围,下半场 41',0-1
外围继续申鑫控球,下半场 41',0-1
申鑫中场转移球出现了失误，球直接出了边线,下半场 41',0-1
邓小飞倒地了,下半场 42',0-1
队医赶紧上来治疗一下,下半场 43',0-1
比赛继续,下半场 43',0-1
埃斯库德罗给到左侧萨米尔,下半场 44',0-1
萨米尔拿球传给杨笑天,下半场 44',0-1
杨笑天拿球到禁区犹豫了，球出了底线,下半场 44',0-1
比赛也是常规时间的最后两分钟,下半场 44',0-1
孙可后场被踢倒了,下半场 45',0-1
裁判吹了舜天防守犯规,下半场 45',0-1
任意球开出被门将拿到,下半场 45',0-1
孙可禁区右侧传球被挡，起来再次触球，不知是传是射被门将拿到,下半场 46',0-1
下半场补时5分钟,下半场 46',0-1
申鑫前场拿球,下半场 46',0-1
丹尼尔给到左路，吴毅臻传中被周云挡住,下半场 47',0-1
吴毅臻再次传中出了底线,下半场 47',0-1
角球给到后点，后点球员头球直接出了底线,下半场 47',0-1
舜天换人，吉翔上场替下杨笑天,下半场 47',0-1
埃斯库德罗争抢犯规了,下半场 48',0-1
艾弗顿与埃斯库德罗二过二配合被后卫断掉了,下半场 48',0-1
康斯坦丁后场大脚解围出边线,下半场 49',0-1
萨米尔摆脱倒地，但是裁判没有吹,下半场 49',0-1
埃斯库德罗禁区右侧传球被叶重秋挡住了,下半场 50',0-1
埃斯库德罗前场倒地铲倒杨家威犯规了,下半场 50',0-1
邓小飞直接开出了边线,下半场 50',0-1
边线球掷出,下半场 51',0-1
全场比赛结束,下半场 51',0-1
江苏舜天客场1-0战胜上海申鑫,完赛,0-1
申鑫结束了自己的连续不败，舜天也是凭借本场比赛的胜利，暂时来到了第五位,完赛,0-1
下半场的比赛，双方进攻的精彩程度并不高,完赛,0-1
虽然最后申鑫防守一搏，但还是没能取得进球,完赛,0-1
在输掉本场比赛后，申鑫的保级将会更加艰难,完赛,0-1
本场比赛的直播就到这里，谢谢收看,完赛,0-1
