北京时间10月31日，中超第30轮收官将燃起烽火。,未赛,0-0
末轮，杭州绿城、天津泰达和贵州茅台这三支球队，将“争夺”另外一个降级名额。,未赛,0-0
由于绿城上轮客场与舜天战平，只拿到了1分，既未能提前上岸，又遭遇到了五轮不胜：近五轮比赛，绿城3平2负仅仅拿到3分。目前绿城积30分，依旧存在着降级的隐患。,未赛,0-0
主场迎战已经降级的上海申鑫，绿城的目标肯定是确保一场胜利。实际上，绿城只要与申鑫打平就能确保中超资格，因为就算与贵州积分相同，绿城也将凭借胜负关系的优势压倒对手。,未赛,0-0
两队中超历史交锋，绿城2胜5平4负，处于劣势。尤其是最近3个主场对阵申鑫，绿城居然只收获3场平局。能否既打破主场对阵3连平，同时又实现成功保级，值得拭目以待。,未赛,0-0
杭州绿城首发： 　1-顾超；3-葛振、34-斯皮拉诺维奇、13-曹轩、16-范晓冬；17-陈柏良、14-冯刚、20-安塔尔、18-赵宇豪；10-阿甘、9-拉蒙 　　替补：4-臧一峰、11-谢鹏飞、22-王林、25-黄希扬、27-黄远东、31-博桑季奇、5-弋腾,未赛,0-0
　　上海申鑫： 22-林翔；2-胡鸣飞、3-邹仲霆、26-乔尼、12-孙凯；7-杨家威、8-池忠国、20-吴毅臻、21-刘峻楠、38-刘亦超；27-丹尼尔 　　替补：19-贾天子、25-张迅伟、29-黄威、30-陈伟、31-崔仁、40-段杰毅,未赛,0-0
比赛已经开了,上半场 1',0-0
开始了,上半场 1',0-0
上海申鑫队首先开球,上半场 1',0-0
绿城拿球，给到中路，安塔尔的一脚射门偏出,上半场 2',0-0
绿城左路进攻,上半场 3',0-0
开场后绿城十分积极,上半场 3',0-0
比较关系到保级,上半场 3',0-0
杭州绿城队左路突破遭拦截,上半场 4',0-0
申鑫拿球回传,上半场 4',0-0
申鑫一脚长传给到右路，丹尼尔拿球直接打门,上半场 5',0-0
球被顾超没收,上半场 5',0-0
杭州绿城队直传球被断，刘弈超中场拿球，转移到右边路,上半场 6',0-0
上海申鑫队直传球被断,上半场 7',0-0
杭州绿城队过顶长传找阿甘，禁区上海申鑫队防守将球断下,上半场 7',0-0
上海申鑫队从右路组织进攻，大范围转移，球到左侧，孙凯拿球,上半场 8',0-0
乔尼后场控球，给到右边路进攻,上半场 10',0-0
上海申鑫队过顶长找到丹尼尔，再做回来，池忠国回敲,上半场 10',0-0
杭州绿城队中路突破，阿甘外围大力远射，林翔没收,上半场 10',0-0
上海申鑫队进攻到前场，转移到右边路，阿甘断球快速打反击,上半场 11',0-0
上海申鑫队快速发动反击，吴毅臻移动到右边路，再敲回来,上半场 13',0-0
杭州绿城队左路突破，斜传禁区，上海申鑫队后卫将球得到,上半场 13',0-0
阿甘带球左路切入禁区，倒三角传球，陈柏良起脚打门，没能形成威胁,上半场 16',0-0
杭州绿城队逼抢非常凶猛，上海申鑫队无法送球过半场,上半场 16',0-0
杭州绿城队又是一次进攻，安塔尔右路起球，直接将球传出底线,上半场 17',0-0
杭州绿城队后场长传，阿甘带球左路突破，最后一步趟大了,上半场 18',0-0
申鑫队有队员受伤倒地了,上半场 18',0-0
好像是丹尼尔,上半场 18',0-0
丹尼尔已无法坚持比分，担架将他抬到场边,上半场 23',0-0
杭州绿城队从左路组织进攻，转移到右侧，斜传到禁区后点，阿甘停球后传到门前，队友头球顶门,上半场 24',0-0
胡鸣飞险些丢球，上海申鑫队长传球被断,上半场 24',0-0
上海申鑫队换人，段杰毅上场换下丹尼尔,上半场 24',0-0
突入禁区，后卫挡出来，外围安塔尔一脚远射，对方挡出底线,上半场 25',0-0
葛振横传中路，陈柏良禁区外远左脚射门，林翔扑球脱手了，拉蒙跟上补射也没能成功,上半场 26',0-0
上海申鑫队右路传中，斯皮拉诺维奇头球解围,上半场 27',0-0
进球了！！,上半场 29',1-0
阿甘和拉蒙的配合,上半场 29',1-0
阿甘一人中路拿球吸引防守队员后分给拉蒙，拉蒙射门得手,上半场 30',1-0
绿城继续进攻,上半场 31',1-0
陈柏良拿球小角度打门没有角度了,上半场 32',1-0
上海申鑫队中路直传，杨家威被陈柏良放倒在地，任意球,上半场 35',1-0
池忠国主罚任意球开到禁区内，后卫头球顶出来,上半场 35',1-0
阿甘直塞给冯刚,上半场 35',1-0
冯刚射门被林翔封堵出来,上半场 35',1-0
上海申鑫队得球快速反反击，中场杭州绿城队犯规,上半场 38',1-0
池忠国主罚任意球给到左侧的孙凯,上半场 38',1-0
上海申鑫队左路横传被断掉，杭州绿城队断球快速打反击了,上半场 38',1-0
上海申鑫队右路传中，葛振头球顶出来,上半场 39',1-0
任意球开出来，禁区外杨家威起脚远射，放了高射炮,上半场 39',1-0
杭州绿城队大范围转移，球到右侧，葛振斜传禁区，乔尼头球顶出来,上半场 42',1-0
杭州绿城队后场断球，安塔尔右路拿球，志拉蒙前场做配合，接阿甘的传球起脚打门，偏了,上半场 42',1-0
杭州绿城队后场长传，安塔尔分到左侧，赵志豪拿球，斜传球被破坏出来,上半场 43',1-0
上半场进入尾声了,上半场 43',1-0
上半场比赛结束，上半场杭州绿城队凭借拉蒙的一粒入球以1-0暂时领先上海申鑫,中场,1-0
下半场一开始，绿城就再次进球,下半场 1',1-0
拉蒙又进球了，但裁判哨响，进球无效,下半场 3',2-0
刚刚那个进球是下半场仅仅开场14秒，谢鹏飞进球将比分扩大,下半场 4',2-0
杭州绿城队又是一次很有威胁的进攻，阿甘拿球突破，转移到右路，谢鹏飞横带几步左脚射门，稍稍,下半场 5',2-0
上海申鑫队右路突破，刘峻楠传中没能传起来,下半场 5',2-0
上海申鑫队继续控球，池忠国分转移到左侧，孙凯过人调整起脚打门，高了,下半场 6',2-0
安塔尔分到左侧，范晓冬横传，阿甘传球被破坏出出来,下半场 6',2-0
拉蒙~~,下半场 9',3-0
绿城已经提前保级无忧了,下半场 9',3-0
杭州绿城队分到右侧，拉蒙横带起脚打门球进,下半场 11',3-0
申鑫扳回一球，刘峻楠左路停球后起脚打门得分，场上比分绿城3-1。,下半场 13',3-1
阿甘又进球了,下半场 13',4-1
阿甘左路得球后一脚劲射再次破门,下半场 13',4-1
这比赛堪称进球大战啊,下半场 14',4-1
池忠国主罚角球开到禁区内，第一点被顶出来,下半场 17',4-1
刘峻楠外围控球，再给到右侧，池忠国下底传中，对方破坏出来,下半场 17',4-1
上海申鑫队再传禁区，吴毅臻射门被顾超扑出底线，角球,下半场 19',4-1
弋腾上场换下斯皮拉诺维奇,下半场 20',4-1
贾天子上场,下半场 23',4-1
阿甘后脚跟传球被断，上海申鑫队从右路组织进攻,下半场 23',4-1
杨家威中前场成功抢断，超远距离一脚吊射，高了,下半场 26',4-1
杭州绿城队后场断球，黄希扬交到中路，曹轩再给右侧的安塔尔,下半场 26',4-1
阿甘左路直传，谢鹏飞把球趟出了边线,下半场 28',4-1
申鑫扳回一球,下半场 29',4-2
吴毅臻左路无人盯防下起脚打门得分,下半场 30',4-2
胡鸣飞右路拿球，段杰毅交给中路的乔尼,下半场 33',4-2
上海申鑫队斜传转移，球到右侧，范晓冬将球破坏出边线,下半场 33',4-2
界外球发出来，杨家威带球往禁区内突，后卫将球破坏出边线,下半场 33',4-2
杭州绿城队后场长传，林翔出击将球拿下,下半场 35',4-2
阿甘拚抢时受伤倒在地是，是与邹仲霆争抢时被踩到脚后跟了,下半场 35',4-2
上海申鑫队进攻到前场，池忠国禁区前治尝试远射，打高了,下半场 37',4-2
上海申鑫队换人，陈灏上场换下杨家威,下半场 38',4-2
上海申鑫队又是一次进攻，右路传中，后卫断球反击，阿甘中场传球失误,下半场 40',4-2
上海申鑫队快速发动反击，池忠国与段杰毅做配合，传球时出了边线,下半场 42',4-2
上海申鑫队再次组织进攻，段杰毅分到右边路，胡鸣飞打门，顾超没收,下半场 44',4-2
下半场比赛补时三分钟,下半场 45',4-2
比赛结束了,完赛,4-2
主裁判王哲吹响了全场比赛结束的哨声，最终杭州绿城队4-2战胜上海申鑫队保级成功,完赛,4-2
