大家好，欢迎进入由新浪体育为您带来的精彩赛事直播节目！,未赛,0-0
即将为您带来的是西甲首轮巴萨客场对阵毕尔巴鄂的比赛，欢迎您的收看~,未赛,0-0
两队此前刚在西班牙超级杯中交手2次，毕尔巴鄂1胜1平不败，主场更是4比0取得大胜,未赛,0-0
然而毕尔巴鄂周中欧罗巴联赛附加赛客场2比3负于斯洛伐克强队斯利纳，可见近期的连续作战对球队消耗还是很大的,未赛,0-0
巴萨痛失西班牙超级杯后六冠王美梦破灭，球队近期更是失去了大将佩德罗,未赛,0-0
本场比赛皮克停赛，而内马尔继续养伤，球队的阵容不整,未赛,0-0
毕尔巴鄂是一支拼抢凶悍的球队，近期的连续作战对他们消耗较大，而4天后将在主场迎来欧罗巴联赛附加赛第二回合的比赛,未赛,0-0
球队向来重视欧战，为了不失去欧战资格本场对巴萨的比赛恐难以全力以赴,未赛,0-0
大家好，欢迎进入由新浪体育为您带来的精彩赛事直播节目！,未赛,0-0
即将为您带来的是西甲首轮巴萨客场对阵毕尔巴鄂的比赛，欢迎您的收看~,未赛,0-0
先来看下两队的首发~,未赛,0-0
毕尔巴鄂：门将伊莱索斯，后卫埃卢斯顿多、拉波尔特、德马科斯、巴伦奇亚加，中场埃拉索、里科、苏塞塔、本纳特、萨宾，前锋阿杜里斯,未赛,0-0
巴塞罗那：门将布拉沃，后卫阿尔巴、马斯切拉诺、维尔马伦、阿尔维斯，中场布斯克茨、拉基蒂奇、伊涅斯塔，前锋拉菲尼亚、苏亚雷斯、梅西,未赛,0-0
手机用户2070219045 巴萨现在的状况难赢---难道都不看好巴萨/.,未赛,0-0
比赛已经进行到了第15分钟~,上半场 15',0-0
巴萨在场上控球进攻~,上半场 15',0-0
阿尔维斯没注意身后的情况~,上半场 16',0-0
被阿杜里斯从身后将球断走~,上半场 16',0-0
阿尔维斯倒地貌似还受伤了,上半场 16',0-0
裁判中断了比赛,上半场 16',0-0
恩里克让小将罗贝托紧急热身,上半场 16',0-0
慢动作来看阿尔维斯似乎拉伤了肌肉,上半场 17',0-0
刚才阿杜里斯从身后抢球的时候动作不太感情，踢到了阿尔维斯的腿上,上半场 17',0-0
比赛恢复进行~,上半场 17',0-0
梅西回敲拉基蒂奇~后者在对方球员的干扰下只能是大脚将球开走,上半场 17',0-0
阿尔维斯看起来问题不大，重新回到了球场了,上半场 18',0-0
不过回到场上阿尔维斯又坐在了踢上,上半场 19',0-0
看起来还是无法坚持比赛,上半场 19',0-0
罗贝托换下了阿尔维斯,上半场 19',0-0
在季前的热身赛中罗贝托曾经打过右边后卫的位置,上半场 19',0-0
阿尔维斯捂着自己的腹股沟，看起来有些严重,上半场 20',0-0
巴萨真是屋漏偏逢连夜雨,上半场 20',0-0
本就缺兵少将，右后卫位置无人替补，这下....,上半场 20',0-0
呆会看下罗贝托镇守的右路会不会被打爆...,上半场 20',0-0
到了毕尔巴鄂的禁区前~,上半场 21',0-0
巴萨在对方的紧逼下没什么机会,上半场 21',0-0
罗贝托回敲拉基蒂奇~巴萨将球打回到了中场,上半场 21',0-0
禁区内有手球？梅西举手示意对方后卫手球了,上半场 21',0-0
不过裁判没有理会,上半场 22',0-0
慢动作来看罗贝托在刚传中之前球已经出界了,上半场 22',0-0
虽然是手球犯规，不过在传球的时候已经出界了,上半场 22',0-0
拉波尔特后场直塞~打了罗贝托的身后,上半场 23',0-0
还好马斯切拉诺补防到位将球清理出边线,上半场 23',0-0
毕尔巴鄂连续边线球开出~左路下底传中,上半场 23',0-0
裁判吹哨了,上半场 23',0-0
苏亚雷斯被吹了犯规,上半场 23',0-0
毕尔巴鄂获得了一个禁区前沿的定位球,上半场 23',0-0
距离球门还有些距离,上半场 24',0-0
看下毕尔巴鄂是否会选择直接射门,上半场 24',0-0
将球吊入禁区~~,上半场 24',0-0
阿杜里斯抢到了头球~~顶偏了,上半场 24',0-0
巴萨禁区前有些混乱~,上半场 25',0-0
毕尔巴鄂凭借着人高马大不断的发动冲击,上半场 26',0-0
苏亚雷斯被对方后卫拉倒~,上半场 26',0-0
巴萨的前场定位球，终于可以喘口气了,上半场 26',0-0
拉基蒂奇刚才中场横传险些被断,上半场 27',0-0
毕尔巴鄂一旦丢球之后回防非常快,上半场 27',0-0
而巴萨只能通过斜长传打右边路来策动进攻,上半场 28',0-0
所有的迹象看来这都是一场艰苦的比赛,上半场 28',0-0
伊涅斯塔遭到对方三人围抢,上半场 28',0-0
裁判鸣哨了，吹了毕尔巴鄂的球员犯规,上半场 29',0-0
毕尔巴鄂后场长传~再打罗贝托身后,上半场 29',0-0
马斯切拉诺再次补防，狂奔30米将球铲断,上半场 29',0-0
点球,上半场 30',0-0
巴萨获得了点球~,上半场 30',0-0
埃卢斯顿多在禁区内被苏亚雷斯扣过，随后他绊倒了苏亚雷斯~,上半场 30',0-0
点球还是由梅西来主罚,上半场 31',0-0
压力山大啊,上半场 31',0-0
被扑出去了~~~,上半场 31',0-0
梅西的点球罚向球门左下角，没什么速度~~被伊莱索斯飞身扑出,上半场 31',0-0
梅西的点球速度太慢了,上半场 31',0-0
巴萨角球开出~几番头球争顶下来，被伊莱索斯将球拿到,上半场 32',0-0
禁区外一脚远射~来自伊涅斯塔！,上半场 33',0-0
球打偏了~,上半场 33',0-0
苏亚雷斯再次被放倒,上半场 34',0-0
裁判掏出了黄牌~~~,上半场 34',0-0
埃卢斯顿多刚才是在身后给了苏亚雷斯的脚后跟一下,上半场 34',0-0
动作有些脏,上半场 34',0-0
罗贝托右路传中~好机会,上半场 34',0-0
苏亚雷斯拍马赶到~门前推射！！！,上半场 34',0-0
被门将扑了一下~~~,上半场 35',0-0
被门将扑了一下，可惜了~,上半场 36',0-0
布斯克茨为巴萨制造了一个位置不错的定位球,上半场 36',0-0
距离球门26米~梅西的直接射门击中了人墙,上半场 36',0-0
嗯？裁判示意要重罚,上半场 36',0-0
慢动作来看是有毕尔巴鄂的球员手球了,上半场 37',0-0
裁判还给了手球的埃拉索一张黄牌,上半场 37',0-0
梅西的定位球重罚还是被人墙挡出,上半场 38',0-0
梅西看起来情绪不高~梅西再补射打偏了,上半场 38',0-0
射门次数方面巴萨8次，毕尔巴鄂只有2次,上半场 38',0-0
拉菲尼亚禁区左上角传中~,上半场 38',0-0
苏亚雷斯故意一漏，不过梅西跟进的速度慢了,上半场 39',0-0
伊涅斯塔在中场防守犯规,上半场 39',0-0
巴萨后场断球~拉菲尼亚没能及时将球传出去,上半场 39',0-0
险些被断,上半场 39',0-0
又是毕尔巴鄂的边路定位球,上半场 39',0-0
战术定位球，传中被布斯克茨给顶到~,上半场 40',0-0
左路传中~~维尔马伦鱼跃头球解围出底线,上半场 41',0-0
毕尔巴鄂的角球机会,上半场 41',0-0
巴萨这个赛季定位球防守上面漏洞很多,上半场 41',0-0
低平球传中~~萨宾的打门被堵了枪眼,上半场 41',0-0
继续罚角球,上半场 41',0-0
传中到后点，布拉沃出击将球拿下,上半场 42',0-0
巴萨快速反击~~,上半场 42',0-0
苏亚雷斯接到梅西的挑传~~禁区内转身射门,上半场 42',0-0
后卫将球封堵出了底线,上半场 42',0-0
拉基蒂奇角球传中~被对方后卫抢到了头球,上半场 42',0-0
苏亚雷斯倚住对方球员，想要将球挑过后卫头顶,上半场 43',0-0
伊莱索斯出击将球拿到,上半场 43',0-0
拉基蒂奇在跟对方球员争抢的时候犯规了,上半场 43',0-0
裁判给了拉基蒂奇一张黄牌,上半场 43',0-0
毕尔巴鄂将球吊入禁区~裁判鸣哨了,上半场 44',0-0
接应球员已经越位,上半场 44',0-0
巴萨后场传递~布斯克茨险些失误,上半场 45',0-0
不过到了中场位置，巴萨还是丢球了,上半场 45',0-0
上半场补时3分钟,上半场 45',0-0
感觉巴萨完全是跟着对方的节奏在打,上半场 46',0-0
梅西太着急了，刚才的传中机会并不好,上半场 46',0-0
错失点球之后，梅西的情绪受到了很大的影响,上半场 47',0-0
梅西挑传拉菲尼亚~对方后卫将球踢出了边线,上半场 48',0-0
上半场比赛结束了,中场,0-0
整个上半场虽然没有进球但是却非常精彩,中场,0-0
双方摆开架势展开了对攻,中场,0-0
比赛的节奏也进行得非常快,中场,0-0
巴萨本有机会取得领先，不过苏亚雷斯创造的点球被梅西罚丢,中场,0-0
对方门将阻止了梅西的新赛季进球之后，梅西心态有些不稳,中场,0-0
另外本场比赛巴萨又折损了一员大将，阿尔维斯拉伤了腹股沟被罗贝托换下,中场,0-0
休息一下，看下半场恩里克会如何调整,中场,0-0
欢迎回来,中场,0-0
下半场比赛开始了~,下半场 1',0-0
中场休息阶段两队都没有换人,下半场 1',0-0
埃卢斯顿多在中场抢头球的时候撞人犯规了,下半场 2',0-0
他可得小心，身上已经有张黄牌了,下半场 2',0-0
罗贝托的速度还不错，刚才中场丢球之后一路回追将球断走,下半场 3',0-0
巴萨在中场拿球,下半场 3',0-0
马斯切拉诺长传想找苏亚雷斯~,下半场 3',0-0
裁判示意越位,下半场 4',0-0
不过慢动作来看...并没有越位,下半场 4',0-0
上半场有几次毕尔巴鄂的越位吹罚也有问题,下半场 4',0-0
场上有球员受伤,下半场 5',0-0
巴伦奇亚加举手示意自己无法坚持必死啊,下半场 5',0-0
无法坚持比赛~汗,下半场 5',0-0
毕尔巴鄂紧急换人，博维达换下了巴伦奇亚加,下半场 5',0-0
目前两队各用掉了一个换人名额,下半场 6',0-0
还都是因伤换人,下半场 6',0-0
梅西发动进攻~,下半场 7',0-0
逼得了一个角球,下半场 8',0-0
巴萨的角球进攻并没有形成威胁,下半场 9',0-0
阿尔巴直塞送入禁区~,下半场 9',0-0
巴萨进球了~~~,下半场 12',0-1
阿尔巴左路传中~~~找到门前无人防守的苏亚雷斯,下半场 13',0-1
苏亚雷斯左脚凌空抽射打进球门中路~~~~,下半场 13',0-1
这个进球太关键了,下半场 13',0-1
在如此艰难的情况下，巴萨顶住了压力,下半场 13',0-1
这下巴萨可以稍微放平心态了,下半场 14',0-1
犯规次数方面巴萨6次，毕尔巴鄂是巴萨的一倍,下半场 14',0-1
拉菲尼亚转移到右路~,下半场 15',0-1
无人防守的位置~~~罗贝托跟上一脚抽射！,下半场 15',0-1
这球是打在了横梁上,下半场 15',0-1
毕尔巴鄂看起来要换人,下半场 16',0-1
埃拉索在跟维尔马伦拼身体~被撞翻在地,下半场 16',0-1
场边嘘声四起，不过裁判并没有理会,下半场 16',0-1
布斯克茨防守的时候卡住了身位，身后的埃拉索犯规了,下半场 17',0-1
毕尔巴鄂连换两人,下半场 17',0-1
古尔佩吉跟戈麦斯披挂登场,下半场 17',0-1
换下了里科跟萨宾,下半场 18',0-1
拉菲尼亚中场带球过多被断~,下半场 18',0-1
维尔马伦无奈之下扫倒了阿杜里斯,下半场 18',0-1
裁判掏出了一张黄牌,下半场 18',0-1
毕尔巴鄂的前场定位球,下半场 19',0-1
本纳特的定位球传中被巴萨的球员顶到,下半场 19',0-1
布斯克茨在一次拼抢中被放倒,下半场 19',0-1
布斯克茨痛苦倒地,下半场 20',0-1
队医进场了,下半场 20',0-1
队医示意要换人,下半场 20',0-1
慢动作来看布斯克茨是扭伤了脚踝,下半场 21',0-1
被担架抬出了场地,下半场 21',0-1
巴萨用巴尔特拉换下了布斯克茨,下半场 21',0-1
才联赛第一轮，巴萨就连损两员大将,下半场 22',0-1
加上皮克要继续停赛，内马尔归期未定,下半场 22',0-1
巴萨已经少了四名主力,下半场 22',0-1
巴萨在中场控球~,下半场 23',0-1
戈麦斯绊倒了拉基蒂奇~领到了一张黄牌,下半场 24',0-1
毕尔巴鄂反击机会~,下半场 27',0-1
埃拉索杀入禁区~~,下半场 27',0-1
倒地了~裁判没有吹罚,下半场 27',0-1
原来是已经越位在先,下半场 28',0-1
而且埃拉索倒地并不是因为维尔马伦的犯规,下半场 28',0-1
慢动作来看维尔马伦的铲球很干净,下半场 29',0-1
埃拉索的演技还不够啊,下半场 29',0-1
下半场梅西有些消沉~看到他的机会不多,下半场 30',0-1
苏亚雷斯跟古尔佩吉争抢高空球犯规了,下半场 30',0-1
裁判给了苏亚雷斯一张黄牌,下半场 30',0-1
说实话今天维尔马伦的发挥还不错的,下半场 31',0-1
闪亮的无敌哥 悲了比催的。巴萨后防马上全替补了---就只剩下小马哥跟阿尔巴了,下半场 28',0-1
梅西大范围转移找到罗贝托~,下半场 28',0-1
罗贝托顺势杀入禁区~连续挑球过人,下半场 28',0-1
可惜最终还是被后卫将球断走了,下半场 28',0-1
毕尔巴鄂也有机会，禁区内阿杜里斯外脚背一敲,下半场 29',0-1
埃拉索找不到射门的机会,下半场 29',0-1
回敲队友~本纳特的远射将球打上了看台,下半场 29',0-1
阿杜里斯又来了~,下半场 29',0-1
面对维尔马伦的防守~自己撞在了墙上,下半场 29',0-1
维尔马伦不变应万变，位置卡得非常好,下半场 30',0-1
受制于体能状况，毕尔巴鄂的逼抢也没有上半场那么凶狠了,下半场 31',0-1
哇~禁区内一片混乱,下半场 31',0-1
毕尔巴鄂连续的头球接力，最终埃拉索的凌空抽射将球打高了,下半场 31',0-1
巴萨要做出人员调整,下半场 32',0-1
看起来是要换上桑德罗,下半场 32',0-1
那么被换下的会是拉菲尼亚吧,下半场 33',0-1
他的体能也拼得差不多了,下半场 33',0-1
果然，拉菲尼亚被桑德罗换下,下半场 33',0-1
伊涅斯塔倒地受伤了？,下半场 34',0-1
布拉沃将球提出界外，让队医进场,下半场 35',0-1
伊涅斯塔刚才是跟对方硬碰硬的膝盖对膝盖来了一下,下半场 35',0-1
还好伊涅斯塔自己站了起来,下半场 35',0-1
毕尔巴鄂大举压上之下后防空虚,下半场 36',0-1
梅西带球策动反击~,下半场 36',0-1
斜传苏亚雷斯~越位了,下半场 36',0-1
不过慢动作来看，苏牙真的越位了吗？,下半场 37',0-1
很难说~今天边裁的吹罚问题太多了,下半场 37',0-1
估计是把眼镜忘在了家里面,下半场 37',0-1
随着时间的流逝，巴萨距离胜利也越来越近,下半场 38',0-1
梅西~哇！,下半场 38',0-1
连续的摆脱~连过对方3名后卫,下半场 38',0-1
禁区内抽射~打得太正了,下半场 38',0-1
被伊莱索斯候个正着,下半场 38',0-1
不过之前这几下过人实在是精彩,下半场 39',0-1
毕尔巴鄂现在是全线压上,下半场 40',0-1
梅西又来了~,下半场 40',0-1
禁区左侧拿球~吸引了两名后卫的注意力,下半场 40',0-1
梅西将球回敲~,下半场 41',0-1
巴萨的节奏慢了下来,下半场 41',0-1
下半场要补时4分钟~,下半场 46',0-1
梅西还在尝试进攻~,下半场 46',0-1
苏亚雷斯被埃卢斯顿多踩中了脚踝,下半场 46',0-1
毕尔巴鄂的球员还示意自己没有犯规,下半场 47',0-1
裁判手下留情并没有掏牌,下半场 47',0-1
巴萨的前场定位球,下半场 47',0-1
这个时候巴萨能拖一秒是一秒了,下半场 47',0-1
禁区外远射~来自毕尔巴鄂的拉波尔特,下半场 48',0-1
这球距离球门实在是太远了，布拉沃将球拿住,下半场 48',0-1
比赛随时都有可能结束,下半场 49',0-1
毕尔巴鄂断球~,下半场 50',0-1
不过这个时候裁判鸣哨吹响了全场比赛结束的哨音,完赛,0-1
巴萨拿下了一场艰难的胜利,完赛,0-1
在先后损失了阿尔维斯跟布斯克茨之后,完赛,0-1
上半场梅西还曾罚丢了一个点球,完赛,0-1
不过苏亚雷斯下半场的进球帮助巴萨复仇成功,完赛,0-1
虽然并没有大比分胜利，但是从大败到平局再到胜利~,完赛,0-1
在巴萨主力球员受伤或停赛的艰难局面下，还是拿到了3分,完赛,0-1
今天的比赛就为大家解说到这里，欢迎您继续关注新浪体育为您送上的其他精彩赛事直播节目，谢谢！,完赛,0-1
