各位新浪网友大家好，欢迎来到新浪体育观看精彩的直播节目,未赛,0-0
本次直播给大家带来的是15-16赛季英超联赛第五轮，水晶宫主场迎战曼城的比赛,未赛,0-0
上轮水晶宫做客斯坦福桥球场再度打出以弱胜强的代表作，2-1掀翻蓝军切尔西，给穆里尼奥沉痛一击,未赛,0-0
水晶宫前4轮联赛3胜1负目前暂居积分榜次席。不过，水晶宫每轮都保持失球，面对攻击强劲的曼城，水晶宫的防线让人担忧,未赛,0-0
曼城前4轮联赛保持全胜，是唯一一支保持全胜的豪门球队，而且4场比赛一球未失的同时，每场至少保持两粒以上的进球。表现堪称完美,未赛,0-0
曼城下周中欧冠小组赛首战将要在主场面对上赛季欧冠亚军尤文图斯，在联赛顺风顺水的情况下曼城可能会分心留力,未赛,0-0
但面对本赛季势头强劲的水晶宫，曼城不敢大意，况且上轮他们客场击败切尔西也着实给曼城敲响了警钟,未赛,0-0
水晶宫近7次面对曼城足足输掉了6场，但值得注意的是水晶宫上赛季曾主场2-1掀翻曼城，本场曼城故地重游，定当报去年失利之仇,未赛,0-0
大家好，欢迎来到直播间观看精彩的英超联赛！,未赛,0-0
欢迎广大网友提出对于本场比赛您所感兴趣的问题，我们将挑选一些有代表性的进行解答和探讨！,未赛,0-0
双方首发已经新鲜出炉，让我们先睹为快,未赛,0-0
水晶宫先发（4-2-3-1)：门将：麦卡锡,后卫：索亚尔、汉格兰德、丹恩、凯利,前卫：扎哈、彭切永、博拉西、麦克阿瑟、卡巴耶，前锋：萨科,未赛,0-0
替补：马里亚帕、F-坎贝尔、亨内西、李青龙、耶迪纳克、古耶、穆洽,未赛,0-0
曼城先发（4-2-3-1）：门将：乔-哈特,后卫：萨尼亚、孔帕尼、曼加拉、科拉罗夫,前卫：纳瓦斯、阿圭罗、纳斯里、亚亚-图雷、费尔南迪尼奥,前锋：博尼,未赛,0-0
替补：卡巴列罗、德布劳内、德米凯利斯、罗伯茨、奥塔门迪、伊赫纳乔、曼努尔-加西亚-阿隆索,未赛,0-0
今天的主裁判是迈克-琼斯,未赛,0-0
曼城斥资8000万欧元从狼堡签下德布劳内，今天进入18人大名单，有望登场,未赛,0-0
让我们把目光聚焦到塞尔赫斯特公园球场！,未赛,0-0
双方球员已经走出通道，来到场地中央,未赛,0-0
今天曼城身穿的是传统的浅蓝色战袍,上半场,0-0
水晶宫则是主场红蓝间条衫,上半场,0-0
比赛开始了,上半场 1',0-0
曼城率先开球,上半场 1',0-0
孔帕尼后场拿球，组织一下,上半场 1',0-0
水晶宫断球反击了,上半场 2',0-0
水晶宫获得右路角球机会,上半场 3',0-0
角球开出来，后点扎哈的争顶高出横梁,上半场 3',0-0
水晶宫开场气势非常盛，丝毫不惧怕领头羊,上半场 4',0-0
曼城队右路的传中，中路博尼的头球，没有顶上力量,上半场 4',0-0
博尼这个球是摆脱了后卫的防守，水晶宫的防线要提高警惕,上半场 5',0-0
水晶宫的进攻，打到30米区域，丢掉了,上半场 5',0-0
反击中，博尼带过中场，被对手战术犯规绊倒,上半场 5',0-0
慢镜头回放中，曼城这边快发定位球,上半场 6',0-0
纳斯里禁区内有机会打门，被挡出来,上半场 6',0-0
水晶宫右路的进攻，直塞给扎哈,上半场 6',0-0
扎哈插入禁区，突破后的传中，被哈特得到,上半场 6',0-0
sorry，刚才突破的不是扎哈，是博拉西,上半场 7',0-0
曼城边路推进，科拉罗夫助攻上来，被对方挡出边线,上半场 7',0-0
亚亚图雷中场的屏障作用也是非常明显,上半场 8',0-0
亚亚图雷是绊倒了扎哈,上半场 8',0-0
水晶宫后场的长传,上半场 8',0-0
曼城头球争到，但是球权还是被水晶宫拿到,上半场 9',0-0
凯利边路拿球，横敲中路，汉格兰德拿球在过渡到左侧,上半场 9',0-0
水晶宫左路的进攻赢得一个前场的定位球,上半场 10',0-0
水晶宫的任意球打到前点,上半场 10',0-0
没有形成射门，传的太过靠外,上半场 10',0-0
外围一记远射，外脚背，苏瓦雷的射门，稍稍偏出,上半场 10',0-0
水晶宫开场十分钟，进攻打的非常热闹,上半场 11',0-0
曼城虽然有过两次小规模的反击，但都没有打出太大威胁,上半场 11',0-0
扎哈左路的突破，强行传中，被哈特拿到,上半场 12',0-0
水晶宫继续强攻左路，苏瓦雷和扎哈两名黑风双煞很具威胁啊,上半场 12',0-0
扎哈和萨尼亚拼抢，吹了扎哈的犯规,上半场 13',0-0
科拉罗夫，给到费尔南迪尼奥，在向前给博尼,上半场 13',0-0
博尼拿了一下， 回敲阿圭罗,上半场 13',0-0
阿圭罗突破丢掉了,上半场 13',0-0
边路曼城继续围攻，边路科拉罗夫的传中,上半场 14',0-0
水晶宫的防空能力还是不错的,上半场 14',0-0
曼城左路拿球，纳斯里过来接应，过渡到费尔南迪尼奥,上半场 14',0-0
科拉罗夫左侧插上，曼城一直在外围倒脚,上半场 14',0-0
纳斯里突然的插上，左路传中，给到禁区弧顶没有包抄,上半场 15',0-0
曼城继续在前场推进，边路阿圭罗拉出来,上半场 15',0-0
回传给孔帕尼，孔帕尼一记长传,上半场 16',0-0
麦克阿瑟中场拦截一下,上半场 16',0-0
纳斯里拼抢犯规,上半场 16',0-0
水晶宫前场的抢断，右路给到博拉西,上半场 16',0-0
博拉西拉边，低球传中到前点,上半场 16',0-0
卡巴耶中路包抄，没有打门的空间,上半场 17',0-0
门前的混战，还是孔帕尼先解围出来,上半场 17',0-0
曼城反击的机会，丹恩中场凶狠的拦截踢翻阿圭罗,上半场 18',0-0
丹恩吃到一张黄牌！！战术犯规付出的代价,上半场 18',0-0
阿圭罗受伤不轻，队医赶紧进场,上半场 19',0-0
阿圭罗速度太快，被拌一下也是摔得够呛,上半场 20',0-0
慢镜头在回放刚才卡巴耶禁区内包抄的那一下，孔帕尼解围之前确实有犯规嫌疑啊,上半场 20',0-0
但是电光火石之间，裁判也是难以判断,上半场 20',0-0
水晶宫右路的进攻,上半场 21',0-0
边路传中， 吊入禁区中央，曼加拉把球顶出,上半场 21',0-0
边路水晶宫交给博拉西,上半场 21',0-0
博拉西再交到中路给麦克阿瑟,上半场 21',0-0
麦克阿瑟突破后的传中，彭切永越位,上半场 21',0-0
水晶宫本赛季的进攻确实是不错,上半场 22',0-0
费尔南迪尼奥给左路科拉罗夫，科拉罗夫在直塞给纳斯里,上半场 22',0-0
纳斯里横拨中路，曼城一直在外围传切,上半场 23',0-0
阿圭罗再次受伤倒地，而且是没有碰撞的情况下,上半场 23',0-0
阿圭罗可能还是受刚才伤势的影响,上半场 24',0-0
曼城后面还有欧冠要打，阿圭罗太重要了,上半场 24',0-0
果然，阿圭罗被换下了，替补上来的是德布劳内，丁丁曼城首秀,上半场 25',0-0
阿圭罗意外受伤，德布劳内要比原计划提前出场了,上半场 25',0-0
扎哈面对图雷的防守,上半场 25',0-0
图雷右边路防守犯规，吃到黄牌,上半场 26',0-0
主裁琼斯今天已经掏了两张黄牌，琼斯尺度还是比较严格的,上半场 26',0-0
慢镜头来看麦克阿瑟直塞扎哈，图雷是直接连人带球都踢翻,上半场 26',0-0
曼城左路定位球传中,上半场 27',0-0
后点没有包抄，曼城把球解围出来,上半场 27',0-0
丁丁回撤接应，水晶宫前场把球断下，但趟的比较大了一些,上半场 27',0-0
琼斯哨响，进攻犯规,上半场 27',0-0
博拉西背身拿球，做给身后的同伴,上半场 28',0-0
水晶宫的博拉西禁区前沿拿球摔倒了，身后防他的是图雷，但裁判没有理会,上半场 28',0-0
彭切永前场搓过顶，给到远点,上半场 29',0-0
传的稍微深了一些，失去了机会,上半场 29',0-0
佩工和帕度在场边居然也激烈的争吵起来，甚至动了手,上半场 30',0-0
佩工示意帕度你已经越线了，回到你的指挥区，帕度自然也是不甘示弱呀,上半场 30',0-0
目光还是聚回场内,上半场 31',0-0
德布劳内中路有机会，分到左路,上半场 31',0-0
科拉罗夫插上，一记远射，被丹恩挡出,上半场 31',0-0
曼城左路传递，纳斯里盘带之后分给丁丁,上半场 31',0-0
丁丁的直塞，给到禁区内的博尼，博尼转身打门，被后卫挡下,上半场 32',0-0
sorry,是被麦卡锡挡下，太激动了,上半场 32',0-0
麦卡锡是下意识的下蹲，用腿挡下的,上半场 32',0-0
曼城左路把球拿住，在把球敲给博尼，博尼又是一脚，这次是被后卫挡住,上半场 33',0-0
博尼这连续的两脚机会还是不错的，可惜没能把握好‘,上半场 33',0-0
萨尼亚右路拿球，发动进攻，扎哈回防很积极啊,上半场 33',0-0
彭切永的防守，踢倒了纳瓦斯,上半场 34',0-0
纳斯里主罚这个球，距离球门位置比较远,上半场 34',0-0
纳斯里给到禁区内，稍微有些高，孔帕尼顶了一下，还是出了底线,上半场 35',0-0
阿圭罗在替补席上面无表情的在看着比赛，希望伤势不会影响接下来繁忙的比赛任务,上半场 35',0-0
随着曼城站稳了脚跟，水晶宫的攻势渐渐被遏制了,上半场 36',0-0
水晶宫左路的突破，彭切永的直塞，给扎哈，越位了,上半场 37',0-0
上半场已经踢了将近40分钟，双方激烈有余，精彩稍显不足,上半场 37',0-0
丁丁右路的突破，低球给到弧顶附近，准确的找到纳瓦斯,上半场 37',0-0
纳瓦斯调整一下，一脚抽射，高出横梁,上半场 38',0-0
卡巴耶中路拿球，一记直塞，给的有点早啊,上半场 38',0-0
彭切永没有继续往前跑位,上半场 38',0-0
曼城大脚的长传，苏瓦雷头球顶回到曼城半场,上半场 39',0-0
萨尼亚右路直塞交给前面的博拉西,上半场 39',0-0
sorry，交给的是博尼，博尼博拉西傻傻分不清楚,上半场 40',0-0
汉格兰德把球解围出来,上半场 40',0-0
科拉罗夫回敲一下， 孔帕尼在直塞到费尔南迪尼奥,上半场 40',0-0
纳斯里左路突破，低球直塞给禁区内的博尼，被丹恩挡下,上半场 41',0-0
亚亚图雷上来，拿球之后也是找锋线上的博尼,上半场 41',0-0
博尼想转身寻求打门的机会，但趟大了,上半场 41',0-0
曼城中路视野开阔，一脚穿透力很强的球传到左路,上半场 42',0-0
科拉罗夫插上，不调整，直接传了，飞出底线,上半场 42',0-0
水晶宫右路拼抢，断了科拉罗夫的脚下球,上半场 42',0-0
科拉罗夫倒地了，但裁判没有理睬，扎哈拿球快速下底,上半场 43',0-0
扎哈和中路的博拉西寻求配合，扎哈下底的传中,上半场 43',0-0
博拉西包抄的有点早了，越位,上半场 43',0-0
麦克阿瑟往前推进，苏亚雷左路上来接应,上半场 44',0-0
水晶宫继续拿球，边路的直塞，彭切永禁区外拿到机会,上半场 45',0-0
彭切永果断的打门，力道十足，但高出一些,上半场 45',0-0
上半场补时达到4分钟,上半场 45',0-0
孔帕尼把球打到前场，丁丁拿球,上半场 45',0-0
想直接交给博尼，没有成功,上半场 45',0-0
纳斯里中路推进，撞墙配合给到博尼，在做给丁丁,上半场 46',0-0
丁丁一脚打门，被麦卡锡牢牢扑住,上半场 46',0-0
丁丁上场之后曼城的进攻也变得比之前犀利,上半场 47',0-0
科拉罗夫左路大范围的吊球，右侧萨尼亚头球一顶，被对手断下,上半场 47',0-0
扎哈换位到右路，45度的斜传,上半场 47',0-0
后点传的不错，萨科和博拉西有点抢了，萨科凌空的垫射，打偏,上半场 48',0-0
如果博拉西这个球不和他抢，他可能会射的更加舒服,上半场 48',0-0
凯利右路界外球直接被曼城断下,上半场 48',0-0
曼城反击，长传给到博尼，博尼回撤接应,上半场 48',0-0
博尼无法转身啊，还是交给身边同伴,上半场 49',0-0
这个时候，主裁判吹响了上半场结束的哨音,中场,0-0
没有了席尔瓦和阿圭罗，曼城进攻大受阻碍啊,中场,0-0
面对水晶宫，曼城上半场没有占到什么便宜,中场,0-0
倒是德布劳内的首秀，打的不错，不仅带动了全队的进攻，自己也有不错的两脚打门,中场,0-0
水晶宫上半场寸土不让，与曼城针锋相对，战术执行的很好,中场,0-0
下半场的比赛更加有看头，水晶宫对榜首的位置不是没有想法哦,中场,0-0
球员们重新走入场内，不知道在休息室主帅都是如何安排的，让我们待会来看看,中场,0-0
.下半场比赛开始了,下半场 1',0-0
双方易边再战,下半场 1',0-0
萨尼亚边路向前，交给费尔南迪尼奥,下半场 1',0-0
中路亚亚图雷拿球，左路曼城的直传给大了,下半场 1',0-0
曼加拉后场盯人犯规,下半场 2',0-0
水晶宫右路的传中，扎哈后点没有抢过萨尼亚,下半场 2',0-0
水晶宫外围把球在控制下来，走左路,下半场 2',0-0
扎哈再一次掉入越位陷阱,下半场 3',0-0
图雷中场直塞给德布劳内,下半场 3',0-0
德布劳内和图雷做配合，图雷在想回给德布劳内，俩人配合不默契,下半场 3',0-0
卡巴耶积极的回防，把球破坏出边线,下半场 3',0-0
图雷给右侧的博尼，博尼背身拿球，在回敲给孔帕尼,下半场 4',0-0
德布劳内前场带球，内切，没有机会，回敲中路,下半场 4',0-0
传给纳斯里，给的有些大，纳斯里没法处理,下半场 4',0-0
曼城右路杀入禁区内，横敲给弧顶的图雷，图雷不贪功，在横敲一下,下半场 5',0-0
科拉罗夫插上一脚射门，直接送上看台了,下半场 5',0-0
水晶宫中路渗透,下半场 6',0-0
左路斜传博拉西，博拉西的低射，擦着门柱出了底线,下半场 6',0-0
水晶宫右路的角球，给进去，没有威胁,下半场 6',0-0
曼城的反击，交给左边的德布劳内,下半场 6',0-0
德布劳内漂亮的一脚直塞，中路纳瓦斯单刀了,下半场 7',0-0
纳瓦斯突破到门前，晃开出击的麦卡锡,下半场 7',0-0
形成空门了，纳瓦斯最后门前的小角度推射，踢在边网是,下半场 7',0-0
这是曼城本场最好的机会，太可惜了,下半场 8',0-0
亚亚图雷中路推进，被带倒了，裁判没有吹,下半场 8',0-0
苏亚雷左路的传球，出现失误,下半场 8',0-0
曼城下半场加强了进攻，遏制了水晶宫的势头,下半场 9',0-0
曼城左路把球摘出来，图雷向前交给德布劳内,下半场 9',0-0
德布劳内在交给边路，曼城连续的边中结合，水晶宫防守很严密,下半场 10',0-0
费尔南迪尼奥禁区外正面的一记爆射，打在防守队员身上,下半场 10',0-0
后面跟进的图雷再来一脚，麦卡锡倒地把球得到,下半场 10',0-0
纳斯里左侧突破，杀入禁区内，凯利和卡巴耶两人在防,下半场 11',0-0
纳斯里一个变向和卡巴耶有一个身体接触，倒地了,下半场 11',0-0
裁判的哨子没有响,下半场 11',0-0
德布劳内左侧杀到底线，制造一个角球,下半场 11',0-0
德布劳内亲自主罚,下半场 11',0-0
前点，孔帕尼包抄抢到点，甩头高出横梁,下半场 12',0-0
扎哈右路拿球，面对防守队员想来个假动作，但自己脚下绊蒜了,下半场 12',0-0
费尔南迪尼奥回防到位把球拦截，扎哈再抢，犯规,下半场 13',0-0
水晶宫努力的在中场争抢，想夺回中场的控制权,下半场 14',0-0
丹恩后场的长传，想找博拉西，没有成功,下半场 15',0-0
卡巴耶组织一下，左路的苏亚雷上来了,下半场 15',0-0
水晶宫左路的进攻，低球给进去，博拉西在孔帕尼的盯防下没有拿住，孔帕尼解围出来,下半场 15',0-0
凯利边路的传中，前点曼加拉倒地把球铲出底线,下半场 16',0-0
曼加拉这个球非常拼啊,下半场 16',0-0
水晶宫角球开到中间，汉格兰德中路没有抢到,下半场 17',0-0
曼城的反击，水晶宫也是很注意回防速度的,下半场 17',0-0
纳斯里右侧拿球，萨尼亚助攻上来，纳斯里直塞,下半场 17',0-0
萨尼亚下底了，给到门前，被挡出，角球,下半场 18',0-0
曼城战术角球，右路图雷的大力低平球传中，第一点还是被后卫挡下,下半场 18',0-0
曼城形成围攻之势，在制造一个角球,下半场 18',0-0
纳斯里传中，曼加拉抢到第一落点，见高不见远,下半场 18',0-0
图雷中场拿球，麦克阿瑟伸脚过高，一个飞毛腿，犯规了,下半场 20',0-0
费尔南迪尼奥直塞禁区弧顶的博尼，博尼背身做球还给费尔南迪尼奥,下半场 20',0-0
费尔南迪尼奥跟上就射，偏出右门柱,下半场 20',0-0
图雷右路接到长传，转身就突,下半场 21',0-0
苏亚雷紧跟不舍，抢在亚亚图雷内切之前，果断放铲挡出边线,下半场 22',0-0
曼城右路纳瓦斯交给纳斯里，纳斯里往中路走，一记远射，稍稍高出,下半场 22',0-0
水晶宫做出调整，萨科下场，换上了盖尔,下半场 23',0-0
博拉西后场把球断下,下半场 23',0-0
左路博拉西沿着边路往前带，一路过关斩将，纳斯里倒地没有铲到,下半场 24',0-0
博拉西最后的斜传给的不好,下半场 24',0-0
裁判鸣哨，补一张黄牌给纳斯里,下半场 25',0-0
水晶宫左路发难，苏亚雷斜传中间，彭切永中间包抄，摆脱了曼加拉的防守,下半场 26',0-0
彭切永的头球攻门威胁很大啊，哈特一个鱼跃，把球挡下,下半场 26',0-0
第二点孔帕尼赶紧把球大脚解围,下半场 26',0-0
双方中场的绞杀又有人受伤,下半场 26',0-0
纳斯里被麦克阿瑟撂倒在地，非常凶狠的铲抢,下半场 27',0-0
麦克阿瑟吃到黄牌，但纳斯里迟迟没有起来，被队医搀扶出去,下半场 27',0-0
镜头给到看台上的斯特林，他应该是小伤在身，佩工也是为了给欧冠留力，就没有派他上来,下半场 28',0-0
水晶宫右路的长传，很快就被曼城截下来,下半场 28',0-0
纳斯里左路的挑传，中间博尼再次充当嫁衣,下半场 29',0-0
博尼做给禁区前沿的图雷，图雷跟进爆射，打高了,下半场 29',0-0
刚才的黄牌播报有误，吃到黄牌的不是麦克阿瑟，是汉格兰德,下半场 30',0-0
边路科拉罗夫界外球给到图雷,下半场 30',0-0
水晶宫直接从身后上抢把球断下,下半场 30',0-0
水晶宫获得一个前场右路的定位球，距离比较远,下半场 31',0-0
传入禁区中间，丹恩努力一顶，没有争到,下半场 31',0-0
曼城在之前的几场比赛是2球打底的，而且一球不失。今天还没有进球，让球迷焦急啊,下半场 32',0-0
右路曼城的进攻，萨尼亚给中间的纳斯里,下半场 32',0-0
纳斯里往中间走，给到博尼，博尼在交回来，被断,下半场 32',0-0
水晶宫防守牵扯太多精力，导致现在进攻出现瘫痪了,下半场 33',0-0
水晶宫应该适当的也调整一下了,下半场 33',0-0
盖尔回撤接应传球，直接被曼加拉断下,下半场 33',0-0
纳瓦斯右路内切，面对防守，在回敲出来‘,下半场 33',0-0
科拉罗夫左路突破，扎哈跟防，手上动作不干净，被吹犯规,下半场 34',0-0
博拉西也被换下，水晶宫继续布阵，耶迪纳克上来,下半场 34',0-0
水晶宫这是要守啊，想守住1分,下半场 34',0-0
曼城左路的定位球开出，后点没有形成威胁,下半场 35',0-0
右路萨尼亚在传中，水晶宫断球反击了,下半场 35',0-0
彭切永快速反击，到了中圈附近被曼加拉一个狠铲,下半场 36',0-0
曼加拉犯规，吃到黄牌一张,下半场 36',0-0
彭切永也是抽筋无法坚持了,下半场 36',0-0
水晶宫立刻做出调整，李青龙将彭切永替下来,下半场 37',0-0
水晶宫已经用完了3个换人名额,下半场 37',0-0
算上补时大概还有10分钟左右,下半场 37',0-0
这个时候就看曼城有没有冠军相了，水晶宫的防守今天做的很好,下半场 38',0-0
耶迪纳克中路盘带之后分边给苏亚雷,下半场 38',0-0
苏亚雷传中，后点扎哈胸部一停，有手球嫌疑，但裁判没吹,下半场 39',0-0
扎哈跟进在调整一下，被孔帕尼断下,下半场 39',0-0
李青龙左路面对萨尼亚，把球交给身旁的卡巴耶,下半场 40',0-0
卡巴耶在往里传，没有空间,下半场 41',0-0
纳瓦斯右路交给萨尼亚，再找纳斯里,下半场 41',0-0
德布劳内和队友的配合还是比较生疏,下半场 42',0-0
耶迪纳克传球，直塞卡巴耶,下半场 42',0-0
卡巴耶没有拿好，在交出去,下半场 42',0-0
右路扎哈助攻传中，盖尔禁区中间包抄到位，铲射，擦着门柱出了底线,下半场 43',0-0
盖尔这个球用腿一挡，哈特已经失去重心，只要打在门里，肯定就是进球了,下半场 43',0-0
德布劳内左路直塞，科拉罗夫传中,下半场 44',0-0
落点不好啊，远端萨尼亚把球在救回来,下半场 44',0-0
曼城进球了,下半场 44',0-0
进球的是刚刚替补登场的伊赫纳乔,下半场 45',0-0
伊赫纳乔刚刚替换博尼上场第一分钟，就取得进球，神奇换人,下半场 45',0-1
纳斯里右侧突入禁区，闪开空当一脚爆射，麦卡锡门线前勉强一挡，球落到门前，伊赫纳乔跟进推射空门，轻松破网,下半场 47',0-1
伊赫纳乔一战成名,下半场 47',0-1
下半场补时5分钟,下半场 47',0-1
水晶宫抓紧最后的时间,下半场 48',0-1
曼城用换人来拖延一下，纳斯里被德米凯利斯替下,下半场 48',0-1
水晶宫的长传，给到禁区前沿，汉格兰德越位了,下半场 48',0-1
最后时刻汉格兰德是顶到锋线，当作中锋来用,下半场 49',0-1
曼城反击机会，德布劳内送出妙传,下半场 49',0-1
麦卡锡及时出击到禁区外把球大脚解围,下半场 49',0-1
曼城左路进攻还有，图雷杀入禁区，好机会,下半场 49',0-1
横敲门前，给伊赫纳乔,下半场 50',0-1
伊赫纳乔在两名后卫的包夹下没有抢到点,下半场 50',0-1
后点纳瓦斯跟进，再来一脚扫射,下半场 50',0-1
图雷后门柱下意识的想碰一下，但没有顶到。可惜了大半个空门,下半场 51',0-1
水晶宫最后时刻的大脚吊向曼城的腹地,下半场 51',0-1
没能形成攻门,下半场 51',0-1
时间已到，主裁判琼斯吹响了全场结束的哨音,完赛,0-1
榜首之战，曼城客场艰难擒下水晶宫，开局5战5胜，高居榜首,完赛,0-1
而英格兰国门，乔-哈特继续着零封对手的表现,完赛,0-1
19岁的伊赫纳乔今天最后时刻的绝杀力助曼城取胜，最后时刻替补登场，闪电破门，让大家记住了这名小将,完赛,0-1
纵观全场来看，曼城的胜利显得较为幸运，纳斯里利用个人能力，在一次不算机会的进攻中制造出了打空门的机会,完赛,0-1
水晶宫本场展示了自己的实力，最后时刻丢球没能守平确实略显遗憾。能拿下切尔西绝不是靠运气，积分榜第二也不是盖的。,完赛,0-1
好了，本场比赛就为大家直播到这里，非常感谢大家的陪伴，祝大家周末愉快，我们下次直播再见！,完赛,0-1
