各位网友，大家好！欢迎来到新浪体育收看精彩的直播节目！,未赛,0-0
本次直播为您带来的是中超联赛第22轮的一场焦点战，由江苏舜天主场迎战广州恒大！,未赛,0-0
恒大将客场对阵排名积分榜第7位的舜天。,未赛,0-0
第21轮舜天在客场3-2击败辽足，佩特雷斯库取得了上任来的首场胜利。,未赛,0-0
舜天29分的积分已很难在联赛中形成竞争，势必会将重心对准足协杯。,未赛,0-0
东亚杯上舜天国脚帮的存在感再次得到体现，但体能消耗的因素不可忽视。,未赛,0-0
本赛季舜天前10个主场战绩为5胜3平2负。,未赛,0-0
恒大国脚帮在东亚杯过后的体能状态也值得关注，尤其是在东亚杯上出战两场半的老将郑智。,未赛,0-0
。郜林的持续停赛也会对恒大形成持续影响。但恒大更引人关注的是外援：间歇期显然为罗比尼奥的融入形成了利好，高拉特也得到了宝贵的恢复调整期，埃尔克森显然也更为接近复出日。,未赛,0-0
本场比赛将于北京时间8月12日19：45开球，敬请大家到时留意收看！,未赛,0-0
大家好，欢迎来到直播间观看精彩的中超联赛！,未赛,0-0
欢迎广大网友提出对于本场比赛您所感兴趣的问题，我们将挑选一些有代表性的进行解答和探讨！,未赛,0-0
首发方面，舜天任航与孙可缺席、吴曦与刘建业替补，5大国脚中只有吉翔首发,未赛,0-0
恒大方面，5大伤员复出，张琳芃与荣昊进入首发，埃尔克森、廖力生与李学鹏坐上替补席，罗比尼奥和高拉特搭档攻击线,未赛,0-0
江苏舜天首发：门将：1-邓小飞，后卫：24-吉翔、31-康斯坦丁、2-李昂、5-周云，中场：16-萨米尔、17-许友志、11-埃斯库德罗、12-张晓彬、28-杨笑天，前锋：10-卡尔坦森,未赛,0-0
舜天替补：6-奥特森、7-张新林、8-刘建业、14-渠成、22-吴曦、30-张思鹏、50-戈伟,未赛,0-0
广州恒大首发：门将：19-曾诚，后卫：5-张琳芃、6-冯潇霆、28-金英权、25-邹正，中场：27-郑龙、11-高拉特、33-荣昊、10-郑智、48-保利尼奥，前锋：56-罗比尼奥,未赛,0-0
恒大替补：22-李帅、2-廖力生、9-埃尔克森、12-王上源、16-黄博文、17-刘健、35-李学鹏,未赛,0-0
本场主裁判是范崎,未赛,0-0
比赛马上开始,未赛,0-0
今天舜天身穿蓝色主场球衣,未赛,0-0
恒大身穿的是一身红色战袍,未赛,0-0
范崎哨响比赛开始了,上半场 1',0-0
主场作战的舜天从左侧向右侧进攻,上半场 1',0-0
作客的恒大从右侧向左进攻，舜天率先开球,上半场 1',0-0
邹正边路交给保利尼奥,上半场 2',0-0
暴力鸟组织一下，交给右边路，恒大沿着右路进攻到前场,上半场 2',0-0
邹正外围一记远射，高出，敲山震虎先来一下。,上半场 3',0-0
吉翔右路界外球直接给到禁区,上半场 4',0-0
恒大后点头球解围,上半场 4',0-0
边路郑龙利用速度展开反击,上半场 4',0-0
郑龙1V2，没有控制好，出了边线,上半场 4',0-0
卡尔坦森中场护球，转身回敲被阻截,上半场 5',0-0
郑智前场策划进攻，左路给到罗比尼奥,上半场 5',0-0
罗比尼奥突破未果，在把球交回到外线,上半场 5',0-0
恒大耐心的在前场组织进攻,上半场 5',0-0
郑智中路在给罗比尼奥，右侧敲给郑龙,上半场 6',0-0
恒大边路传中，许友志头球解围出边线,上半场 6',0-0
邹正左侧界外球给到荣昊,上半场 7',0-0
恒大边路传递邹正把球丢掉,上半场 7',0-0
恒大前场就地反抢，球到了暴力鸟脚下,上半场 7',0-0
暴力鸟斜传禁区内，郑龙包抄没有碰到,上半场 7',0-0
这个球传的很贼啊，落点够刁，还是很有威胁的,上半场 8',0-0
恒大左路又是一次颇具威胁的进攻，来自巴西帮的配合,上半场 8',0-0
罗比尼奥左路斜传，禁区中央高拉特头球后蹭，擦着远端门柱出界,上半场 9',0-0
邓小飞甚至没有做出扑救动作,上半场 9',0-0
舜天左路打穿恒大的防线,上半场 9',0-0
杨笑天下底，倒三角传中，还是金英权先把球解围,上半场 10',0-0
郑智右路分到郑龙脚下，郑龙盘带不错，内切之后打门，造成角球,上半场 10',0-0
右侧角球开出来，前点后蹭出了底线，来自高拉特的头槌,上半场 10',0-0
荣昊左路带球，往内线走，给到罗比尼奥,上半场 11',0-0
罗比尼奥强行转身，一脚重炮，高了,上半场 11',0-0
今天双方的状态还是都比较兴奋的，联赛歇了半个月，队员都憋了一股劲,上半场 12',0-0
罗比尼奥禁区前沿回做，保利尼奥远射被后卫挡下,上半场 13',0-0
恒大重新组织，金英权上来也是一记远射尝试，邓小飞稳稳把球扑住,上半场 13',0-0
舜天进攻到右路，吉翔回敲给周云,上半场 13',0-0
周云45度斜吊禁区，冯潇霆头球解围,上半场 14',0-0
恒大反击，李昂左路防守犯规，给了对手一个前场定位球,上半场 14',0-0
罗比尼奥主罚，给了一个前点，康斯坦丁把球解围,上半场 14',0-0
舜天边路断球，塞尔吉奥挑给杨笑天,上半场 15',0-0
舜天想打一个快速的进攻，但是忙中出错，传丢了,上半场 15',0-0
荣昊左路交给高拉特，高拉特拉球过人被断,上半场 15',0-0
东亚杯上舜天的球员出了不少力，今天也是受到影响，很多国脚都不在，或首发，或彻底休息,上半场 16',0-0
萨米尔拿球被金英权踢翻在地,上半场 16',0-0
恒大在中场附近就开始遏制对手的快攻，尤其对萨米尔看防很严格,上半场 17',0-0
舜天后场倒脚，但到了半场附近很快就丢掉,上半场 18',0-0
镜头给到了替补席上的吴曦和刘建业，两大国脚也是心有余而力不足,上半场 18',0-0
杨笑天后场回敲给李昂，李昂长传找到卡尔坦森,上半场 19',0-0
卡尔坦森卸球之后交给埃斯库德罗,上半场 19',0-0
埃斯库德罗转身射门被挡,上半场 19',0-0
舜天外围把球控制下来，还有机会,上半场 19',0-0
面对恒大的紧逼，舜天层层回敲，邓小飞一个大脚开到前场,上半场 20',0-0
张晓彬右路进攻带出底线,上半场 20',0-0
恒大中场组织，大范围的转移给邹正，被周云蹭出边线,上半场 20',0-0
舜天后场断球之后，大范围的转移出现失误,上半场 21',0-0
恒大右侧送直塞，下底传中,上半场 21',0-0
荣昊后点把球控制下来,上半场 21',0-0
荣昊自己在寻求突破，闪出空当的传中被挡出来,上半场 22',0-0
周云边路上来，交给张晓彬，再分吉翔,上半场 22',0-0
吉翔回敲到许友志，许友志在交到左侧,上半场 23',0-0
舜天边路的传中，被曾诚没收,上半场 23',0-0
郑智中场突然送出一记精妙的直塞，直接找到禁区内的高拉特,上半场 23',0-0
高拉特甩开了防守，舒服的拿球，周围没有人，来一脚凌空,上半场 24',0-0
高拉特这个球操之过急了，打飞了,上半场 24',0-0
20多分钟来看，中场中路的区域，萨米尔想拿球很困难，所以舜天承上启下没有好的过渡,上半场 25',0-0
舜天组织不起进攻就要被动挨打，恒大的防守也是很有一套,上半场 25',0-0
右路郑龙交给中间，保利尼奥在给左侧的邹正,上半场 25',0-0
恒大连续传递到荣昊脚下,上半场 26',0-0
荣昊左侧下底，传中被康斯坦丁顶出底线,上半场 26',0-0
罗比尼奥角球开前点，给的太低了,上半场 26',0-0
高拉特前点一挡，把球碰出底线,上半场 26',0-0
镜头给到替补席的埃神，埃神也是久违了，即将伤愈复出,上半场 27',0-0
保利尼奥左侧强劲的防守把舜天的进攻封堵出边线,上半场 27',0-0
保利尼奥这种球员非常好用，防守强硬，也有一定进攻，属于全才型,上半场 28',0-0
郑智组织进攻，右路的传球给的不错,上半场 28',0-0
张琳芃低球扫向禁区内，被舜天解围出来,上半场 29',0-0
舜天后场抢断，萨米尔带球，交给前面的卡尔坦森,上半场 29',0-0
卡尔坦森背身护球，无法转身,上半场 29',0-0
紧逼他的冯潇霆犯规了,上半场 30',0-0
众所周知，舜天就是靠防反起家的，所以恒大很忌惮舜天的反击，格外照顾这几个外援,上半场 31',0-0
曾诚门球开到中场,上半场 31',0-0
还是恒大把球控下来，左路金英权带球向前，分给保利尼奥,上半场 31',0-0
郑智回撤接应一下，在分边到张琳芃脚下,上半场 31',0-0
恒大斜传找左侧的荣昊，康斯坦丁抢得头球，回点给门将,上半场 32',0-0
舜天的防守目前为止做的还是不错的,上半场 32',0-0
斯科拉里在跟翻译比划着什么，估计是要变换战术,上半场 32',0-0
罗比尼奥禁区左侧拿球，转身横推到弧顶附近,上半场 33',0-0
郑智跟进一记爆射，打偏了一点,上半场 33',0-0
罗比尼奥这脚传球视野相当开阔，人群中迅速找到最合适的点,上半场 33',0-0
萨米尔中路面对3人防守，还是把球传出来,上半场 34',0-0
舜天回传，恒大高位逼抢，迫使邓小飞解围出边线,上半场 34',0-0
萨米尔中场拿球，郑智在身后犯规了,上半场 35',0-0
舜天中场吊向恒大的禁区，禁区内冯潇霆力压卡尔坦森把球顶出,上半场 35',0-0
罗比尼奥左路交给郑龙，郑龙一踩，起脚传中，没有找准同伴,上半场 36',0-0
恒大进攻看似很热闹，但威胁并不大,上半场 36',0-0
舜天这边防守颇为紧密，扎紧篱笆等待反击的机会,上半场 36',0-0
张晓彬中路交给萨米尔，萨米尔巧妙的分边给吉翔,上半场 37',0-0
吉翔无人防守了，瞄着传,上半场 37',0-0
禁区中路还是后卫挡了一下，球弹起来，被出击的曾诚得到,上半场 37',0-0
郑智在刚才的防守中受伤倒地了,上半场 38',0-0
老将郑智一直是国家队和恒大不可或缺的核心球员,上半场 38',0-0
双方趁着郑智治疗的时间赶紧到场边补充点水分,上半场 38',0-0
郑智组织进攻，舜天全体回到自己半场防守,上半场 39',0-0
右路恒大一脚直传，李昂挡出边线,上半场 39',0-0
张琳芃把球交给保利尼奥，恒大把球打到左边,上半场 40',0-0
邹正传中被封堵,上半场 40',0-0
罗比尼奥中路分边给到右路,上半场 40',0-0
右侧起球传中，后点舜天解围不利，罗比尼奥打门，被邓小飞挡出底线,上半场 41',0-0
恒大左侧角球开出来,上半场 41',0-0
禁区内乱战，不知道被谁顶了一下，见高不见远，邓小飞出击没收第二点,上半场 41',0-0
李昂后场解围，冯潇霆前场得球,上半场 42',0-0
恒大沿着中路渗透,上半场 42',0-0
张琳芃外围一脚远射，打了一个低球,上半场 42',0-0
门前保利尼奥脚后跟一磕改变了线路，不过没有吃上力量，被邓小飞倒地保住,上半场 43',0-0
保利尼奥这个球打的很巧，只是力量不足,上半场 43',0-0
舜天的进攻也制造威胁，中路萨米尔一路突，恒大中间3，4个人，前仆后继把球挡下,上半场 43',0-0
恒大左路2过2的配合，来自邹正和荣昊，不过没有骗过防守球员,上半场 44',0-0
上半场接近尾声了，场面比较平淡，双方都没有太大的威胁,上半场 44',0-0
恒大又是一脚右路的传中，康斯坦丁鱼跃解围,上半场 45',0-0
感觉恒大禁区里缺个埃神这样的抢点好手啊,上半场 45',0-0
上半场补时1分钟,上半场 45',0-0
高拉特边路盘带，假动作之后没有控制好方向，球碰出边线,上半场 46',0-0
恒大继续沿着右侧进攻,上半场 46',0-0
荣昊界外球给到高拉特，高拉特横扫到禁区中央,上半场 47',0-0
许友志解围出底线,上半场 47',0-0
恒大的角球，应该是上半场最后一次进攻机会,上半场 47',0-0
角球开进去，落点不错，门将出击了,上半场 47',0-0
邓小飞和抢点的队员都没能碰到球,上半场 47',0-0
球飞到了禁区外,上半场 47',0-0
.这个时候范崎吹响了上半场结束的哨音,上半场 47',0-0
半场战罢，两队暂时0-0闷平,中场,0-0
从半场的比赛来看，恒大肯定是占据主动的，但阵势虽大，真正有威胁的进攻却不多,中场,0-0
舜天这边，上半场显然把更多的精力都放在了防守上，直接导致了进攻的乏力,中场,0-0
下半场斯科拉里估计会有所变化，若迟迟打不开局面埃神必定会披挂上阵,中场,0-0
舜天这边，防守上踢出了自信，估计下半场暂时不会有调整,中场,0-0
若能平局保持到最后对舜天来说也是不错的结果，毕竟多名国脚缺席，实力也是受到不小影响的,中场,0-0
双方球员从休息室里走出来，下半场即将开始,中场,0-0
果然，恒大有调整,中场,0-0
埃尔克森和黄博文双双替补登场,中场,0-0
埃尔克森替下的是荣昊，黄博文替下的是保利尼奥,中场,0-0
下半场开始了,下半场 1',0-0
恒大为了进攻，忍痛割爱只能替下保利尼奥，否则外援名额就超了,下半场 1',0-0
恒大一上来就发起进攻，黄博文分边到右侧,下半场 1',0-0
边路高拉特突破过人被对手捅出来,下半场 2',0-0
恒大前场就地逼抢，高拉特对塞尔吉奥犯规,下半场 2',0-0
舜天右侧的界外球交给周云，后场过渡一下,下半场 3',0-0
左路杨笑天分给埃斯库德罗,下半场 3',0-0
舜天前场的渗透还没能打到对方腹地就丢掉了,下半场 3',0-0
高拉特中路推进，塞尔吉奥拉人犯规,下半场 3',0-0
恒大边路进攻，敲给中间的罗比尼奥,下半场 4',0-0
罗比尼奥挑传禁区，周云紧随高拉特,下半场 4',0-0
在高拉特的紧逼之下，周云大脚解围出底线,下半场 5',0-0
恒大角球开出，第一点还是舜天把球解围,下半场 5',0-0
恒大外围在吊进去，冯潇霆越位了,下半场 5',0-0
舜天长传进攻，张琳芃盯防卡尔坦森，争顶犯规,下半场 5',0-0
埃斯库德罗和杨笑天站在球前,下半场 6',0-0
舜天在被动的情况下要尽量把握这种前场任意球的机会,下半场 6',0-0
埃斯库德罗一拨，杨笑天一踩，埃斯库德罗直接传中,下半场 7',0-0
禁区内曾诚鱼跃飞扑，双龙出海，把球打出禁区,下半场 7',0-0
高拉特右侧直传被对方挡出边线,下半场 7',0-0
张琳芃视野开阔，大范围转移到左侧,下半场 7',0-0
邹正拿球向前推进，给到接应的罗比尼奥,下半场 8',0-0
罗比尼奥左侧传中，给到前点,下半场 8',0-0
埃神插上，没能得到这个球,下半场 8',0-0
郑智后场拿球，横拨冯潇霆,下半场 8',0-0
恒大连续在后场倒脚，慢慢推进,下半场 9',0-0
前场还是交给罗比尼奥脚下，罗比尼奥挑传禁区，邓小飞出击没收,下半场 9',0-0
恒大的进攻更多还是给罗比尼奥处理,下半场 10',0-0
舜天左路进攻，埃斯库德罗传中，曾诚出击,下半场 10',0-0
裁判鸣哨，吹了卡尔坦森抢点侵犯曾诚犯规,下半场 10',0-0
舜天换人了，吉翔下场，吴曦替补登场,下半场 10',0-0
东亚杯归来的吉翔体能也是出现问题,下半场 11',0-0
高拉特突破到禁区前沿，舜天逼抢不紧，高拉特外围突施冷箭，偏出,下半场 11',0-0
罗比尼奥回撤接应，横向转移给张琳芃,下半场 12',0-0
恒大推进到40米区域，利用宽度来回的调动,下半场 12',0-0
恒大把球渗透到禁区内，还是被舜天破坏出来,下半场 12',0-0
恒大下半场虽然调兵遣将，但还是没有大的改观,下半场 13',0-0
吴曦外围尝试一记远射，放了高射炮,下半场 13',0-0
高拉特前场和埃神寻求配合,下半场 14',0-0
埃神右侧拿球被康斯坦丁撞翻,下半场 14',0-0
目前其他场次纷纷都有进球，就剩这场还没打破僵局了,下半场 15',0-0
恒大右侧任意球开出来，禁区内防守队员后蹭解围,下半场 15',0-0
恒大外围再送进去，埃神中路抢点一蹭，没有改变方向，被邓小飞没收,下半场 16',0-0
这算是一次机会，但埃神这个球蹭的小了一些,下半场 16',0-0
恒大出机会了，邓小飞立功,下半场 16',0-0
罗比尼奥左侧斜传后点，准确找到包抄的郑龙，郑龙小禁区角面对出击的邓小飞，小角度打门被邓小飞挡出,下半场 17',0-0
恒大左路连续的传递，邹正一记传中,下半场 17',0-0
邓小飞出击没有拿住，球被埃神控制下来,下半场 18',0-0
埃神在邓小飞的逼迫下无法转身，把球传给高拉特,下半场 18',0-0
高拉特后蹭一下，郑龙停球之后的大力射门，踢在边网上,下半场 19',0-0
郑龙这个球应该直接打啊，停球之后直接把角度弄小了,下半场 19',0-0
恒大连续的组合拳打出了小高潮,下半场 19',0-0
舜天下半场只能疲于防守，进攻还没有上半场来的多,下半场 19',0-0
郑龙右侧直塞高拉特，高拉特盘过杨笑天,下半场 20',0-0
许友志过来补防，高拉特提前把球分到弧顶处,下半场 20',0-0
郑龙跟进，一记抽射，打偏了,下半场 20',0-0
埃斯库德罗左路拿球，无法转身，回敲给同伴,下半场 21',0-0
舜天长传找卡尔坦森，有些盲目了,下半场 21',0-0
恒大左路进攻， 邹正传中，后点康斯坦丁头球解围,下半场 22',0-0
舜天的反击，张琳芃战术犯规，从身后铲翻埃斯库德罗,下半场 22',0-0
张琳芃吃到一张黄牌，毫无疑问，张琳芃已经有些失位，这张黄牌在所难免,下半场 23',0-0
舜天长传砸向对方禁区，金英权停球失误，球权拱手送给对方,下半场 23',0-0
舜天前场的进攻有些找不到主心骨,下半场 24',0-0
恒大后场抢断，发动快速进攻,下半场 24',0-0
高拉特一路冲击到对手禁区内，右侧一记低射，擦着远端门柱飞出底线,下半场 24',0-0
埃斯库德罗左侧发动进攻， 利用个人能力杀到前场,下半场 25',0-0
传球被邹正破坏出边线,下半场 25',0-0
舜天右侧吴曦，传中线路不错，但包抄点实在太少,下半场 25',0-0
恒大长传反击，康斯坦丁把球顶出边线,下半场 26',0-0
恒大细腻的配合打到禁区边缘，还是交到罗比尼奥脚下,下半场 27',0-0
罗比尼奥外脚背杂耍般的一搓，传给禁区内插上的黄博文,下半场 27',0-0
可惜边裁举旗，黄博文越位了,下半场 27',0-0
这个球罗比尼奥传的非常巧，外脚背轻描淡写，大师级啊,下半场 28',0-0
罗比尼奥直塞，埃神禁区外护球,下半场 28',0-0
埃神不急于转身，康斯坦丁身后拉人犯规了,下半场 29',0-0
恒大获得一个位置非常好的定位球，24，5米左右的地方，偏左一些,下半场 29',0-0
埃尔克森，高拉特都站在球前,下半场 29',0-0
高拉特选择直接打门，击中人墙之后弹出底线,下半场 30',0-0
罗比尼奥的角球第一点被对手解围出来,下半场 30',0-0
邹正边路再把球敲给罗比尼奥,下半场 31',0-0
罗比尼奥再把球传起来，邓小飞出击，双拳打出禁区,下半场 31',0-0
恒大外围在传一脚，出了底线,下半场 31',0-0
恒大换人，李学鹏替下邹正,下半场 32',0-0
还是加强边路的进攻,下半场 32',0-0
舜天这边的防守还是滴水不漏啊，已经75分钟了,下半场 32',0-0
萨米尔左路强吃黄博文,下半场 32',0-0
萨米尔闪开角度传中被冯潇霆解围,下半场 33',0-0
恒大长传给埃神，舜天两名后卫配合失误，险些造成大祸,下半场 33',0-0
在埃神即将形成单刀之际，邓小飞出击，飞身一记弹腿，把球大脚开了出来,下半场 34',0-0
舜天左路直塞到埃斯库德罗，传中没有把握好，前点就被挡出来,下半场 34',0-0
舜天还是猛攻左路，这一次的长传越位了,下半场 35',0-0
舜天换人，萨米尔下场，刘建业上来,下半场 35',0-0
佩特莱斯库还是更注重防守，这次换人加强防守的意图也比较明显,下半场 35',0-0
恒大获得一个右侧的角球,下半场 36',0-0
郑龙角球直接往门里旋，邓小飞把球托出底线,下半场 36',0-0
郑龙再次开出角球，选择战术角球,下半场 36',0-0
罗比尼奥拉出来接应，一记传中高拉特争到落点，但顶偏,下半场 37',0-0
埃尔克森禁区内面对周云，走外线,下半场 38',0-0
埃神小角度一记爆杆，打在边网,下半场 38',0-0
时间在一分一秒的流逝，恒大的球迷有些焦急起来,下半场 39',0-0
卡尔坦森和李学鹏在边路的争夺发生了一点小摩擦,下半场 39',0-0
舜天右路交给张晓彬，边路没能把球交出来,下半场 40',0-0
张琳芃右路推进，横敲到冯潇霆，在给金英权,下半场 40',0-0
恒大连续的横向调动,下半场 40',0-0
在交回给右路这边，张琳芃的传中被埃斯库德罗挡出边线,下半场 40',0-0
郑龙右路的下底，传中落点不好,下半场 41',0-0
高拉特外围又是一记爆射，打偏了,下半场 41',0-0
场边的斯科拉里面色铁青，对球员的发挥并不满意,下半场 42',0-0
张琳芃右路插上助攻，传中不错,下半场 42',0-0
禁区中央被张晓彬解围,下半场 42',0-0
郑龙，险些建功啊，，好悬,下半场 43',0-0
郑龙禁区前沿拿球，连续摆脱变向，杀入禁区，连过对方4人，最后的打门被周云倒地挡出底线,下半场 43',0-0
这个球周云还险些挡入自家大门，最终是击中边网,下半场 43',0-0
恒大角球传进去，舜天解围之后，张琳芃跟进一脚远射,下半场 44',0-0
邓小飞扑球脱手，好在第二点把球得到，周围没有对方包抄前锋,下半场 44',0-0
舜天策动一次攻势，左路埃斯库德罗低球传中,下半场 44',0-0
卡尔坦森在金英权的贴身防守下没有碰到球,下半场 45',0-0
罗比尼奥送出传递，高拉特又是一记远射，打了一个地滚球，邓小飞倒地把球得到,下半场 46',0-0
埃神禁区内突破，到了底线附近，超小的角度射门，被邓小飞挡出,下半场 47',0-0
球落到禁区中央，罗比尼奥跟进，凌空补射，打高了,下半场 47',0-0
这个球也是一次很好的机会啊，恒大还是没有把握,下半场 47',0-0
下半场补时3分钟,下半场 47',0-0
舜天用戈伟替下了卡尔坦森,下半场 47',0-0
邓小飞大脚开出门球,下半场 48',0-0
恒大把球拿好，利用最后时间继续组织进攻,下半场 48',0-0
恒大进球了，绝杀,下半场 48',0-1
补时最后一分钟，高拉特绝杀,下半场 48',0-1
一整场比赛舜天都防的不错，但最后几秒钟犯了错误，92分53秒的进球,下半场 49',0-1
高拉特禁区内拿球，面对舜天两名后卫，突然内切，舜天的防守球员猝不及防被甩在身后，高拉特面对出击的邓小飞捅射，贴地箭滚入死角,下半场 50',0-1
舜天开球后时间已经所剩无几，范崎还是选择在给舜天一些时间,下半场 50',0-1
舜天也没能把握多补的这1分钟时间,下半场 50',0-1
随着范崎的一声长哨，全场比赛结束,下半场 50',0-1
.最终凭借高拉特补时最后1分钟的灵光一闪，恒大客场全身而退取下关键3分,完赛,0-1
另外一场比赛的结果传来，上港客场2-2战平建业，这样高拉特的绝杀球送恒大登上积分榜首位,完赛,0-1
整场比赛的走势来看舜天一直处于防守状态，虽然他们做的已经很到位，但就是一霎那的疏忽，让高拉特抓住机会，比较可惜,完赛,0-1
不过在众多国脚无法正常出战的情况下舜天踢成这样也实属不易,完赛,0-1
恒大在全场猛攻的情况下在最后一分钟迎来回报，这场艰苦的胜利也是来之不易,完赛,0-1
好了，本场比赛就为大家直播到这里，非常感谢大家的陪伴，我们下次直播再见！,完赛,0-1
