大家好！,未赛,0-0
2015赛季中超联赛第25轮，江苏舜天主场天津泰达的比赛将于9月13日打响,未赛,0-0
舜天上轮在客场负于富力，近4轮是赢一场后输一场的走势。事实上本赛季来舜天还没有取得过连胜。在重心已转向足协杯的情况下，舜天于联赛中的主要课题就是提升稳定性。本赛季舜天前11个主场战绩为5胜3平3负。,未赛,0-0
　孙可因伤将告缺席，这似乎减少了此战看点。但本场比赛对于泰达至关重要：泰达近12轮5平7负持续不胜，近3轮连续平局的表现并不解渴，目前积23分排名积分榜倒数第2位，正属保级战团主角。本赛季泰达前12个客场战绩为3胜2平7负。,未赛,0-0
中超交锋史上双方互为5胜3平5负。舜天主场对泰达3胜1平2负。上赛季舜天主场4-0取得了与泰达交锋史上的最大胜利，但本赛季首回合巴尔克斯的点球帮助泰达主场1-0战胜舜天。,未赛,0-0
双方首发出来，咱们看一下,未赛,0-0
江 苏舜天 　　门将：30-张思鹏 　　后卫：5-周云、6-奥特森、2-李昂、28-杨笑天 　　中场：16-萨米尔、22-吴曦、11-埃斯库德罗、8-刘建业、12-张晓彬 　　前锋：10-卡尔坦森 　　替补：1-邓小飞、7-张新林、9-陆博飞、24-吉翔、31-康斯坦丁、32-巴力、50-戈伟,未赛,0-0
天 津泰达 　　门将：29-杨启鹏 　　后卫：23-聂涛、4-卢卡斯、30-吕伟、19-白岳峰 　　中场：8-胡人天、3-普拉利甘吉、6-周海滨、7-李本舰、32-瓦格纳 　　前锋：9-巴尔克斯 　　替补：1-宗磊、13-王秋明、14-周燎、22-郭皓、25-苑维玮、31-塔纳塞、33-周通,未赛,0-0
球员来到球场,未赛,0-0
现在是奏国歌仪式,未赛,0-0
队长挑边，比赛马上开始,未赛,0-0
上半场比赛开始,上半场 1',0-0
舜天率先开球,上半场 1',0-0
杨笑天右路直塞受阻,上半场 1',0-0
舜天左路直传禁区被泰达解围,上半场 1',0-0
刘建业前场犯规,上半场 2',0-0
泰达右路长传找巴尔克斯，力量大了，球出了边线,上半场 3',0-0
李本舰左路传禁区前沿被断,上半场 3',0-0
舜天反击，杨笑天右路传中被解围,上半场 4',0-0
巴尔克斯前场直塞被舜天抢断,上半场 4',0-0
杨笑天右路拿球回传,上半场 5',0-0
张晓彬中场长传找卡尔坦森，被泰达头球顶出,上半场 5',0-0
泰达左路进攻被舜天大脚解围,上半场 6',0-0
巴尔克斯左路斜传禁区，力量稍大，周海滨没能拿到,上半场 7',0-0
张思鹏大脚开出球门球,上半场 8',0-0
卡尔坦森前场被侵犯,上半场 8',0-0
舜天前场逼抢，球打在舜天身上出了边线,上半场 8',0-0
杨笑天左路被踢倒了,上半场 9',0-0
任意球开到禁区，舜天头球攻门，球进了，但是裁判响哨了,上半场 10',0-0
杨启鹏出击并没有打远，吴曦禁区外打门，卡尔坦森空中接力头球，卡尔坦森在头球时越位了,上半场 11',0-0
巴尔克斯右路拿球给到瓦格纳,上半场 11',0-0
球来到泰达后场,上半场 11',0-0
胡人天前场抬脚过高犯规,上半场 12',0-0
定位球开出，吴曦分到左路被聂涛大脚解围,上半场 13',0-0
胡人天右路拿球直塞给瓦格纳被奥特森解围,上半场 13',0-0
巴尔克斯长传打身后被周云护出底线,上半场 13',0-0
萨米尔前场拿球分给左侧,上半场 14',0-0
球被解围出来，外围舜天继续控球,上半场 15',0-0
萨米尔前场对普拉立甘吉犯规,上半场 16',0-0
巴尔克斯右路拿球被防守球员踢出底线,上半场 17',0-0
角球开到禁区被张思鹏没收,上半场 17',0-0
巴尔克斯右路拿球回敲,上半场 18',0-0
李本舰左路拿球横敲，再直传前边的巴尔克斯，停球手球了,上半场 19',0-0
张晓彬右路拿球内切被断,上半场 19',0-0
泰达反击，中场长传禁区被顶出,上半场 19',0-0
聂涛左路助攻上来，最后还是丢了,上半场 20',0-0
外围泰达继续控制,上半场 20',0-0
外围传中，巴尔克斯摆渡直接被门将拿到,上半场 21',0-0
舜天中场传球失误，泰达球权,上半场 21',0-0
舜天反击，萨米尔分球右路，埃斯库德罗右路直接传中被顶出,上半场 22',0-0
泰达反击，巴尔克斯中场拿球被李昂踢倒,上半场 22',0-0
这个战术犯规并没有吃牌,上半场 23',0-0
巴尔克斯直塞，埃斯库德罗断下,上半场 23',0-0
萨米尔左路拿球转移到右路的张晓彬,上半场 24',0-0
埃斯库德罗右路直接传中，球到了左路,上半场 24',0-0
舜天右路再次传中被顶出,上半场 25',0-0
外围泰达反击,上半场 25',0-0
反击变成了阵地战,上半场 26',0-0
聂涛左路低平球传到禁区，第一点还是被舜天解围,上半场 26',0-0
胡人天后场解围球踢在埃斯库德罗身上出了边线,上半场 27',0-0
李昂前场的打门被封堵,上半场 28',0-0
在封堵李昂远射之后，普拉利甘吉倒地了,上半场 29',0-0
还好没什么大碍，比赛继续,上半场 29',0-0
巴尔克斯前场拿球长传右路,上半场 30',0-0
舜天的解围，中场还是泰达控制,上半场 30',0-0
刘建业后场犯规，泰达获得右路定位球,上半场 30',0-0
进球了,上半场 31',0-0
泰达任意球开到禁区后点，周海滨禁区内插上倒地铲射将球打进,上半场 32',0-1
泰达进球了，这下有意思了,上半场 32',0-1
萨米尔中场带球被侵犯,上半场 33',0-1
杨笑天突破被白岳峰踢出底线,上半场 33',0-1
任意球开到禁区被顶出,上半场 34',0-1
舜天右路再传中，后点头球攻门被门将没收,上半场 34',0-1
周海滨似乎受了点伤,上半场 35',0-1
埃斯库德罗将球踢给泰达门将，比赛继续,上半场 35',0-1
刘建业前场抢球犯规,上半场 35',0-1
巴尔克斯左路突破后内切，再直塞禁区内被解围,上半场 36',0-1
萨米尔右路拿球，三人防守传了出来,上半场 36',0-1
卡尔坦森禁区内接球倒地，裁判没吹,上半场 37',0-1
瓦格纳后场犯规吃到一张黄牌,上半场 37',0-1
泰达换人，郭皓上场替下受伤的周海滨,上半场 38',0-1
胡人天后场传球失误，球直接出了边线,上半场 39',0-1
聂涛后场将球铲出边线,上半场 39',0-1
舜天外围斜传禁区，白岳峰将球顶出底线,上半场 40',0-1
埃斯库德罗角球给到前点，被泰达顶出,上半场 40',0-1
杨笑天左路拿球回敲,上半场 41',0-1
舜天后场长传右路找张晓彬,上半场 42',0-1
张晓彬右路直塞底线附近，瓦格纳控制住,上半场 42',0-1
普拉立甘吉后场对吴曦犯规,上半场 43',0-1
杨笑天任意球给到禁区前，第一点被顶出,上半场 43',0-1
这个球开的太小了,上半场 44',0-1
胡人天禁区左侧倒钩传球，瓦格纳禁区内爆射，球打在了边网,上半场 45',0-1
瓦格纳在前场传出球后被侵犯倒地,上半场 45',0-1
裁判给了有利进攻，巴尔克斯外围打门被没收,上半场 45',0-1
上半场补时1分钟,上半场 45',0-1
舜天前场转移球直接出了另一侧的边线,上半场 46',0-1
瓦格纳后场过人被踢倒,上半场 46',0-1
双方起了争执,上半场 46',0-1
裁判给了萨米尔一张黄牌,上半场 46',0-1
上半场比赛结束,上半场 47',0-1
泰达凭借周海滨的进球，客场暂时1-0领先,中场,0-1
稍事休息，过会为大家带来下半场双方的较量,中场,0-1
球员回到球场,中场,0-1
下半场比赛开始,下半场 1',0-1
舜天换人，吉翔上场替下刘建业,下半场 1',0-1
舜天长传禁区，卡尔坦森接球犯规,下半场 1',0-1
巴尔克斯中场转移到左路,下半场 2',0-1
郭皓禁区前接球再给左路,下半场 3',0-1
左路直塞球被断,下半场 3',0-1
巴尔克斯前场拼抢犯规,下半场 4',0-1
舜天长传球打到右路,下半场 5',0-1
聂涛和舜天球员相撞倒地,下半场 6',0-1
这下撞的很结实啊,下半场 6',0-1
看来问题不大，能继续比赛,下半场 7',0-1
卡尔坦森中场带球分球给到左路被泰达抢断,下半场 7',0-1
舜天长传前场被普拉立甘吉飞身踢出,下半场 8',0-1
泰达左路回传球,下半场 8',0-1
瓦格纳前场被踢倒在地,下半场 9',0-1
巴尔克斯左路斜传禁区被顶出,下半场 9',0-1
杨笑天外围突施冷箭，被门将倒地没收,下半场 10',0-1
埃斯库德罗后场犯规吃到一张黄牌,下半场 11',0-1
担架上来了，郭皓还在地上,下半场 11',0-1
又起来了，问题也不大,下半场 12',0-1
瓦格纳任意球开到禁区，被舜天球员顶出底线,下半场 12',0-1
瓦格纳角球开到禁区，卢卡斯头球攻门高出,下半场 13',0-1
卡尔坦森禁区内接应打门，越位了,下半场 14',0-1
吴曦中场拼抢倒地，裁判未予理会,下半场 16',0-1
泰达边线球掷出,下半场 16',0-1
舜天后场控制皮球,下半场 16',0-1
萨米尔中场接球给到右侧,下半场 16',0-1
萨米尔中场直塞禁区，球被泰达抢先一脚踢出边线,下半场 17',0-1
吉翔大力手抛球掷到禁区，被泰达解围,下半场 17',0-1
舜天后场长传，右边路摆渡给卡尔坦森,下半场 18',0-1
卡尔坦森胸部停球后突破，球没有领好，自己最后碰出边线,下半场 18',0-1
扳平了,下半场 19',0-1
吴曦传球，萨米尔禁区右侧打门，皮球击中左侧立柱后又击中右侧立柱弹出，卡尔坦森跟进补射打进,下半场 20',1-1
巴尔克斯右路突破到禁区右侧打门被封堵,下半场 20',1-1
舜天反击到前场被断,下半场 21',1-1
双方的进攻速度起来了,下半场 21',1-1
巴尔克斯被侵犯在地,下半场 22',1-1
痛苦的捂着头部,下半场 22',1-1
瓦格纳任意球开到后点，张思鹏稳稳摘下,下半场 23',1-1
萨米尔禁区左侧强突后打门，球被杨启鹏扑了一下，门线上后卫将球踢出底线,下半场 24',1-1
角球开出，外围舜天控制住,下半场 25',1-1
郭皓传给巴尔克斯，巴尔克斯左路长传出了底线,下半场 25',1-1
张思鹏大脚直接开出了边线,下半场 26',1-1
巴尔克斯左路过人后传中，球击中右侧立柱外侧弹出,下半场 26',1-1
李昂已经压过了半场,下半场 27',1-1
照这么打下去，泰达很难进球啊,下半场 27',1-1
泰达中场抢断埃斯库德罗,下半场 28',1-1
瓦格纳脚后跟磕球，巴尔克斯停球大了，张思鹏抱住,下半场 28',1-1
杨笑天传球，队友倒地了,下半场 29',1-1
裁判没吹，泰达反击,下半场 29',1-1
巴尔克斯左路直接传中，完全没有队友啊,下半场 29',1-1
埃斯库德罗右路强行传中，被聂涛挡出底线,下半场 31',1-1
埃斯库德罗角球到中路，顶了一下后被泰达拿到,下半场 31',1-1
泰达后场想长传打身后，张思鹏控制住,下半场 31',1-1
舜天右路传中被卢卡斯头球顶出,下半场 32',1-1
泰达后场控球,下半场 33',1-1
舜天换人，杨笑天下，张新林上,下半场 34',1-1
泰达换人，李本舰下，周通上,下半场 35',1-1
瓦格纳前场做球，力量太大了,下半场 35',1-1
张思鹏在巴尔克斯干扰下将球开出边线,下半场 36',1-1
比赛来到了80分钟,下半场 36',1-1
泰达前场控球,下半场 37',1-1
瓦格纳前场接球被踢倒，泰达控球，裁判没吹,下半场 37',1-1
巴尔克斯禁区前沿打门高出,下半场 38',1-1
泰达用王秋明上场替下胡人天,下半场 38',1-1
瓦格纳直塞，聂涛前插没能领好，张思鹏出击没收,下半场 39',1-1
萨米尔前场摆脱后想给左路被拦截,下半场 40',1-1
周通给到禁区被顶出,下半场 41',1-1
再往禁区打，张思鹏拿到,下半场 41',1-1
泰达右路传中直接传出了底线,下半场 42',1-1
吴曦后场战术犯规吃到一张黄牌,下半场 43',1-1
舜天换人，陆博飞上场替下吴曦,下半场 44',1-1
泰达直塞，被奥特森踢出底线,下半场 44',1-1
角球开到后点，泰达右路传中被顶出边线,下半场 45',1-1
泰达长传转移直接出了底线,下半场 45',1-1
下半场补时3分钟,下半场 45',1-1
泰达前场挑传被顶出,下半场 46',1-1
普拉立甘吉前场抢球手球了,下半场 46',1-1
李昂长传，卡尔坦森抢球犯规,下半场 46',1-1
萨米尔和卢卡斯撞在一起，卢卡斯倒地,下半场 47',1-1
裁判给了泰达边线球,下半场 47',1-1
卢卡斯长传左路被顶出,下半场 48',1-1
补时没到，裁判就吹响了结束的哨声,下半场 48',1-1
泰达在一球领先的情况下，下半场被舜天扳平,下半场,1-1
在取得本场比赛的平局后，泰达跌进了降级区,完赛,1-1
不得不说，此轮在保级大军里赢了的是宏运队，不仅是球队本身赢球了，保级对手非平即负对他们来说也是个好消息,完赛,1-1
本场比赛的直播就到这里，谢谢收看，我们下次再见,完赛,1-1
