各位网友、球迷朋友，欢迎来到新浪体育收看精彩的比赛图文直播,未赛,0-0
本次直播给大家带来的是中超第28轮，江苏舜天主场迎战河南建业的比赛,未赛,0-0
足协杯半决赛，舜天客场2-1战胜鲁能，让本轮联赛本是增加各自难度的较量，压力全部到了鲁能一边,未赛,0-0
目前舜天在联赛无欲无求，近4轮1平3负的走势是最好的说明,未赛,0-0
本场与建业一战，舜天完全可以当做练兵，用来提升状态，为下周中足协杯半决赛次回合主场和鲁能一战做准备,未赛,0-0
目前积39分列积分榜第5位的建业也将以轻松心态投入此战,未赛,0-0
建业已体现了轻松心态下的战斗力：近4轮3胜1平，客场已是2连胜,未赛,0-0
中超交锋史上舜天对建业3胜6平2负稍有优势。舜天前3次主场对阵建业均战为平局，近2次主场对建业则是跌宕起伏,未赛,0-0
本赛季首回合建业凭借毕津浩的入球主场1-0战胜舜天,未赛,0-0
北京时间10月17日晚19点45分，江苏舜天主场迎来河南建业，两支无欲无求的队伍相遇，会以和为贵嘛，我们拭目以待！,未赛,0-0
大家晚上好，欢迎来到新浪体育赛事直播间,未赛,0-0
即将送上的是中超第28轮，江苏舜天和河南建业的比赛,未赛,0-0
在联赛还剩3轮的情况下，舜天目前以9胜6负12平的战绩，积33分位列积分榜第9位,未赛,0-0
河南建业则以10胜9平8负的战绩，积39分，位列积分榜第五位，落后第四的鲁能13分之多,未赛,0-0
本场对于双方来说，将是一场无欲无求，毫无压力的对决,未赛,0-0
轻松心态下，会否给大家带来一场精彩的比赛，值得期待,未赛,0-0
目前双方首发名单已经公布，我们先睹为快,未赛,0-0
江苏舜天首发：门将：30-张思鹏；后卫：24-吉翔、2-李昂、31-康斯坦丁、5-周云；后腰：17-许友志、8-刘建业；前卫：12-张晓彬、16-萨米尔、7-张新林；前锋：11-埃斯库德罗,未赛,0-0
替补：1-邓小飞、13-陶源、15-曹康、22-吴曦、23-任航、32-巴力、50-戈伟,未赛,0-0
河南建业首发：门将：29-韩锋；后卫：15-郑仁焕、33-毕津浩、4-戈麦斯、35-梁雨；后腰：16-杨阔、18-徐洋；前卫：8-尹鸿博、10-伊沃、32-路尧；前锋：9-哈维尔,未赛,0-0
替补名单：1-吴龑、2-龙成、7-肖智、14-买提江、19-张可、20-萨哈拉、30-钟晋宝,未赛,0-0
舜天为了准备下周中和鲁能的足协杯半决赛次回合，本场进行了大轮换,未赛,0-0
在足协杯半决赛首回合中，舜天客场2-1战胜鲁能占得先机，次回合回到主场必将全力以赴，争夺决赛资格,未赛,0-0
河南建业董事长胡葆森访问参观了德甲巨霸拜仁，获赠了拜仁的8号球衣，足已看出胡总对于足球的热情,未赛,0-0
双方球员在裁判的带领下进场啦,未赛,0-0
上半场比赛开始,上半场 1',0-0
红衣白裤的建业，从画面的右侧向左进攻,上半场 1',0-0
伊沃后场拿球，带到中圈，被舜天球员放倒在地,上半场 2',0-0
建业中场任意球快发，分球到左路,上半场 2',0-0
杨阔拿球，斜传中路找帕蒂尼奥，被舜天球员拦截,上半场 3',0-0
舜天左路的进攻，尹鸿博上抢将球破坏出边线,上半场 3',0-0
舜天左路起球到禁区，毕津浩回防，头球解围出底线,上半场 4',0-0
舜天获得右侧角球机会，张新林主罚,上半场 4',0-0
角球开出一个低平球到禁区点球点附近，塞尔吉奥射门时被建业球员干扰倒地,上半场 5',0-0
刘建业外围得球，再传禁区，被戈麦斯解围出底线,上半场 5',0-0
舜天再次获得角球，可惜没能形成威胁,上半场 5',0-0
埃雷尔森现场观战,上半场 5',0-0
尹鸿博后场抢断，拿球反击，被回防的张新林从身后绊倒在地,上半场 7',0-0
双方联赛已无欲无求，开场踢得很放松哦,上半场 7',0-0
萨米尔中场拿球，直塞给到塞尔吉奥,上半场 7',0-0
塞尔吉奥拿球反击，伊沃回防身后推倒了塞尔吉奥，犯规,上半场 8',0-0
舜天再次获得前场中路的任意球机会,上半场 8',0-0
萨米尔任意球斜传禁区，第一点被建业球员解围,上半场 8',0-0
杨阔左路拿球，横传找帕蒂尼奥，被舜天球员拦截,上半场 9',0-0
舜天后场的过顶斜传打身后，塞尔吉奥前插接应,上半场 9',0-0
边裁举旗，塞尔吉奥的越位在先,上半场 9',0-0
康斯坦丁后场抢断，强突到中场，在建业三人围抢下，被毕津浩放铲绊倒在地,上半场 10',0-0
舜天获得中线位置的任意球机会,上半场 10',0-0
康斯坦丁这个突破，展现出来的脚下实力很犀利啊,上半场 11',0-0
刘建业前场中路拿球，一扣摆脱防守，起脚远射，打偏,上半场 11',0-0
戈麦斯后场拿球，分边右路给到徐洋,上半场 12',0-0
徐洋分球再找伊沃，力量轻了点，被断,上半场 12',0-0
吉翔左路的强突，在对方夹击球，球被破坏出边线,上半场 13',0-0
刘建业前场拿球，强突，自己趟球趟大，被断啦,上半场 14',0-0
尹鸿博抢断，反击中被李昂和刘建业的夹抢，绊倒在地,上半场 14',0-0
刘建业这个动作有点大，被主裁判出示了黄牌警告！！,上半场 15',0-0
周云右路拿球，面对逼抢，转身回传后场,上半场 15',0-0
康斯坦丁后场的过顶长传找塞尔吉奥，毕津浩头球解围,上半场 16',0-0
萨米尔上来拿球，舜天前场再组织进攻,上半场 16',0-0
徐洋中场的转移球找伊沃,上半场 17',0-0
伊沃头球回摆，可惜没顶好，直接出了边线,上半场 17',0-0
舜天的好机会啊，可惜周云的射门，放了高射炮！！！,上半场 18',0-0
舜天左侧界外球大力掷到禁区，戈麦斯头球解围没能顶远，萨米尔头球摆渡给右侧的周云，无人防守的周云凌空垫射，可惜打飞啦,上半场 19',0-0
立柱！！,上半场 19',0-0
萨米尔的射门，再次击中立柱弹出底线,上半场 20',0-0
精彩回放：周云右路拿球，斜塞禁区找萨米尔，萨米尔停球一扣，晃倒了上来的郑仁焕，左脚劲射，越过韩锋击中立柱弹出底线,上半场 20',0-0
舜天短短2分钟内，连续获得了两次好机会，可惜都差之毫厘啊,上半场 21',0-0
伊沃前场中路拿球，萨米尔上抢，先推了伊沃一把,上半场 21',0-0
在伊沃丢球后，顺势又勾倒了伊沃，萨米尔的犯规,上半场 21',0-0
建业获得前场中路的任意球机会,上半场 21',0-0
任意球开出到禁区，第一点被舜天球员解围,上半场 22',0-0
舜天的反击，塞尔吉奥拿球转身，被回防的杨阔放倒在地,上半场 22',0-0
杨阔被主裁判出示了黄牌警告！！！,上半场 22',0-0
刘建业左路拿球，内切后的斜传到禁区后点,上半场 23',0-0
回防的郑仁焕头球解围到禁区弧顶，萨米尔跟进凌空弹射，打飞,上半场 23',0-0
毕津浩中圈争抢，将球捅出后，被倒在地上的塞尔吉奥勾倒在地,上半场 24',0-0
建业前场抢断，伊沃的直塞打身后找帕蒂尼奥,上半场 25',0-0
边裁举旗，吹罚了帕蒂尼奥的越位在先,上半场 25',0-0
上半场比赛25分钟，比分依旧是0-0,上半场 26',0-0
舜天获得了至少2次破门良机，建业则是机会不多,上半场 26',0-0
戈麦斯后场抢断，面对逼抢，转身解围找伊沃,上半场 27',0-0
伊沃拿球转身，面对张晓彬，将球一挑,上半场 27',0-0
转身被身后的刘建业撞翻在地，刘建业被吹阻挡犯规,上半场 27',0-0
戈麦斯右侧界外球，手榴弹式直接大力掷到禁区，第一点被舜天球员解围,上半场 28',0-0
伊沃中场拿球，分边左路给上来的毕津浩,上半场 29',0-0
毕津浩面对逼抢，回带两步，再回传给郑仁焕,上半场 29',0-0
帕蒂尼奥前场中路拿球，挑球过李昂,上半场 30',0-0
李昂没能上前争抢球，而直接阻截，撞翻了帕蒂尼奥,上半场 30',0-0
李昂被吹犯规，并被主裁判出示黄牌警告！！！,上半场 31',0-0
建业获得前场中路的任意球机会,上半场 31',0-0
位置相当不错，就在大禁区弧正上方,上半场 31',0-0
伊沃的任意球攻门，越过人墙，可惜打高啦,上半场 31',0-0
塞尔吉奥中场背身接应界外球，被拉倒在地,上半场 32',0-0
建业中场抢断，伊沃拿球反击,上半场 33',0-0
伊沃左路推进，45度斜传球到禁区后点，可惜大了，直接出了底线,上半场 33',0-0
李昂后场拿球，帕蒂尼奥上抢勾倒了李昂，犯规,上半场 34',0-0
不过李昂这个球也很危险，有点玩火啊,上半场 34',0-0
舜天前场进攻，挑传到禁区找萨米尔,上半场 35',0-0
萨米尔前插得球，小角度打门，击中立柱，打在韩锋头上出底线,上半场 35',0-0
舜天获得右侧角球机会，开出到禁区，被建业球员解围,上半场 35',0-0
舜天主场作战，这立柱有点成为建业第12人的意思，连中2次啦,上半场 36',0-0
塞尔吉奥前场左路拿球，尹鸿博上抢拉人犯规,上半场 37',0-0
舜天前场左路的任意球机会，张新林主罚,上半场 37',0-0
任意球斜传禁区到后点，再被建业球员解围,上半场 37',0-0
周云右路拿球，强突被上抢的徐洋破坏出边线,上半场 38',0-0
周云界外球掷到禁区找康斯坦丁,上半场 39',0-0
康斯坦丁在和戈麦斯争抢时双双倒地，球被毕津浩出脚解围,上半场 39',0-0
裁判鸣哨，吹罚了康斯坦丁的拉人犯规,上半场 39',0-0
康斯坦丁很不满啊，边往回走，边指着自己的眼睛向裁判抗议,上半场 40',0-0
上半场比赛已经来到了40分钟，比分依旧是0-0,上半场 40',0-0
康斯坦丁后场拿球，路尧的上抢被吹推人犯规,上半场 41',0-0
戈麦斯右路界外球大力掷到禁区,上半场 42',0-0
前点队友后蹭，后点的帕蒂尼奥倒勾，可惜没能踢上啊,上半场 42',0-0
伊沃前场拿球再组织，左路斜传球到后点,上半场 43',0-0
帕蒂尼奥头球摆渡，郑仁焕越位位置回接,上半场 43',0-0
张晓彬右路拿球，横切后外脚背转移球到左路找吉翔,上半场 44',0-0
吉翔的内切，被尹鸿博轻松拦截破坏,上半场 44',0-0
李昂中场拿球，面对逼抢，转身卡位，被梁雨拉倒在地,上半场 45',0-0
刘建业后场拿球，面对逼抢，回传，没传好，出了边线,上半场 45',0-0
上半场比赛补时1分钟欧冠,上半场 45',0-0
上半场比赛补时1分钟,上半场 46',0-0
戈麦斯界外球大力掷到禁区，周云解围出底线,上半场 46',0-0
建业获得左侧角球机会，伊沃主罚,上半场 46',0-0
角球开出到禁区，后排插上的梁雨头球，顶高,上半场 46',0-0
张思鹏门球开出，裁判鸣哨收兵,上半场 47',0-0
上半场比赛结束，双方均无建树，暂时踢成了0-0！！！,中场,0-0
舜天上半场获得了几次不错的机会，可惜均未能转化为进球,中场,0-0
周云面对大半个空门，踢飞；萨米尔连续两次射门击中门框,中场,0-0
建业这边，上半场仅仅一次射门，未在门框范围内,中场,0-0
两队在联赛均无欲无求，半场表现也算正常，没有那种必胜的信念,中场,0-0
我们稍事休息，再回来看看双方的下半场比赛,中场,0-0
下半场比赛开始,下半场 1',0-0
蓝衣蓝裤的舜天从画面的右侧向左进攻,下半场 1',0-0
下半场双方都做出了人员调整,下半场 1',0-0
建业：2号龙成上，换下16号杨阔,下半场 2',0-0
舜天：32号巴力和22号吴曦上，换下2号李昂和8号刘建业,下半场 2',0-0
不好意思，建业这边龙成换下的是32号路尧。。,下半场 3',0-0
杨阔前场右路拿球，横切后转移球找左路的徐洋,下半场 3',0-0
可惜传球力量轻了点，球被舜天球员拦截,下半场 3',0-0
建业前场右路进攻，许有志将球解围出边线,下半场 4',0-0
戈麦斯再次界外掷进手榴弹到禁区，舜天球员前点解围,下半场 5',0-0
球到了后点，徐洋停球一扣，起脚打门被破坏,下半场 5',0-0
伊沃中圈拿球拿球，萨米尔身后上抢推人犯规,下半场 5',0-0
尹鸿博后场拿球，过顶长传找前场的帕蒂尼奥,下半场 6',0-0
康斯坦丁头球解围，杨阔再拿，没能拿好，被张新林拦截,下半场 7',0-0
刘建业下场后，替换登场的吴曦戴上了舜天的队长袖标,下半场 7',0-0
杨阔前场右路拿球，横传给伊沃,下半场 8',0-0
伊沃面对逼抢，直接回传戈麦斯控制,下半场 8',0-0
建业前场再攻，伊沃挑传打身后,下半场 9',0-0
徐洋前插接应，许有志被拉倒在地，不过边裁举旗，徐洋越位在先,下半场 9',0-0
舜天换人，李昂才被换下，换上了任航,下半场 10',0-0
这是舜天的第二次换人，下半场开始时先打出巴力还李昂的牌子错误，并未完成换人,下半场 11',0-0
下半场建业相对踢得积极主动，控球率双方基本持平了,下半场 11',0-0
梁雨后场右路拿球，面对萨米尔和张新林的上抢，控制往回带,下半场 12',0-0
张新林身后出脚，将球捅出了边线,下半场 12',0-0
萨米尔前场中路前插打门，被杨阔挡回,下半场 13',0-0
舜天球员认为这球打在了杨阔的手臂上，应该吹罚手球,下半场 13',0-0
裁判并未理会，戈麦斯后场大脚将球解围,下半场 13',0-0
建业进球啦！！！,下半场 14',0-1
帕蒂尼奥的进球！！！,下半场 14',0-1
建业前场右路连续踢墙配合，杨阔强突后横传禁区，康斯坦丁解围没能踢到，身后的哈维尔-帕蒂尼奥凌空扫射打进！！！,下半场 15',0-1
下半场建业加强进攻，舜天主防，舜天城门还是失守啦,下半场 16',0-1
建业前场抢断，尹鸿博右路横切，起脚远射，打偏,下半场 16',0-1
吉翔左路拿球，过顶直传找前插的塞尔吉奥,下半场 17',0-1
边裁举旗，吹罚了塞尔吉奥的越位在先,下半场 17',0-1
任航中场防守帕蒂尼奥，身后明显的推人动作,下半场 18',0-1
这个动作让建业教练席很不满，主裁判上前口头警告一翻,下半场 18',0-1
建业获得前场中路的任意球机会,下半场 18',0-1
伊沃任意球斜传禁区，第一点被舜天球员解围,下半场 18',0-1
舜天的反击，过顶球找前插的伊沃,下半场 19',0-1
找前插的萨米尔。。。,下半场 19',0-1
萨米尔在回防的伊沃将球捅走后，放铲铲翻了伊沃，犯规,下半场 19',0-1
萨米尔被主裁判出示了黄牌警告！！！,下半场 19',0-1
舜天前场再攻，萨米尔禁区拿球,下半场 20',0-1
一扣晃倒上抢的戈麦斯，面对补防毕津浩，再扣回来，右脚低射，被韩锋倒地封堵,下半场 20',0-1
下半场比赛20分钟，比分1-0，客队建业领先,下半场 21',0-1
舜天前场右路进攻，再次赢得任意球机会,下半场 21',0-1
张新林任意球斜传禁区到后点，韩锋出击，将球拿到,下半场 21',0-1
舜天后场的直塞球找左路的吉翔,下半场 22',0-1
吉翔转身摆脱防守的毕津浩，前插拿球,下半场 22',0-1
吉翔强突两步，左脚横传球被回防的郑仁焕挡出底线，角球,下半场 23',0-1
舜天第三个换人：50号戈伟上，换下17号许有志,下半场 23',0-1
舜天获得左侧的角球机会，并未形成威胁,下半场 23',0-1
张新林中场拿球，杨阔上抢绊倒了张新林，犯规,下半场 25',0-1
杨阔被主裁判出示了黄牌警告，两黄变一红，被罚出场！！,下半场 26',0-1
舜天左路斜传球到禁区，混战中球被建业球员解围,下半场 26',0-1
吉翔跟进再抢，撞翻了龙成，进攻犯规,下半场 27',0-1
伊沃中场拿球，吴曦上抢拉人犯规,下半场 28',0-1
建业前场再攻，左路的横传球到禁区,下半场 28',0-1
帕蒂尼奥背身拿球，没机会转身，再回传给到徐洋,下半场 29',0-1
舜天进球，扳平啦！！！,下半场 30',1-1
张新林的进球！！！,下半场 30',1-1
萨米尔禁区弧顶背身拿球，转身分给左侧的张新林，张新林左脚劲射被韩锋封堵，自己再跟进补射，打进！！！,下半场 30',1-1
舜天前场再攻，任航分球给到萨米尔,下半场 32',1-1
萨米尔斜传禁区右侧找周云，周云起球到后点,下半场 32',1-1
插上的塞尔吉奥附身冲顶，没顶到,下半场 33',1-1
张新林跟进拿球，横趟起脚打门被挡出,下半场 33',1-1
戈麦斯拿球，准备反击，被张新林原地放翻在地,下半场 33',1-1
张新林被主裁判出示了黄牌警告！！！,下半场 33',1-1
张新林左路的直塞球给到前插的吉翔,下半场 34',1-1
吉翔下底传中球被回防的梁雨倒地拦截,下半场 34',1-1
全场比赛80分钟，比分来到了1-1,下半场 35',1-1
吴曦中场拿球，面对逼抢，回传给到吉翔,下半场 36',1-1
吉翔斜传球给到萨米尔，萨米尔再给张晓彬,下半场 36',1-1
张晓彬斜传禁区，被韩锋出击控制,下半场 36',1-1
舜天已经完成了三次换人，建业仅仅完成了一次,下半场 37',1-1
建业第二次换人：35号梁雨被换下，换上30号钟晋宝,下半场 37',1-1
钟晋宝右路拿球，过顶直传找帕蒂尼奥,下半场 38',1-1
帕蒂尼奥争抢中推人犯规,下半场 38',1-1
建业中场的传接球失误，周云抢断后，回传康斯坦丁,下半场 40',1-1
帕蒂尼奥前场背身接应韩锋的门球，吉翔被吹身后拉人犯规,下半场 41',1-1
吉翔左路挑球想过戈麦斯，被拦截,下半场 42',1-1
吉翔原地再抢，戈麦斯的解围，打在吉翔手臂上,下半场 42',1-1
全场比赛结束，舜天主场和建业踢成了1-1！！！,完赛,1-1
帕蒂尼奥凌空扫射为建业先把头凑，之后张新林两脚射门进球扳平！！！,完赛,1-1
最后几分钟双方也是你来我往，但均未能再改写比分,完赛,1-1
补时最后时刻替换伊沃出场的肖智，甚至没能碰到皮球，裁判就鸣哨收兵了,完赛,1-1
一场大战结束，中超还是2轮，夺冠和保级球队悬念依旧，让我们一起期待,完赛,1-1
好了，本场比赛的直播就到这里，谢谢大家的陪伴和观看，再见！,完赛,1-1
