各位网友、球迷朋友，欢迎来到新浪体育收看精彩的比赛图文直播,未赛,0-0
本次直播给大家带来的是中超最后一轮，上海申花主场迎战江苏舜天的比赛,未赛,0-0
从联赛的角度看，积39分排名第7位的申花，与积35分排名第8位的舜天这场收官战并没有直观压力,未赛,0-0
但这场比赛显然很重要，因为双方已会师足协杯决赛，均想通过足协杯夺冠获得下赛季亚冠资格,未赛,0-0
这场联赛收官战事实上就是足协杯决赛的预演，双方的斗智斗勇提前展开,未赛,0-0
上赛季足协杯半决赛双方就有碰面，如今再相逢的看点大幅提升,未赛,0-0
申花近8轮2胜1平5负，舜天近8轮1胜3平4负，尽管这其中有双方都将重心转向足协杯的因素，但也表明双方在足协杯决战前都需要积极激发状态,未赛,0-0
中超交锋史上申花对舜天4胜7平2负，申花主场对舜天4胜2平保持不败,未赛,0-0
北京时间10月31日下午15点，上海申花主场迎战江苏舜天，一场足协杯决赛的提前预演，结局如何，我们拭目以待！,未赛,0-0
上半场比赛13分钟了，比分依旧是0-0！！！,上半场 14',0-0
登巴巴前场拿球，踩单车强突，失误啦,上半场 14',0-0
舜天中场的直塞找埃斯库德罗，打身后,上半场 15',0-0
李建滨转身回防，卡住身位，耿晓峰出击将球化解,上半场 15',0-0
申花前场再攻，左路的斜传球到禁区,上半场 16',0-0
莫雷诺跟进头球摆渡，登巴巴插上铲射，打偏,上半场 16',0-0
申花前场右路再攻，曹赟定的斜传，直接被邓小飞没收,上半场 17',0-0
曹赟定左路拿球，再突，内切后脚后跟分球给柏佳俊,上半场 18',0-0
柏佳俊拿球下底，倒三角回传,上半场 18',0-0
张璐跟进，外脚背抽射，被回防的舜天球员解围,上半场 18',0-0
张璐向裁判示意，对方手球了，裁判未予理会,上半场 19',0-0
不过慢镜头回放显示，这个球却是手球啊,上半场 20',0-0
申花前场进攻，再次赢得任意球机会,上半场 20',0-0
王赟快发任意球，挑传打身后,上半场 21',0-0
登巴巴前插，伸脚垫射，球速太慢，被邓小飞没收,上半场 21',0-0
舜天左路的进攻，王赟回防，将球破坏出边线,上半场 22',0-0
李建滨后场拿球，萨米尔上抢拉人犯规,上半场 22',0-0
申花获得点球！！！,上半场 23',0-0
申花左路斜传球到禁区，王赟头球被解围,上半场 24',0-0
西索科禁区弧顶停球，凌空打门，被上来的舜天球员掀翻在地,上半场 24',0-0
裁判给了申花点球，不过这个球值得商榷,上半场 24',0-0
登巴巴主罚，骗过门将，推射球门坐下角命中！！！,上半场 25',1-0
左下角！！！,上半场 25',1-0
这球吹得值得商榷，犯规应该在禁区外,上半场 25',1-0
不过之前张璐的抽射，舜天球员禁区内手球倒是很明显,上半场 26',1-0
舜天的机会啊，埃斯库德罗的单刀推射远角，被耿晓峰封堵,上半场 26',1-0
舜天前场再给，卡尔坦森的远射，打偏,上半场 28',1-0
本场比赛对于双方来说，都是无欲无求,上半场 28',1-0
不过双方踢的并不保守，大开大合的节奏,上半场 28',1-0
卡尔坦森和陶金争抢头球，卡尔坦森被吹压人犯规,上半场 29',1-0
张璐前场中路拿球，挑传禁区找登巴巴,上半场 29',1-0
可惜这脚法，没掌握好啊，直接被邓小飞没收,上半场 30',1-0
舜天中路的直塞球到禁区找萨米尔,上半场 30',1-0
萨米尔和陶金争抢，萨米尔被吹身后推人犯规在先,上半场 30',1-0
这球不吹，萨米尔就是单刀哦,上半场 30',1-0
现场应该是舜天球迷，响起了中超赛场向裁判常有的声音！！！,上半场 31',1-0
刘建业中场争抢中被吹犯规,上半场 31',1-0
刘建业被主裁判出示了黄牌警告！！！,上半场 31',1-0
这也是本场比赛的第一张黄牌！！！,上半场 31',1-0
周云后场的过顶长传找卡尔坦森,上半场 32',1-0
可惜球没传好，直接出了边线,上半场 32',1-0
卡尔坦森左路背身拿球，陶金上抢将球解围出边线,上半场 33',1-0
西索科后场拿球，刘建业身后上抢，拉倒了西索科,上半场 34',1-0
吉翔后场的过顶长传，柏佳俊将球拦截，回传耿晓峰,上半场 35',1-0
耿晓峰大脚将球开到前场，卡希尔背身拿球,上半场 35',1-0
卡希尔转身强突，被吉翔将球解围出边线,上半场 35',1-0
萨米尔中场拿球，直塞打身后找卡尔坦森,上半场 36',1-0
卡尔坦森拿球内切，面对李建滨的回防,上半场 36',1-0
卡尔坦森机会不大，往外带，再分球被挡出边线,上半场 36',1-0
吉翔右路拿球，起球到禁区，埃斯库德罗越位在先,上半场 36',1-0
2-0！！！,上半场 37',2-0
登巴巴！！！,上半场 37',2-0
耿晓峰大脚开门球到前场，卡希尔头球一蹭到禁区，球弹地后登巴巴凌空抽射，打进！！！,上半场 38',2-0
申花这个配合屡试不爽啊，门将策划成功这次进攻,上半场 38',2-0
张璐右路拿球，强突下底，传中到后点,上半场 39',2-0
邓小飞后退中将球顺利拿到,上半场 39',2-0
舜天的前场进攻，赢得角球机会,上半场 40',2-0
舜天左侧角球开出到禁区，任航的头球，顶偏,上半场 40',2-0
上半场比赛40分钟，比分2-0，申花领先,上半场 41',2-0
曹赟定中场拿球，横传给到莫雷诺,上半场 41',2-0
莫雷诺边路横传球，力量轻了点，被断啦,上半场 42',2-0
舜天的反击，萨米尔直塞找埃斯库德罗,上半场 42',2-0
边裁举旗，吹罚了埃斯库德罗的越位在先,上半场 42',2-0
舜天换人：20号孙可下，换上13号陶源,上半场 43',2-0
莫雷诺中场拿球，萨米尔上抢，踢翻了莫雷诺，犯规,上半场 44',2-0
申花获得前场中路的任意球机会,上半场 44',2-0
王赟的任意球直接攻门，打飞,上半场 45',2-0
上半场比赛补时2分钟,上半场 46',2-0
西索科中场拿球，斜塞分给莫雷诺,上半场 46',2-0
莫雷诺面对逼抢，回传张璐,上半场 47',2-0
王赟前场中路拿球，斜塞左路给到曹赟定,上半场 47',2-0
曹赟定内切后的横传球找登巴巴，被后卫破坏,上半场 47',2-0
上半场比赛结束，申花主场2-0领先舜天！！！,中场,2-0
西索科的禁区弧顶内插上抽射被推到，裁判给了申花点球，登巴巴一蹴而就,中场,2-0
之后耿晓峰大脚开出门球，卡希尔头球后蹭，登巴巴插上凌空抽射打进，梅开二度！！1,中场,2-0
舜天开场踢得不错，可惜随着比赛的深入，申花慢慢掌握了比赛节奏,中场,2-0
双方无欲无求，下半场更值得关注,中场,2-0
稍事休息，再回来继续双方的下半场比赛,中场,2-0
双方球员回来，下半场比赛马上开始,中场,2-0
下半场比赛开始,下半场 1',2-0
舜天开球，从画面的左侧向右进攻,下半场 1',2-0
下半场一开始，申花做出人员调整：2号熊飞上，换下3号李建滨,下半场 1',2-0
舜天后场起球到前场找卡尔坦森,下半场 2',2-0
卡尔塔森被吹越位在先,下半场 2',2-0
舜天前场抢断，再攻，埃斯库德罗被掀翻在地,下半场 2',2-0
舜天前场左路的任意球机会,下半场 3',2-0
吴曦任意球直接攻门，被耿晓峰出击封堵,下半场 3',2-0
舜天前场再攻，赢得右侧角球机会,下半场 3',2-0
刘建业角球开出到禁区，直接被耿晓峰出击拿到,下半场 3',2-0
申花前场进攻，卡希尔的直塞到禁区,下半场 4',2-0
登巴巴在和奥特森争抢中摔倒在地，球被邓小飞拿到,下半场 5',2-0
舜天的反击，吴曦中场拿球，强突被张璐拉倒在地,下半场 5',2-0
张璐被主裁判出示了黄牌警告！！！,下半场 5',2-0
申花中场抢断，王赟拿球反击,下半场 5',2-0
王赟内切后横传找给莫雷诺,下半场 6',2-0
莫雷诺和王赟的踢墙配合，王赟下底横传后点,下半场 6',2-0
奥特森回防，抢在登巴巴之前倒地将球铲出底线,下半场 6',2-0
熊飞后场防守卡尔坦森被吹犯规,下半场 6',2-0
熊飞被主裁判出示了黄牌警告！！！,下半场 7',2-0
舜天获得前场中路的任意球机会,下半场 7',2-0
位置相当不错，就在大禁区弧外一点点,下半场 7',2-0
陶源任意球直接攻门，球擦着横梁上沿出底线,下半场 8',2-0
萨米尔中圈拿球，王赟上抢犯规,下半场 9',2-0
西索科中场拿球，横传给到曹赟定,下半场 9',2-0
曹赟定后场起球到前场找王赟，球直接出了边线,下半场 10',2-0
横梁！！！,下半场 10',2-0
舜天进球啦！！！,下半场 10',2-1
陶源头球补射打进！！！,下半场 11',2-1
埃斯库德罗左路拿球，下底后倒三角挑传禁区弧顶，吴曦跟进凌空抽射，击中横梁弹回，陶源跟进，门线上头球补射顶进！！！,下半场 12',2-1
吴曦这脚打门很精彩，能进绝对的世界波啊,下半场 12',2-1
舜天前场再攻，左路起球到禁区,下半场 13',2-1
卡尔坦森争抢头球，被吹冲撞门将犯规,下半场 13',2-1
柏佳俊右路拿球，斜传禁区找莫雷诺,下半场 14',2-1
莫雷诺停球转身，下底挑传，被任航挡出底线,下半场 14',2-1
申花获得右侧角球机会，王赟主罚,下半场 14',2-1
王赟角球开出到禁区中路，没人能碰到,下半场 14',2-1
西索科中场拿球，面对逼抢，回传交给莫雷诺,下半场 15',2-1
莫雷诺斜传找前场的卡希尔,下半场 16',2-1
卡希尔拿球横切，趟大，和上来防守的周云相撞倒地,下半场 16',2-1
卡希尔被吹犯规在先，舜天后场球,下半场 16',2-1
舜天后场球给到前场的埃斯库德罗,下半场 17',2-1
埃斯库德罗拿球内切，在横传找后点的队友,下半场 17',2-1
结果被中路上来的萨米尔截胡，还没停住，球被陶金出脚破坏,下半场 17',2-1
舜天前场再攻，赢得左侧角球机会,下半场 18',2-1
角球开出得到禁区，陶源侧身抽射，没踢中部位,下半场 18',2-1
登巴巴和吉翔发生了口角，场上发生混战,下半场 19',2-1
登巴巴被主裁判出示了黄牌警告！！！,下半场 19',2-1
登巴巴这球在争抢时先出手掀翻了身后的吴曦，犯规,下半场 20',2-1
申花前场抢断，起球到禁区，卡希尔头球，被邓小飞没收,下半场 20',2-1
申花再进一个！！,下半场 20',3-1
登巴巴帽子戏法！！！,下半场 21',3-1
埃斯库德罗回传失误，被莫雷诺抢断，莫雷诺拿球一趟，分给前插的登巴巴，登巴巴带球进禁区，右脚推射远角，打进！！！,下半场 22',3-1
卡希尔前场拿球，横传给到莫雷诺,下半场 22',3-1
莫雷诺再找登巴巴，被奥特森上抢破坏,下半场 22',3-1
萨米尔前场中路拿球，分边左路找卡尔坦森,下半场 23',3-1
传的太靠后，直接出了边线,下半场 24',3-1
王赟中场拿球，吴曦身后上抢，拉人犯规,下半场 24',3-1
申花中场的任意球直接斜传禁区，邓小飞出击从卡希尔头顶将球拿到,下半场 25',3-1
埃斯库德罗禁区线上停球，变向强突,下半场 25',3-1
陶金上抢，出脚将球破坏出边线,下半场 26',3-1
萨米尔前场中路拿球，强突后分球给卡尔坦森,下半场 26',3-1
卡尔坦森禁区右侧拿球，停球一扣，起脚打门，打偏,下半场 26',3-1
登巴巴前场右路拿球，面对奥特森的防守,下半场 27',3-1
登巴巴强突下底，可惜自己趟球趟大，出了底线,下半场 27',3-1
曹赟定左路拿球，斜传禁区，奥特森头球解围,下半场 28',3-1
萨米尔前场中路拿球，禁区弧顶斜塞右侧的卡尔坦森,下半场 29',3-1
卡尔坦森停球，面对耿晓峰，右脚劲射，被封堵出底线,下半场 30',3-1
舜天获得右侧角球机会，埃斯库德罗主罚,下半场 30',3-1
下半场比赛30分钟，比分3-1，申花领先,下半场 30',3-1
埃斯库德罗角球开出往禁区送，直接出了底线,下半场 30',3-1
申花中场抢断，过顶长传打身后,下半场 31',3-1
邓小飞出击到大禁区外，抢在登巴巴之前将球控制，解围,下半场 32',3-1
登巴巴向裁判示意，邓小飞出击禁区外的手球，裁判示意比赛继续，未理会,下半场 32',3-1
萨米尔前场中路拿球，横传给到埃斯库德罗,下半场 32',3-1
埃斯库德罗再分左侧找刘建业,下半场 33',3-1
刘建业得球下底，横传门前，被申花球员解围,下半场 33',3-1
舜天前场进攻，赢得禁区弧左侧的任意球机会,下半场 34',3-1
萨米尔任意球攻门，球越过人墙，打偏了一点点,下半场 34',3-1
这球耿晓峰毫无反应，打在门框范围内，必进无疑啊,下半场 35',3-1
舜天前场再攻，萨米尔禁区内的抽射，打偏,下半场 35',3-1
全场比赛80分钟，比分3-1，申花领先,下半场 36',3-1
奥特森中场抢断，拿球反击，卡希尔身后回防，推人犯规,下半场 36',3-1
西索科后场抢断，拿球反击,下半场 37',3-1
西索科在中圈内被奥特森的上抢放翻在地,下半场 37',3-1
登巴巴拿球，有利原则，申花继续进攻,下半场 37',3-1
登巴巴拿球强突，遭遇夹击，失误啦,下半场 37',3-1
主裁判吹停比赛，西索科接受治疗,下半场 37',3-1
舜天主教练被主裁判请上了看台！！！,下半场 39',3-1
舜天界外球，陶源的内切，埃斯库德罗打门，射偏,下半场 39',3-1
埃斯库德罗和耿晓峰发生了口角，王赟和柏佳俊上来帮忙指着埃斯库德罗对吼,下半场 40',3-1
场上出现混战，经过简单协调后比赛恢复,下半场 41',3-1
舜天右路角球，开出并未形成威胁,下半场 41',3-1
莫雷诺边路拿球，吉翔上抢犯规,下半场 41',3-1
场上再次发生混战，裁判将球拿着，做灭火队长啦,下半场 42',3-1
申花换人：10号莫雷诺下，换上5号王寿挺,下半场 42',3-1
裁判坠球，舜天球员将球踢还给到申花,下半场 43',3-1
吉翔后场争抢头球，被撞翻在地，卡希尔的犯规,下半场 44',3-1
吴曦中圈拿球，过顶长传，被西索科头球顶回,下半场 45',3-1
王赟拿球反击，中路推进后直塞想给登巴巴,下半场 45',3-1
可惜传球有点大，被邓小飞出击控制,下半场 45',3-1
柏佳俊后场拿球，面对萨米尔的逼抢，回传耿晓峰,下半场 46',3-1
下半场比赛补时4分钟,下半场 46',3-1
埃斯库德罗前场拿球，转身内切被破坏出边线,下半场 47',3-1
舜天换人：50号戈伟上，换下24号吉翔,下半场 47',3-1
舜天前场进攻赢得右侧角球机会,下半场 47',3-1
埃斯库德罗角球开出到后点，陶源拿球,下半场 47',3-1
陶源调整一下的撩射，打偏啦,下半场 48',3-1
西索科中场拿球，戈伟身后上抢，推人犯规,下半场 49',3-1
补时进入倒计时啦,下半场 49',3-1
登巴巴中场拿球，刘建业上抢拦截,下半场 49',3-1
全场比赛结束，申花3-1战胜舜天！！！,完赛,3-1
登巴巴上演帽子戏法，陶源补射为舜天扳回一个！！！,完赛,3-1
本轮比赛结束，宣告本赛季中超落幕啦，恒大客场赢球实现五连冠！！！,完赛,3-1
申花和舜天本赛季处于中游，但两队都进入了足协杯决赛，谁将代表中国参加亚冠，我们一起期待！,完赛,3-1
好了，本场比赛的直播就到这里，谢谢大家的陪伴和观看，再见！,完赛,3-1
