各位网友，大家好！欢迎来到新浪体育收看精彩的直播节目！,未赛,0-0
本次直播为您带来的是中超联赛第26轮，河南建业主场迎战长春亚泰的比赛！,未赛,0-0
建业近两轮同以1-0的比分连胜鲁能与永昌，目前积35分排名积分榜第6位。,未赛,0-0
争取更理想战绩与更佳排名是建业剩余赛程中的目标，本赛季建业主场战绩为6胜5平2负。,未赛,0-0
亚泰补赛负于国安后，积30分排名积分榜第9位。,未赛,0-0
这个积分排名看似与身后的保级战团拉开了距离，但要知道亚泰最后3轮要连战申花、上港与人和，各种情况下那3场比赛均有一定难度，因此亚泰要尽可能利用本轮与下轮对绿城的比赛抢分。,未赛,0-0
中超交锋史上建业对亚泰5胜6平4负，建业主场对亚泰5胜1平1负形成明显优势。,未赛,0-0
本赛季首回合亚泰主场2-0击败建业。,未赛,0-0
在同国安的补赛中亚泰有所保留，此战的抢分需求与动力也更足，拿分的可能性相对较大。,未赛,0-0
本场比赛将于9月20日19：45开球，敬请大家到时留意收看！,未赛,0-0
各位网友，大家晚上好！,未赛,0-0
河南建业首发阵容：门将：29-韩锋；后卫：16-杨阔、33-毕津浩、4-戈麦斯、15-郑仁焕、2-龙成；中场：11-雷永驰、8-尹鸿博、18-徐洋、10-伊沃；前锋：9-哈维尔,未赛,0-0
长春亚泰首发：门将：29-宋振瑜；后卫：16-蒋哲、15-孙捷、5-伊斯梅洛夫、23-张笑飞；后腰：24-阎峰、6-裴帅；前卫：10-胡斯蒂、25-阿克斯、8-杜震宇；前锋：9-莫雷罗,未赛,0-0
双方球员已经进入球场,未赛,0-0
河南建业身穿红衣蓝裤,未赛,0-0
上半场比赛开始了,上半场 1',0-0
上半场比赛由身穿一身白色球衣的客队亚泰中圈开球,上半场 1',0-0
杜震宇左路的突进交给阿克斯，阿克斯传球被建业的球员碰出底线,上半场 1',0-0
亚泰左路的角球机会,上半场 1',0-0
杜震宇发到禁区被伊沃解围,上半场 2',0-0
伊沃右路得球左脚传到门前，插上到位的哈维尔倒地，但马宁没有吹点球,上半场 2',0-0
亚泰左路的进攻，张笑飞直传，大了，郑仁焕将球护出底线,上半场 3',0-0
建业左路的配合，没有打成,上半场 3',0-0
莫雷罗中场接应交给阿克斯，球被戈麦斯解围,上半场 4',0-0
中场哈维尔拿球被绊倒,上半场 4',0-0
建业后场倒脚，郑仁焕长传球被伊斯梅洛夫断下,上半场 5',0-0
建业右路的进攻，哈维尔停球后被断，张笑飞大脚开到前场,上半场 6',0-0
尹鸿博转移到左路，蒋哲断球,上半场 6',0-0
杜震宇左路发动进攻，送直传，张笑飞拼命往前跑，但郑仁焕的位置还是卡得很紧,上半场 7',0-0
韩锋长传到前场右路，张笑飞头球顶出边线,上半场 7',0-0
杨阔掷界外球，亚泰断球了,上半场 7',0-0
胡斯蒂右路的突破，转移到左侧,上半场 8',0-0
杜震宇传中落点不错，戈麦斯长腿一伸将球踢出来,上半场 8',0-0
蒋哲右路的传中，戈麦斯再次一夫当关,上半场 9',0-0
戈麦斯长传上中场，哈维尔停球出了边线,上半场 9',0-0
胡斯蒂掷界外球,上半场 9',0-0
胡斯蒂的盘带，横传被伊沃断了,上半场 9',0-0
伊沃带球速度很快到前场直传，可惜哈维尔稍稍越位,上半场 9',0-0
更正一下，越位的是11号雷永驰,上半场 10',0-0
雷永驰刚才与吴亚柯有相撞,上半场 11',0-0
龙成左路回传给毕津浩，再转移到杨阔这一侧,上半场 11',0-0
杨阔看到杜震宇正在上来，胸部停球时顺势转身过人,上半场 12',0-0
第一下动作漂亮，但后继的动作变型了，球出边线,上半场 12',0-0
杜震宇左路的长传球直接出边线,上半场 12',0-0
裴帅交到左路，伊沃断球,上半场 13',0-0
尹鸿博带球一段回传，阿克斯抢断,上半场 13',0-0
胡斯蒂右路得球交给了阿克斯,上半场 13',0-0
再交给后上的阎峰转移到左路,上半场 13',0-0
胡斯蒂已经到位与杜震宇做二过一配合下底传中，裴帅头球攻门顶高了,上半场 14',0-0
毕津浩的转移球，传到了杨阔的身后出边线,上半场 15',0-0
张笑飞在带球，丢了,上半场 15',0-0
比赛是激烈有余精彩不足,上半场 15',0-0
蒋哲右路长传打对方身后，戈麦斯将球控制,上半场 15',0-0
龙成直传，尹鸿博分边,上半场 15',0-0
雷永驰下底传中被伊斯梅洛夫头球顶出禁区,上半场 16',0-0
伊沃将球转移向右路，杨阔在停球，杜震宇飞铲铲翻了杨阔,上半场 16',0-0
马宁已经把黄牌掏出来，警告了杜震宇,上半场 16',0-0
杨阔的球袜已经被蹬开了,上半场 16',0-0
伊沃传中高度不够，杜震宇顶出边线,上半场 17',0-0
戈麦斯过来准备扔手榴弹,上半场 17',0-0
发一个短的，伊沃接应,上半场 17',0-0
配合没有打起来,上半场 17',0-0
毕津浩长传上来，孙捷头球点一下,上半场 18',0-0
贾指导的发型好像有少许改变,上半场 18',0-0
亚泰右路的任意球,上半场 18',0-0
阎峰长传球不好,上半场 18',0-0
伊沃后场带球转身交给了龙成，转移球直接交给了对方,上半场 19',0-0
莫雷罗护好球交给张笑飞,上半场 19',0-0
张笑飞的传中球打在尹鸿博身上出底线,上半场 19',0-0
亚泰获得一个前场左路的任意球机会,上半场 19',0-0
杜震宇给到后点，莫雷罗头球摆渡回中路顶到了对方的,上半场 20',0-0
莫雷罗第二反应很快回传，阿克斯打门被后卫挡出来,上半场 21',0-0
伊沃传球，徐洋第一下没有停好球,上半场 21',0-0
阎峰中场凶狠地铲倒了伊沃,上半场 23',0-0
吃到黄牌,上半场 23',0-0
建业快发任意球，雷永驰横扫中路被孙捷解围,上半场 23',0-0
张笑飞左路传给裴帅，没有停好,上半场 23',0-0
后面还是亚泰的控球，杜震宇回传给伊斯梅洛夫,上半场 24',0-0
阎峰接应交给了阿克斯,上半场 24',0-0
伊斯梅洛夫长传上来，张笑飞停球后被龙成绊倒,上半场 24',0-0
阎峰转移向右路的蒋哲,上半场 25',0-0
胡斯蒂接应传后点的杜震宇,上半场 25',0-0
杜震宇想不停球直接端向门前，可惜踢嗤了，球出底线,上半场 25',0-0
雷永驰来到右路传中过不了孙捷,上半场 26',0-0
第二点被尹鸿博得球，尹鸿博强行往中路突，被伊斯梅洛夫绊倒,上半场 26',0-0
伊斯梅洛夫吃到黄牌,上半场 27',0-0
建业在对方弧顶处获得一个任意球的机会,上半场 27',0-0
建业5、6位球同站在球前,上半场 28',0-0
这是一种战术吗,上半场 28',0-0
亚泰今天的首发门将是吴亚轲,上半场 28',0-0
伊沃、哈维尔、戈麦斯、尹鸿博与雷永驰商量了很久,上半场 29',0-0
禁区内有事情发生，马宁掏出黄牌警告孙捷,上半场 29',0-0
应该是孙捷出言不逊,上半场 29',0-0
哈维尔的打门，球稍稍高出横梁,上半场 30',0-0
建业再次得到一个任意球,上半场 31',0-0
伊沃送到禁区被伊斯梅洛夫头球顶出禁区,上半场 31',0-0
建业再高吊对方禁区，郑仁焕胸部停球下来转身打门，不过先越位了，打门也没有什么力量,上半场 32',0-0
建业获得一个右路的界外球,上半场 32',0-0
戈麦斯过来准备掷界外球,上半场 32',0-0
长距离的膈我，掷得确实远，孙捷将球解围,上半场 33',0-0
阿克斯中场组织，分到右路的蒋哲,上半场 33',0-0
蒋哲传球被雷永驰拦截出边线,上半场 33',0-0
亚泰获得右边路的任意球,上半场 34',0-0
胡斯蒂送到禁区内，郑仁焕顶到第一点,上半场 34',0-0
莫雷罗背身接应分右路,上半场 34',0-0
胡斯蒂停球后往徐洋身上踢，要到一个界外球,上半场 35',0-0
伊沃断球了长传给到了左路的哈维尔,上半场 35',0-0
哈维尔麻烦了，加速过程中突然放慢了脚步，拉伤了大腿了,上半场 35',0-0
哈维尔捂着自己的左大腿后侧走出场边，并示意不能坚持了,上半场 36',0-0
亚泰将球权踢还给建业,上半场 36',0-0
阎峰断球给到了右路的蒋哲,上半场 37',0-0
胡斯蒂跟进强行变向突破倒地，裁判没有判犯规,上半场 37',0-0
胡斯蒂示意对方有拉人动作,上半场 37',0-0
河南建业换人，7号肖智替下了受伤的9号哈维尔,上半场 37',0-0
龙成护球被断了，裁判判亚泰抢球犯规,上半场 38',0-0
伊沃左路控球分给雷永驰,上半场 38',0-0
被断了,上半场 38',0-0
胡斯蒂送右路，莫雷罗拉边了下底传中打在了徐洋身上出底线,上半场 39',0-0
亚泰获得一个前场右路的角球机会,上半场 39',0-0
战术角球，被伊沃断下，反断成功但边裁举旗示意胡斯蒂犯规,上半场 39',0-0
上半场比赛进行了40分钟，场上比分依然是0：0,上半场 40',0-0
阎峰转移到左路，张笑飞直传,上半场 40',0-0
莫雷罗护球，杨阔背后将球捅出边线,上半场 40',0-0
张笑飞的传球直接出了边线,上半场 41',0-0
伊沃左路断球，推进间球被断了,上半场 42',0-0
张笑飞左路回传给阎峰,上半场 42',0-0
阿克斯接应直传被断了,上半场 42',0-0
裴帅外围得球送直传，戈麦斯一夫当关将球解围,上半场 42',0-0
杜震宇左路再斜传禁区，高度不够，戈麦斯踢出边线,上半场 42',0-0
胡斯蒂到左路帮助进攻,上半场 43',0-0
张笑飞挑球时球已经出边线,上半场 43',0-0
戈麦斯长传上前场，孙捷顶到第一点,上半场 45',0-0
伊斯梅洛夫转移向右路,上半场 45',0-0
上半场补时2分钟,上半场 45',0-0
伊斯梅洛夫传球差点被尹鸿博断下,上半场 45',0-0
杜震宇左路打一个脚后跟，没有打起来，应该多少受场地影响,上半场 46',0-0
张笑飞大力掷向前场，郑仁焕顶到第一点,上半场 46',0-0
上半场比赛结束,上半场 47',0-0
上半场双方互交白卷！,中场,0-0
戈麦斯解围,中场,0-0
上半场比赛双方打得激烈有余精彩不足,中场,0-0
亚泰则是受到黄牌过多的影响，目前已经4人身背黄牌，包括两名中后卫,中场,0-0
下半场，建业能否利用对方这个劣势获得领先呢,中场,0-0
稍事休息，为大家带来下半场的比赛直播,中场,0-0
贾秀全满意球队表现,中场,0-0
让我们随着转播信号回到现场,中场,0-0
双方球员还没有从更衣室走出来,中场,0-0
双方球员重新回到场内,中场,0-0
下半场比赛开始,下半场,0-0
下半场由建业中圈开球,下半场 1',0-0
杨阔的长传球被断,下半场 1',0-0
尹鸿博反抢直传，肖智没有接到球,下半场 1',0-0
亚泰后场开始组织,下半场 1',0-0
阿克斯分边球，杜震宇带球挑传，给出了边线,下半场 1',0-0
亚泰连续的传递很流畅，裴帅长传球太大了，韩锋将球没收,下半场 2',0-0
龙成交给尹鸿博回传给戈麦斯,下半场 2',0-0
戈麦斯长传上来，第一点被伊斯梅洛夫破坏,下半场 2',0-0
肖智前场断球传球又是不好,下半场 3',0-0
建业有机会,下半场 3',0-0
伊沃左路的长传，雷永驰高速杀入禁区半单刀打门偏出,下半场 3',0-0
亚泰在后场倒着脚,下半场 4',0-0
张笑飞长传找到了杜震宇,下半场 5',0-0
戈麦斯身体太壮了，比国内其他球员都粗壮一圈的杜震宇还是被他挤倒,下半场 5',0-0
伊沃的带球，外脚背分给徐洋,下半场 5',0-0
徐洋带球趟大了,下半场 5',0-0
伊沃反断分右路的杨阔,下半场 5',0-0
郑仁焕也接应一下,下半场 6',0-0
杨阔长传球过不了伊斯梅洛夫,下半场 6',0-0
阿克斯中场的挑球过人被放倒,下半场 6',0-0
孙捷后场拿球交给了蒋哲,下半场 6',0-0
蒋哲直传球偏了，徐洋解围,下半场 6',0-0
尹鸿博左路的高速推进，肖智接应分右路,下半场 6',0-0
雷永驰的传中给过了，孙捷头球解围,下半场 7',0-0
雷永驰右路又来了，脚后跟打得不好,下半场 7',0-0
毕津浩交给戈麦斯,下半场 7',0-0
伊沃接应长传找雷永驰,下半场 7',0-0
雷永驰的传中被伊沃拦截出底线,下半场 7',0-0
建业获得一个前场右路的角球机会,下半场 7',0-0
伊沃传前点，吴亚轲双龙出海击出禁区,下半场 8',0-0
还是伊沃再传中，吴亚轲将球没收,下半场 8',0-0
吴亚轲身材不高，但这两次对传中球的处理还是很成功,下半场 8',0-0
阿克斯的带球，龙成又犯规了,下半场 10',0-0
胡斯蒂吊禁区，郑仁焕顶到第一点,下半场 10',0-0
张笑飞再吊向禁区，韩锋将球摘下,下半场 10',0-0
韩锋的大脚球直接飞出边线,下半场 10',0-0
建业门前危机,下半场 10',0-0
杨阔右路的长传，雷永驰传中，无人跟进,下半场 12',0-0
孙捷长传上来，莫雷罗护球，戈麦斯前抢很成功,下半场 12',0-0
双方都是放铲去争球,下半场 13',0-0
杨阔先将球铲走，胡斯蒂迟来半步蹬到了对方,下半场 13',0-0
胡斯蒂被黄牌警告,下半场 13',0-0
胡斯蒂组织反击，转移球被毕津浩断下,下半场 14',0-0
胡斯蒂右路再来，交给了阎峰,下半场 15',0-0
主裁判吹了建业的犯规,下半场 15',0-0
亚泰前场右路的任意球,下半场 15',0-0
高吊禁区，杜震宇强行打门出底线,下半场 16',0-0
亚泰的球员围住了马宁，认为建业有球员在禁区内手球,下半场 16',0-0
很快散开了，剩下杜震宇与张笑飞两位老将与裁判交涉,下半场 16',0-0
最后还是很快重新投入到比赛中，亚泰左路的角球,下半场 17',0-0
杜震宇的角球到门前，孙捷抢点头球攻门偏出,下半场 17',0-0
这回发角球的是阿克斯,下半场 17',0-0
再看看刚才亚泰球员投诉的一个球,下半场 18',0-0
胡斯蒂任意球斜吊禁区，龙成头球没有顶到球，而自己的右手将球碰了出去，明显的手球啊,下半场 18',0-0
建业换人，20号萨哈拉换下了2号龙成,下半场 19',0-0
贾指导对中超的习惯还是再熟悉不过，避免被找平衡吹罚，将龙成换下是明显之举,下半场 20',0-0
明智之举,下半场 20',0-0
外援萌娃抢镜,下半场 20',0-0
亚泰左路的任意球机会,下半场 22',0-0
胡斯蒂传到禁区边缘，伊斯梅洛夫转身打门打高,下半场 22',0-0
伊沃护球，裴帅接应直传，莫雷罗禁区转身打门太正了被韩锋扑出,下半场 23',0-0
建业反击，三打三,下半场 23',0-0
伊沃在带球，被吹停了,下半场 24',0-0
萨哈拉前插时推倒了蒋哲犯规,下半场 24',0-0
裴帅带球分左路的杜震宇,下半场 24',0-0
传中太高了，戈麦斯 头球解围,下半场 24',0-0
伊斯梅洛夫长传上来，杨阔顶到第一点,下半场 25',0-0
伊沃拿球，郑仁焕接应一下交给杨阔,下半场 26',0-0
转移球被断下,下半场 26',0-0
刚才建业再度换人,下半场 28',0-0
32号路尧换下了11号雷永驰,下半场 30',0-0
路尧上来打一脚，偏了,下半场 30',0-0
吴亚轲门球开到半场,下半场 31',0-0
毕津浩头球顶到对方半场蒋哲解围失误给了对方一个角球,下半场 31',0-0
伊沃的传中，吴亚轲直接摘下,下半场 31',0-0
徐洋左路压上来传中，球速过慢，吴亚轲将球摘下,下半场 32',0-0
杜震宇回给张笑飞,下半场 33',0-0
阿克斯接应回传,下半场 33',0-0
张笑飞左路直传，建业的防守很到位,下半场 33',0-0
胡斯蒂掷 向禁区，戈麦斯头球解围,下半场 33',0-0
伊沃在组织，阿克斯上抢很积极,下半场 34',0-0
亚泰用32号李光换下了6号裴帅,下半场 34',0-0
胡斯蒂中场断球交给伊斯梅洛夫,下半场 35',0-0
转移给杨阔,下半场 35',0-0
亚泰也不急着进攻,下半场 35',0-0
建业后场倒着间徐洋居然将球直接踢出边线,下半场 36',0-0
建业反击，伊沃传球也是被阎峰拦截,下半场 36',0-0
阎峰交给伊斯梅洛夫,下半场 37',0-0
下半场比赛略显平淡,下半场 38',0-0
孙捷长传球，胡斯蒂回给了阎峰,下半场 38',0-0
吴亚轲大脚开到中场,下半场 38',0-0
亚泰的拼抢很积极,下半场 39',0-0
伊沃搓板球后传球又是丢,下半场 39',0-0
双方不断的交换球权,下半场 39',0-0
李光带球趟大了,下半场 39',0-0
徐洋左路带球上来，毕津浩过渡路尧回传给郑仁焕,下半场 40',0-0
戈麦斯分边郑仁焕带球被断了,下半场 40',0-0
杜震宇交给李逵,下半场 40',0-0
连续的一脚传球，李光直传，莫雷罗一顺，胡斯蒂反插上小角度打在边网上,下半场 41',0-0
边裁也举旗示意越位在先,下半场 41',0-0
亚泰最后时间再换人，31号马祖换下了25号阿克斯,下半场 41',0-0
毕津浩直传，伊沃接应转身被断了,下半场 41',0-0
胡斯蒂背身接应被毕津浩踢了一下,下半场 42',0-0
亚泰的前场任意球,下半场 42',0-0
胡斯蒂任意球吊向禁区，莫雷罗卸下球来打门打得太正了，韩锋将球扑住,下半场 42',0-0
边裁又是举旗，是越位还是停球时手球呢,下半场 42',0-0
胡斯蒂背身护球，上抢的戈麦斯犯规,下半场 43',0-0
胡斯蒂长传到禁区，莫雷罗头球摆渡，马祖没有第一时间打门，停球停偏了,下半场 43',0-0
建业的反击，尹鸿博右路的带球被杜震宇放倒,下半场 44',0-0
伊沃来控球，回传给戈麦斯,下半场 44',0-0
肖智外围远射打高了,下半场 45',0-0
下半场补时3分钟,下半场 45',0-0
亚泰换人，22号李尚换下了8号杜震宇,下半场 45',0-0
亚泰中场的任意球,下半场 46',0-0
高到禁区，马祖一蹭到门前，伊斯梅洛夫伸腿没有够着球,下半场 47',0-0
亚泰的任意球战术还是制造了不少威胁,下半场 47',0-0
徐洋左路的传球过不了孙捷,下半场 47',0-0
李光斜长传找马祖，毕津浩顶到第一点,下半场 47',0-0
亚泰在读秒时刻获得一个界外球机会,下半场 48',0-0
全场比赛结束,下半场 48',0-0
双方0：0握手言和,完赛,0-0
两支中游球队各拿一分应该都会满意,完赛,0-0
头球争顶,完赛,0-0
好了，本场比赛的直播就到这里结束。,完赛,0-0
感谢大家的收看，再见！,完赛,0-0
