北京时间9月22日19点45分新浪体育将为大家直播中超第24轮 河南建业VS山东鲁能 ，敬请关注！！,未赛,0-0
这是鲁豫本周第二次交手，在周中的足协杯比赛中，鲁能泰山队客场通过点球淘汰对手杀入四强！,未赛,0-0
从目前排名来看，鲁能泰山队位居三甲，本场他们虽然客战，但目标肯定是三分，他们要追近或超越前两名的上港和恒大。,未赛,0-0
河南建业队目前7胜8平8负积29分排在了第八位，目前降级无忧，但想再向前冲，难度也非常之大！,未赛,0-0
虽然河南建业队目前无保级之忧，但七轮不胜让球队有些尴尬。如果本场比赛再不能取胜，河南队的赛季前景不容乐观。,未赛,0-0
鲁能泰山队在客场负于北京国安队之后，上轮大胜重庆，而在足协杯比赛中又通过点球战胜建业杀入加强，保以说士气正旺！,未赛,0-0
双方首回合较量，鲁能泰山队主场2-1战胜建业，他们能否实现双杀对手呢？敬请各位关注,未赛,0-0
大家晚上好,未赛,0-0
河南建业首发：门将：29-韩锋;后卫：16-杨阔、33-毕津浩、4-戈麦斯、5-顾操、14-买提江;中场：2-龙成、10-伊沃、15-郑仁焕;前锋：7-肖智、9-帕蒂尼奥,未赛,0-0
替补：1-吴龑、13-外力、18-徐洋、19-张可、20-萨哈拉、32-路尧、35-梁雨,未赛,0-0
山东鲁能首发：门将：23-王大雷;后卫：14-王彤、4-尤西雷、16-汪强、6-郑铮;中场：21-阿洛伊西奥、5-乌索、9-塔尔德利、22-蒿俊闵、8-王永珀;前锋：19-杨旭,未赛,0-0
替补：7-张文钊、10-蒙蒂略、11-刘彬彬、12-金敬道、18-韩鹏、20-韩镕泽、27-李松益,未赛,0-0
上半场比赛开始,上半场 1',0-0
鲁能泰山队长传球到前场，对方争顶下来,上半场 1',0-0
鲁能泰山队右路进攻，对方把球破坏出边线,上半场 1',0-0
界外球发出来，河南建业队断球反击，对方犯规啦,上半场 1',0-0
杨旭在前场抢球犯规,上半场 2',0-0
任意球发到前场，鲁能泰山队断球反击，到中场被截断,上半场 2',0-0
河南建业队进球啦，两分半！1-0,上半场 3',1-0
河南建业队左路突破横传，外围远射被挡，但没能解围出来，河南建业队再传禁区，伊沃抢点打门球进！,上半场 4',1-0
郑铮左路突破，对方把球断下来,上半场 5',1-0
帕蒂尼奥带球突破，对方犯规，得到前位置不错的任意球机会,上半场 5',1-0
买提江任意球直接打门，打在人墙上弹出来,上半场 6',1-0
中场河南建业队断球，左路挑传进攻，乌索逼抢出界,上半场 6',1-0
河南建业队发出界外球，鲁能泰山队断球反击,上半场 7',1-0
郑铮左路接球，横传给塔尔德利,上半场 7',1-0
鲁能泰山队在前场丢球，反抢犯规,上半场 8',1-0
今天的比赛和杯赛有相似之处，都是河南建业队先进球！,上半场 8',1-0
河南建业队右路横传球，蒿俊闵护球出边线,上半场 8',1-0
中场河南建业队断球，右路直传进攻，阿洛伊西奥把球铲出边线,上半场 9',1-0
买提江的速度够快的，阿洛伊西奥也不敢大意,上半场 9',1-0
戈麦斯力量好大，扔球到禁区内，跟上队员头球顶门高出,上半场 10',1-0
王大雷大脚开门球，直接开出边线,上半场 10',1-0
河南建业队右路直传进攻，对方破坏出边线，还是有戈麦斯来扔手榴弹,上半场 10',1-0
戈麦斯扔球到禁区内，对方顶出来，球出边线,上半场 11',1-0
戈麦斯再在另一侧扔界外球,上半场 12',1-0
界外球再次扔到禁区内，鲁能泰山队把球再次破坏出边线,上半场 12',1-0
戈麦斯发出界外球，河南建业队把球传到禁区内，鲁能泰山队得球反击,上半场 13',1-0
中场左路塔尔德利接球，对方破坏出边线,上半场 13',1-0
鲁能泰山队后场横传失误，河南建业队断球远射被挡出来,上半场 13',1-0
王永珀右路人球分过，挑得大了些，直接出边线,上半场 13',1-0
买提江右路直传进攻，对方将球铲出边线,上半场 14',1-0
继续由戈麦斯来发界外球！,上半场 15',1-0
界外球发出来传到禁区内，买提江侧身打门偏出,上半场 16',1-0
塔尔德利右路接球，对方破坏出边线,上半场 16',1-0
界外球发出来，塔尔德利把球回传,上半场 17',1-0
后场河南建业队断球右路直传，球出边线,上半场 17',1-0
郑铮发出界外球，左路前传，塔尔德利被侵犯,上半场 17',1-0
尤西雷发出任意球，塔尔德利横传中路，再转移到右路进攻,上半场 18',1-0
尤西雷回传球力量大了些，还好队友把球追回来,上半场 18',1-0
阿洛伊西奥接到塔尔德利的传球，对方上抢犯规,上半场 19',1-0
鲁能泰山队得球长传，对方断球右路传球出边线,上半场 20',1-0
后场河南建业队断球左路反击，乌索把球破坏出边线,上半场 20',1-0
由于郑州下雨+冰雹，场地确实受到了影响,上半场 21',1-0
郑铮左路带球到中场，对方前堵后追，球出边线,上半场 21',1-0
塔尔德利中场得球分左路想给郑铮，直接传出边线,上半场 22',1-0
这失误确实不少,上半场 22',1-0
河南建业队右路突破，对方铲出边线,上半场 22',1-0
肖智被汪强铲倒在地，受伤倒在地上,上半场 23',1-0
主裁判给汪强出示了黄牌！咋给了尤西雷？,上半场 23',1-0
鲁能泰山队的球员不愿意啦,上半场 24',1-0
双改判啦，给了王彤,上半场 25',1-0
这裁判，也是醉了！,上半场 25',1-0
任意球发到禁区内，对方破坏出来,上半场 26',1-0
鲁能泰山队攻到前场，对方断球，右路长传失误,上半场 26',1-0
杨旭左路传球，鲁能泰山队左路横传，球到后点，塔尔德利打门偏出！,上半场 27',1-0
中场汪强争顶侵犯了肖智！,上半场 27',1-0
河南建业队队员认为汪强肘击动作！,上半场 27',1-0
汪强应该注意自己的动作，防守比较粗旷,上半场 28',1-0
肖智前场左路得球，蒿俊闵背后抢球犯规！有点情绪,上半场 28',1-0
任意球发出来，尤西雷把球破坏,上半场 29',1-0
河南建业队右路直传球，肖智接球，乌索上抢，主裁判哨响,上半场 29',1-0
杨旭在争抢时被侵犯,上半场 29',1-0
刚才双方都没有犯规，主裁判是吹停比赛，坠球！,上半场 30',1-0
王大雷大脚开球到前场，野牛前场左路接球，在对方两人包夹下球出边线,上半场 30',1-0
杨旭前传，阿洛伊西奥接球突破到禁区内啦，在人群中过人被顾操回传给了门将,上半场 31',1-0
乌索前场得球，横向带球，杨阔抢球犯规,上半场 32',1-0
乌索在向裁判示意，这应该是牌子！,上半场 32',1-0
鲁能泰山队得到前场位置不错的任意球机会,上半场 32',1-0
王永珀任意球打门被挡了一下！郑铮的机会球，想捅射，没能踢正,上半场 34',1-0
肖智中场控球，汪强抢球犯规！,上半场 34',1-0
双方发生了争执！,上半场 34',1-0
主裁判给汪强出示了牌子！！！红的！,上半场 35',1-0
从慢镜来看，汪强是正常争顶啊！有附加动作吗？,上半场 35',1-0
主裁判还给王大雷出示了黄牌！！！,上半场 35',1-0
队员有情绪！！是此前主裁判给尤西雷出黄牌给惹的！,上半场 36',1-0
再次放慢镜：汪强争顶应该没有问题啊！主裁判直接给红牌，这是为什么呢？,上半场 36',1-0
鲁能泰山队目前三黄加一红！,上半场 37',1-0
任意球发出来，河南建业队把球传禁区，对方破坏出来,上半场 37',1-0
河南建业队右路直传球，尤西雷卡住了位置，肖智铲球犯规,上半场 37',1-0
尤西雷受伤倒在地上！也是向裁判示压！当然也确实铲到了,上半场 38',1-0
王大雷大脚开球到前场，对方争顶下来,上半场 38',1-0
冲动是魔鬼！郄必须冷静下来,上半场 38',1-0
杨旭在禁区内前插，被放倒！郑仁焕的抬脚有些高，但主裁判并没有吹,上半场 39',1-0
韩锋大脚开球过中场，对方抢球出边线,上半场 39',1-0
鲁能泰山队长传球到禁区内，杨旭停球横传，乌索劲射被挡出底线！,上半场 40',1-0
鲁能泰山队得到角球机会,上半场 40',1-0
角球发到前点，对方把球开出边线,上半场 40',1-0
鲁能泰山队右路斜传禁区，对方断球反击,上半场 41',1-0
伊沃右路横带到禁区内，对方背后把球抢断下来,上半场 41',1-0
乌索右路接球横传禁区，韩锋没收,上半场 42',1-0
郑仁焕右路接球，挑传出界,上半场 42',1-0
阿洛伊西奥左路接球，对方上抢犯规,上半场 42',1-0
任意球发出来，塔尔德利从右路带到左路，横传球出界,上半场 43',1-0
杨旭前场得球，远射偏出,上半场 43',1-0
阿洛伊西奥中场左路接球，横传中路，前点队友故意漏球，漏给了河南建业队,上半场 44',1-0
上半场比赛要补时 3 分钟,上半场 44',1-0
河南建业队长传球，王大雷大脚开回中场,上半场 44',1-0
乌索左路带球进攻，买提江背后上抢犯规，吃到了黄牌,上半场 45',1-0
任意球发到禁区内，被对方顶出来,上半场 46',1-0
前场鲁能泰山队断球，塔尔德利外围远射没有打上力量,上半场 46',1-0
河南建业队大脚解围，球出边线,上半场 46',1-0
乌索右路带球进攻，对方铲抢，球出边线,上半场 47',1-0
裁判判给了河南建业队后场界外球,上半场 47',1-0
上半场比赛结束，河南建业队1-0领先鲁能泰山队！,上半场 48',1-0
鲁能泰山队的球员还在与裁判理论！,中场,1-0
从上半场比赛来看，确实河南建业队表现更好一些！,中场,1-0
表现最差的应该是裁判！牌子乱出，尤西雷无辜，因此给鲁能泰山队带来了不小的情绪！,中场,1-0
汪强的红牌应该说也给得不怎么对。当然我们观看的角度问题吧，他的争抢并没有问题,中场,1-0
不管怎么样，还是判了！鲁能泰山队应该注意控制，打好下半场,中场,1-0
河南建业队主场作战，发挥不错，抓住了一次机会破门得分，领先对手,中场,1-0
让我们休息一会儿再回来关注下半场比赛,中场,1-0
上半场五张牌子回放：汪强后场铲球犯规，主裁判莫明其妙的给尤西雷出示了黄牌，鲁能泰山队员与主裁判理论，又送给了王彤一张黄牌。汪强正常争顶可以吹犯规，主裁判直接给了红牌，鲁能泰山队员又不愿意啦与裁判理论，王大雷因此吃到了黄牌。买提江争抢犯规可以不出牌子，裁判为找平衡给他出了黄牌！,中场,1-0
河南建业队换人：梁雨上场换下了买提江,中场,1-0
下半场比赛开始,下半场 1',1-0
乌索中场接球，回传一脚,下半场 1',1-0
鲁能泰山队长传球到前场，阿洛伊西奥接到球，对方把球破坏出边线,下半场 1',1-0
蒿俊闵右路直传，再横传到中路,下半场 1',1-0
王永珀直传球，力量大啦，塔尔德利没能接到,下半场 2',1-0
尤西雷中场得球，转移到左路交给乌索,下半场 2',1-0
乌索回传球给塔尔德利，梁雨断球,下半场 3',1-0
梁雨右路带球进攻，脚下打滑，球出边线,下半场 3',1-0
塔尔德利接球，直接选择远射，打偏,下半场 3',1-0
王彤后场铲断，大脚长传，杨旭手球犯规,下半场 4',1-0
河南建业队传球到禁区内，对方解围不远，肖智打门，王大雷出击把角度封死,下半场 6',1-0
角球发到禁区内，对方破坏出来,下半场 7',1-0
后场河南建业队断球，对方抢球犯规,下半场 7',1-0
任意球发到前场，越位啦,下半场 7',1-0
王彤右路得球直传，对方将球破坏出边线,下半场 8',1-0
界外球发出来，王永珀突破横传，乌索再分边，顾操把球破坏,下半场 8',1-0
战术角球发出来，蒿俊闵右路横传禁区，梁雨头球顶出底线,下半场 9',1-0
王永珀发角球到禁区内，对方顶出来，鲁能泰山队外围的远射，被韩锋没收,下半场 9',1-0
河南建业队要打反击，鲁能战术犯规,下半场 9',1-0
任意球发出来，河南建业队长传前场，不越位，鲁能泰山队绕前把球抢断下来,下半场 10',1-0
阿洛伊西奥左路进攻，对方犯规啦,下半场 10',1-0
犯规的是戈麦斯,下半场 10',1-0
鲁能泰山队攻到前场，戈麦斯头球争顶解围,下半场 11',1-0
河南建业队一名队员受伤倒在地上，是尤成,下半场 12',1-0
受伤的是龙成，刚才他在抢球时被塔尔德利碰倒,下半场 12',1-0
龙成到场外接受治疗,下半场 12',1-0
杨旭在前场抢球犯规,下半场 13',1-0
中场乌索上抢，帕蒂尼奥肘击犯规，主裁判却吹了乌索的犯规！,下半场 14',1-0
尤西雷上前与裁判理论！吃到了黄牌！,下半场 14',1-0
上半场主裁判到底是改判了！给尤西雷的黄牌取消了还是给了汪强？这裁判，醉了,下半场 14',1-0
河南建业队换人：徐洋上场换下了肖智,下半场 15',1-0
肖智缓步走出场外,下半场 15',1-0
河南建业队右践下底横传，帕蒂尼奥一脚劲射，王大雷精力集中，把球没收！,下半场 16',1-0
到现场的观众有20123人！,下半场 16',1-0
鲁能泰山队攻到前场，对方三人围抢把球断下来,下半场 17',1-0
河南建业队反击，帕蒂尼奥左路横传，伊沃接球，被对方破坏,下半场 17',1-0
鲁能泰山队传球到禁区内，对方解围出来,下半场 18',1-0
鲁能泰山队换人：金敬道换下塔尔德利,下半场 18',1-0
韩鹏换下王永珀！,下半场 19',1-0
鲁能泰山队拼啦,下半场 19',1-0
鲁能泰山队左路斜传禁区，对方护球出底线,下半场 20',1-0
金敬道在前场得球直传，韩鹏外围远射被挡出底线,下半场 21',1-0
鲁能泰山队得到角球机会,下半场 21',1-0
蒿俊闵发角球到后点，阿洛伊西奥头球顶门，太正了些，韩锋没收,下半场 22',1-0
河南建业队快速反击，对方犯规,下半场 22',1-0
双方争顶时蒿俊闵闪开啦，对方重重摔在地上,下半场 23',1-0
受伤的是顾操,下半场 23',1-0
河南建业队换人：路尧上场换下受伤的顾操,下半场 25',1-0
裁判还没让路尧上去呢,下半场 25',1-0
顾操看来伤得不轻，在场边担架上！,下半场 25',1-0
鲁能泰山队换人：蒙蒂略上场换下杨旭,下半场 26',1-0
双方都用完了三个换人名额！,下半场 26',1-0
鲁能泰山队斜传球到禁区内，韩锋没收,下半场 27',1-0
阿洛伊西奥底线横传，蒙蒂略争顶，韩锋把球摘下来,下半场 27',1-0
后场鲁能泰山队得球，大脚长传过中场，送给对手,下半场 28',1-0
河南建业队左路长传禁区，梁雨头球顶门，王大雷轻松没收,下半场 28',1-0
蒿俊闵中路带球突破，被地方抢断,下半场 28',1-0
乌索后场得球左路反击，对方两人包夹把球抢断下来,下半场 29',1-0
郑铮左路接球直传，对方破坏出边线,下半场 29',1-0
河南建业队左路直传球，徐洋奋力追赶，把球停下来，自己滑倒在底线外，鲁能泰山队将球控下来,下半场 30',1-0
阿洛伊西奥左路带球突破，对方两人逼抢，把球碰出边线,下半场 31',1-0
鲁能泰山队左路横传禁区，对方解围,下半场 31',1-0
界外球发出来，鲁能泰山队左路二人配合没想到一块,下半场 31',1-0
河南建业队攻到前场，乌索绕前把球抢断下来回传王大雷,下半场 32',1-0
后场河南建业队长传球，伊沃越位,下半场 33',1-0
乌索分球到右路，金敬道直传球，蒙蒂略回传,下半场 34',1-0
金敬道右路过人，被挡，蒙蒂略横传禁区，对方解围,下半场 34',1-0
后场河南建业队断球反击，蒿俊闵在前场把球抢断下来,下半场 35',1-0
尤西雷中场接应，横传左路,下半场 35',1-0
尤西雷长传前场，金敬道右路横传禁区，对方破坏出来,下半场 35',1-0
河南建业队长传球到前场，帕蒂尼奥快速前插，对方前堵后追，把球回传王大雷,下半场 36',1-0
鲁能泰山队右路直传，戈麦斯将球破坏,下半场 37',1-0
界外球发出来，鲁能泰山队右路斜传禁区，双方争顶出底线,下半场 37',1-0
鲁能泰山队得到角球机会,下半场 37',1-0
角球发到禁区内，对方头球解围出来,下半场 38',1-0
鲁能泰山队传球到禁区内，尤西雷争顶犯规,下半场 38',1-0
蒿俊闵在前场争抢犯规，主裁判给了口头警告！黄牌不敢出啦,下半场 39',1-0
蒿俊闵的这个动作还是比较大，背后推人犯规,下半场 39',1-0
鲁能泰山队挑传禁区，对方破坏,下半场 41',1-0
界外球发出来，小金回传,下半场 41',1-0
帕蒂尼奥中场拿球，王彤争抢犯规,下半场 41',1-0
戈麦斯发任意球到前场，徐洋角旗附近控到球，对方两人上抢，徐洋把球碰出底线,下半场 42',1-0
河南建业队左路长传，伊沃争顶犯规,下半场 43',1-0
鲁能泰山队右路直传球，阿洛伊西奥与戈麦斯抢到一块，吹了野牛犯规,下半场 43',1-0
韩锋发球拖时间，吃到了黄牌,下半场 44',1-0
中场鲁能泰山队长传，阿洛伊西奥手球犯规,下半场 44',1-0
梁雨左路人球分过，球出底线,下半场 45',1-0
下半场要补时 4 分钟,下半场 45',1-0
郑铮左路挑传球，对方挡出边线,下半场 45',1-0
界外球发到禁区内，对方破坏出来,下半场 46',1-0
蒿俊闵在前场抢球放倒了伊沃，主裁判出示了黄牌,下半场 46',1-0
蒙蒂略中场抢到球，回传一脚，鲁能泰山队大脚长传禁区被对方解围,下半场 47',1-0
鲁能泰山队长传前场左路，阿洛伊西奥争顶推人犯规！黄牌,下半场 47',1-0
韩锋上前与裁判理论！经验丰富啊，能拖一点时间就拖一点,下半场 48',1-0
韩锋发任意球到前场。鲁能泰山队断球反击,下半场 49',1-0
阿洛伊西奥左路带球突破被断，河南建业队反击,下半场 49',1-0
全场比赛结束，最终河南建业队 主场1-0战胜鲁能泰山队！,下半场 49',1-0
鲁能泰山队周中淘汰对手晋级杯赛四强，但河南建业队在主场拿到三分复仇成功！,完赛,1-0
今天裁判成了主角，确实吹得有些让人看不懂,完赛,1-0
鲁能泰山队换人调整也有点让人看不懂，在落后的情况下应该双塔，但把杨旭换下,完赛,1-0
祝贺河南建业队取得胜利！拿到三分,完赛,1-0
本场比赛就给各位直播到这儿,完赛,1-0
我们下次直播再见,完赛,1-0
