北京时间10月31日下午15点，中超联赛最后一轮同时打响,未赛,0-0
事实上，在上周末河南建业反客为主击败已提前降级的上海申鑫、从而收获了赛季双杀对手+六轮不败后，河南建业已提前锁定了联赛第五的佳绩。,未赛,0-0
贾秀全这位本土主帅的执教能力，得到了进一步的验证。本周末迎战广州富力，无论取得什么样的赛果，都不会影响建业的赛季排名，但作为建业主场的收官大战，能以一场胜利致谢和致敬球迷，从而实现赛季双杀富力的目标，恐怕也是建业将士的追求。,未赛,0-0
对于广州富力来说，周末这场比赛，对于球队的意义也不大。上轮以2-0击败重庆力帆后，广州富力积分达到31分，领先排名积分榜倒数第二的贵州人和 3分。,未赛,0-0
由于在与人和的胜负关系中占优（1胜1平），富力提前一轮上岸。此番客场挑战有着魔鬼主场之称的航海体育场，富力将士无疑心态轻松。,未赛,0-0
两队中超历史交锋，河南建业3胜0平2负。上半程首回合，广州富力曾经在主场以1-2不敌河南建业。如今作客航海，富力将士要做的，就是尽量避免被对手双杀的厄运。,未赛,0-0
赛前双方公布了出场阵容,未赛,0-0
河南建业首发：门将：1-吴龑；后卫：2-龙成、5-顾操、4-戈麦斯、16-杨阔；中场：13-外力、8-尹鸿博、10-伊沃、23-杜长杰、30-钟晋宝；前锋：33-毕津浩,未赛,0-0
替补名单：29-韩锋、7-肖智、9-哈维尔、12-芦强、18-徐洋、20-萨哈拉、35-梁雨,未赛,0-0
广州富力首发：门将：1-程月磊后卫：3-于洋、4-金洋洋、5-张耀坤、11-姜至鹏中场：21-常飞亚、33-李岩、34-王嘉楠、16-冯卓毅、31-雷纳尔迪尼奥前锋：22-博基拉,未赛,0-0
替补：27-刘殿座、6-汪嵩、13-叶楚贵、18-张远、19-王晓龙、23-卢琳、42-曾超,未赛,0-0
大家不要走开，比赛马上开始,未赛,0-0
球员来到球场,未赛,0-0
国歌仪式完毕,未赛,0-0
挑边结束,未赛,0-0
上半场比赛开始,上半场 1',0-0
主场的建业率先开球,上半场 1',0-0
建业后场长传球打左路，球出了边线,上半场 1',0-0
博基拉中场头球前顶，后场被建业控制住,上半场 1',0-0
建业又是起长传球到左路，伊沃越位了,上半场 2',0-0
金洋洋后场回传门将,上半场 3',0-0
顾操中场倒地，裁判暂停了比赛,上半场 3',0-0
建业的边线球发出,上半场 4',0-0
伊沃快开定位球，后场再长传禁区被解围,上半场 4',0-0
戈麦斯手抛球掷到禁区，后点被富力解围,上半场 5',0-0
外力左路拿球给到中场,上半场 5',0-0
雷纳尔迪尼奥后场拿球回敲,上半场 6',0-0
建业前场断球,上半场 6',0-0
伊沃分给左路，再回传给伊沃,上半场 6',0-0
杨阔右路突破分球受阻,上半场 7',0-0
富力今天打的并不积极啊,上半场 7',0-0
杨阔中场拿球回传顾操,上半场 7',0-0
建业中场传球失误,上半场 7',0-0
姜至鹏界外球掷出，博基拉停球出了边线,上半场 8',0-0
戈麦斯后场右路护球被博基拉踢倒在地,上半场 8',0-0
伊沃中场拿球给到右侧的顾操,上半场 9',0-0
伊沃禁区外远射被挡出,上半场 10',0-0
这个球质量相当高啊,上半场 11',0-0
富力后场控球稳一下,上半场 11',0-0
突然左路直塞给雷纳尔迪尼奥，建业中场踢倒了对手,上半场 11',0-0
尹鸿博交给左路的外力,上半场 12',0-0
冯卓毅中场犯规吃到一张黄牌,上半场 12',0-0
伊沃任意球往禁区吊，被门将没收,上半场 13',0-0
哈维尔前场被踢倒在地,上半场 14',0-0
建业定位球机会,上半场 14',0-0
建业反击，伊沃禁区内脚后跟回做，哈维尔打门被门将没收,上半场 16',0-0
镜头回来后，富力有次好机会,上半场 16',0-0
可惜博基拉停球停大了,上半场 17',0-0
富力雷纳尔迪尼奥倒地了,上半场 19',0-0
建业后场控球,上半场 20',0-0
戈麦斯拿球给到左侧的尹鸿博,上半场 20',0-0
外力拿球反击给到左路，哈维尔传球被挡出边线,上半场 21',0-0
戈麦斯手抛球掷到禁区被顶出,上半场 23',0-0
富力反击,上半场 23',0-0
雷纳尔迪尼奥右路带球杀到禁区被拦截,上半场 23',0-0
建业角球到门前，第一点被博基拉大脚解围,上半场 25',0-0
建业后场继续控球,上半场 25',0-0
建业前场右路逼抢犯规,上半场 26',0-0
龙城撞倒了于洋,上半场 27',0-0
钟晋宝中场被踢翻在地,上半场 27',0-0
建业转移到左路外力,上半场 27',0-0
富力这个球到前场就丢啊,上半场 29',0-0
杨阔右路给尹鸿博,上半场 29',0-0
富力后场被踢倒,上半场 29',0-0
长传球找博基拉，博基拉回做,上半场 29',0-0
建业左路传球被挡出底线,上半场 30',0-0
富力右路突破后传后点，无人接应,上半场 31',0-0
禁区内只有博基拉一个点,上半场 31',0-0
富力防守中场犯规,上半场 31',0-0
伊沃想快开定位球被裁判叫住了,上半场 32',0-0
戈麦斯右路拿球横穿被踢出底线,上半场 32',0-0
伊沃角球到禁区，第一点又是博基拉解围,上半场 33',0-0
建业外围继续控球,上半场 33',0-0
富力后场一脚又是给了对方,上半场 34',0-0
尹鸿博大范围转移给左路,上半场 35',0-0
争冠战中，上港扳平了比分,上半场 35',0-0
雷纳尔迪尼奥前场被侵犯,上半场 35',0-0
任意球传到禁区被解围,上半场 36',0-0
外力自己带球到了中场，放慢了脚步，等待队友接应,上半场 36',0-0
戈麦斯痛苦倒地,上半场 38',0-0
和队友顾操撞在了一起,上半场 38',0-0
大家趁着戈麦斯倒地都到场边补下水,上半场 38',0-0
冯卓毅后场停球直接出了边线,上半场 39',0-0
雷纳尔迪尼奥前场反抢,上半场 40',0-0
分球给到左路的博基拉,上半场 41',0-0
又是进攻无果,上半场 41',0-0
建业前场拿球失误，富力断球反击,上半场 41',0-0
毕津浩犯规,上半场 41',0-0
雷纳尔迪尼奥任意球到禁区，常飞亚倒地打门高出,上半场 43',0-0
在国安和恒大的焦点战中，恒大取得了进球,上半场 43',0-0
尹鸿博给到伊沃,上半场 44',0-0
毕津浩前场回敲被断,上半场 44',0-0
上半场补时1分钟,上半场 46',0-0
雷纳尔迪尼奥中场传球，建业断球,上半场 47',0-0
伊沃控球,上半场 47',0-0
上半场比赛结束,上半场 47',0-0
上半场比赛上方都没有取得进球,中场,0-0
稍事休息，过会为大家带来下半场的比赛,中场,0-0
球员重新回来,中场,0-0
下半场比赛开始,下半场 1',0-0
双方还没有做出人员调整,下半场 1',0-0
姜至鹏突破倒地了,下半场 2',0-0
富力中场传球失误,下半场 2',0-0
伊沃拿球后直塞，哈维尔差了一点啊，球被门将出击没收,下半场 3',0-0
龙成后场被踢倒在地,下半场 3',0-0
富力中场配合失误，球权又是建业控制,下半场 4',0-0
雷纳尔迪尼奥左路拿球带出了底线,下半场 4',0-0
建业换人,下半场 5',0-0
钟晋宝下，萨哈拉上,下半场 6',0-0
金洋洋后场大脚到中场,下半场 7',0-0
常飞亚拿球回传，建业逼抢,下半场 7',0-0
外力被警告了,下半场 7',0-0
建业进球了,下半场 8',1-0
哈维尔直塞球，刚刚上场的萨哈拉禁区内打门将球打进,下半场 8',1-0
富力球员后场被踢翻在地,下半场 9',1-0
雷纳尔迪尼奥左路拿球被铲出边线,下半场 11',1-0
裁判给了建业边线球,下半场 11',1-0
戈麦斯防守犯规,下半场 12',1-0
裁判给了富力禁区前沿定位球,下半场 12',1-0
雷纳尔迪尼奥站在球前,下半场 14',1-0
雷纳尔迪尼奥任意球直接攻门，被人墙挡出,下半场 14',1-0
建业反击，右路直塞球，萨哈拉越位了,下半场 15',1-0
富力换人，汪嵩上场替下姜至鹏,下半场 15',1-0
富力又有球员倒地了,下半场 16',1-0
比赛没有停止,下半场 16',1-0
雷纳尔迪尼奥禁区外勉强打门被封堵,下半场 16',1-0
常飞亚抽筋了,下半场 17',1-0
雷纳尔迪尼奥角球到前点被解围,下半场 18',1-0
哈维尔右路拿球想斜传给萨哈拉，被破坏,下半场 18',1-0
富力换人，卢琳上场替下常飞亚,下半场 19',1-0
伊沃拿球直塞，前点没跑，这个球已经越位了,下半场 20',1-0
富力中场长传找右路的卢琳,下半场 21',1-0
卢琳往禁区垫，冯卓毅拿球突破受阻,下半场 21',1-0
现场球迷还是很热情啊,下半场 23',1-0
富力后场大脚,下半场 23',1-0
雷纳尔迪尼奥逼抢，顾操大脚解围出边线,下半场 24',1-0
富力用王晓龙替下李岩,下半场 24',1-0
富力直塞球，戈麦斯护给了门将,下半场 25',1-0
今天现场来了两万多名观众,下半场 26',1-0
场上出现了争议,下半场 26',1-0
王晓龙突破被绊倒，裁判给了禁区线上的定位球,下半场 27',1-0
卢琳汪嵩站在球前,下半场 27',1-0
汪嵩直接射门，皮球稍稍偏出,下半场 28',1-0
建业换人，徐洋上场替下外力,下半场 29',1-0
换人的牌写的是19号，徐洋自己都笑了，徐洋是18号,下半场 29',1-0
雷纳尔迪尼奥任意球到禁区，吴龑抱球脱手,下半场 31',1-0
裁判吹哨了，禁区内顾操倒地了,下半场 31',1-0
建业再次换人，梁雨上场替下龙成,下半场 33',1-0
伊沃禁区内打门稍稍偏出,下半场 35',1-0
建业又有球员受伤,下半场 35',1-0
毕津浩到场边看了一下,下半场 36',1-0
雷纳尔迪尼奥左路突破后到了禁区，戈麦斯抢先将球捅出底线,下半场 37',1-0
角球到禁区被解围出来,下半场 37',1-0
富力后场大范围转移球到右路,下半场 38',1-0
再长传前场,下半场 38',1-0
王晓龙拿球分给右路,下半场 38',1-0
右路球员起球传中被解围,下半场 39',1-0
毕津浩回到了后卫的位置上来,下半场 39',1-0
富力中场控球,下半场 40',1-0
长传禁区被门将出击击出,下半场 40',1-0
伊沃直塞球，尹鸿博晃开角度打门被封堵,下半场 41',1-0
恒大又取得了进球，冠军已经板上钉钉了,下半场 43',1-0
比赛接近了尾声,下半场 44',1-0
建业禁区右侧传后点，跟进的徐洋扫射偏出,下半场 44',1-0
比赛马上进入补时,下半场 45',1-0
补时1分钟,下半场 46',1-0
富力后场长传,下半场 47',1-0
雷纳尔迪尼奥禁区外拿球给到博基拉,下半场 48',1-0
博基拉往里塞，球出了底线，裁判给了门球,下半场 48',1-0
斯托伊科维奇还在场边布置,下半场 49',1-0
禁区内富力头球攻门高出,下半场 49',1-0
全场比赛结束,下半场 50',1-0
建业1-0小胜富力,完赛,1-0
与此同时，2015赛季的中超落下帷幕，贵州人和惨遭降级,完赛,1-0
恒大客场2-0完胜北京登顶冠军,完赛,1-0
本场比赛就到这里，感谢收看，我们下次再见,完赛,1-0
