各位网友，大家好！欢迎来到新浪体育收看精彩的直播节目！,未赛,0-0
本次直播为您带来的是欧冠G组第5轮，特拉维夫马拉比主场迎战切尔西的比赛！,未赛,0-0
切尔西在英超持续低迷，上周末主场1：0击败诺维奇才结束联赛三连败。,未赛,0-0
在欧冠，切尔西的形势还算不错，4轮过后积7分排名第二，领先第三名的基辅迪纳摩2分。,未赛,0-0
本轮，切尔西面对4战皆北的特拉维夫马拉比，除了获胜别无选择。,未赛,0-0
切尔西在本赛季欧冠客场仅仅进了1球，能否克服客场进攻不力的短板是切尔西能否获胜的关键。,未赛,0-0
本场比赛将于北京时间11月25日3：45开球，敬请大家到时留意收看！,未赛,0-0
各位网友，大家凌晨好！,未赛,0-0
先来看一下双方的首发阵容,未赛,0-0
特拉维夫马拉比首发：门将：95-拉耶科维奇；后卫：2-达萨、20-本哈鲁什、26-本哈伊姆、31-加西亚；中场：6-阿尔伯曼、40-伊吉耶博尔、42-佩雷兹；前锋：7-扎哈维、11-本哈伊姆、22、里坎,未赛,0-0
切尔西首发阵容：门将：1-贝戈维奇；后卫：6-巴巴、24-卡希尔、26-特里、28-阿斯皮利奎塔；后腰：21=马蒂奇、4-法布雷加斯；攻击型中场：8-奥斯卡、10-阿扎尔、22-威廉；前锋：19-迭戈-科斯塔,未赛,0-0
双方球员已经站到了球员通道口,未赛,0-0
特拉维夫马拉比将身穿黄色球衣，切尔西是一身蓝衣,未赛,0-0
上半场比赛开始了！,上半场 1',0-0
上半场由切尔西中圈开球,上半场 1',0-0
特拉维夫马拉比右路的进攻，传到禁区右侧,上半场 2',0-0
有机会,上半场 2',0-0
扎哈维分出来，再传中，佩雷兹抢点头球攻门顶高了,上半场 2',0-0
奥斯卡右路快速突到右肋部倒三角传中，传过了,上半场 3',0-0
法布雷加斯中场近球，分边，阿斯皮利奎塔停丢了,上半场 3',0-0
马卡比在后场倒脚，拉耶科维奇长传上来,上半场 4',0-0
切尔西将球控制下来，在后场倒一下脚,上半场 4',0-0
奥斯卡右路来了，一扣被本哈鲁什拦截出边线,上半场 4',0-0
阿斯皮利奎塔掷界外球，阿扎尔接应一下,上半场 4',0-0
威廉横传，倒地，没有吹罚,上半场 5',0-0
特拉维夫马拉比反击，扎哈维禁区内的盘带,上半场 5',0-0
三人包夹将球拦截,上半场 5',0-0
外围还是特拉维夫马拉比得球，分禁区右侧，伊吉耶博尔的打门，打偏了,上半场 6',0-0
马卡比右路的配合，阿扎尔反抢成功被推倒,上半场 6',0-0
奥斯卡右路挑传，科斯塔在争,上半场 6',0-0
球丢了，马卡比后场传球被阿扎尔断了,上半场 7',0-0
阿扎尔与科斯塔做配合，回传小了,上半场 7',0-0
阿斯皮利奎塔右路助攻上来,上半场 7',0-0
阿斯皮利奎塔直塞禁区，科斯塔脚后跟一踩，阿斯皮利奎塔跟进左脚推射打偏,上半场 7',0-0
马蒂奇得球，回传一下,上半场 8',0-0
阿斯皮利奎塔的直传被扎哈维拦截出边线,上半场 8',0-0
切尔西左路的进攻,上半场 10',0-0
转移到右路的阿斯皮利奎塔,上半场 10',0-0
巴巴左路传中，球划门而过,上半场 10',0-0
佩雷兹的斜长传，给得太大了,上半场 10',0-0
卡希尔直传，被拦截,上半场 12',0-0
里坎的盘带被绊倒,上半场 12',0-0
切尔西马上反抢,上半场 12',0-0
威廉交给奥斯卡再分给阿斯皮利奎塔,上半场 12',0-0
阿斯皮利奎塔的传中被拦截出边线,上半场 12',0-0
奥斯卡右肋部接应传中被本哈鲁什解围,上半场 13',0-0
威廉左路接应回传给法布雷加斯,上半场 13',0-0
球迂回到左路,上半场 13',0-0
威廉右路的传球被本哈伊姆铲出外围,上半场 14',0-0
法布雷加斯的长传右路，阿扎尔分给巴巴,上半场 14',0-0
巴巴再下底传中，本哈鲁什抢先胸围,上半场 15',0-0
伊吉耶博尔断球，马蒂奇就地反抢成功,上半场 15',0-0
威廉中路又没有突过去,上半场 15',0-0
阿扎尔左路传中被达萨挡出,上半场 16',0-0
科斯塔弧顶得球强行转身没有抹过去,上半场 16',0-0
远端有一名切尔西的球员受伤，是奥斯卡，重新站起来了,上半场 17',0-0
科斯塔背身接应被本哈伊姆推倒,上半场 18',0-0
看威廉的转身交给中路的法布雷加斯,上半场 18',0-0
法布雷加斯来一脚吊射，球从横梁上方飞出底线,上半场 18',0-0
切尔西获得一个前场右路的角球机会,上半场 19',0-0
卡希尔先开纪录！！！,上半场 20',0-1
威廉角球传中，卡希尔高高跃起头球攻门被门将扑了一下击中了立柱，卡希尔机敏地上前补射球进！,上半场 21',0-1
这个进球对卡希尔来了极为重要！,上半场 21',0-1
阿扎尔左路的传球，法布雷加斯停大了,上半场 22',0-1
本哈伊姆在前场停得有点大，特里回传给贝戈维奇,上半场 22',0-1
巴巴在前场控制一下节奏,上半场 23',0-1
阿扎尔的突破被佩雷兹断下,上半场 23',0-1
本哈伊姆右路的带球很快被拦截,上半场 23',0-1
伊吉耶博尔前场倚位置时被吹犯规,上半场 24',0-1
巴巴直传，阿扎尔护球回传给法布雷加斯,上半场 25',0-1
连续地倒脚，阿斯皮利奎塔直传，威廉没有拿到球,上半场 25',0-1
伊吉耶博尔中路的短传，佩雷兹得球突入禁区,上半场 26',0-1
巴巴回防与对方拼一下身体把对方挤到身体失去平衡,上半场 26',0-1
还好最后要到角球,上半场 26',0-1
角球开得不好,上半场 26',0-1
切尔西反击，奥斯卡带球有点延误,上半场 27',0-1
再横传被加西亚头球解围,上半场 27',0-1
阿扎尔右路的推进被佩雷兹铲倒,上半场 28',0-1
马蒂奇的带球直传，科斯塔分给威廉,上半场 29',0-1
再传，阿斯皮利奎塔边路传中，科斯塔倒钩打门高了,上半场 29',0-1
领先后切尔西还是控制着局面,上半场 30',0-1
阿扎尔左路来了，科斯塔接应交给奥斯卡,上半场 30',0-1
奥斯卡内切推射，打高了,上半场 30',0-1
本哈伊姆后场组织，交给佩雷兹,上半场 31',0-1
斜传被回防的威廉断下回传给贝戈维奇,上半场 31',0-1
贝戈维奇开大脚踢嗤了,上半场 31',0-1
特里后场断球,上半场 32',0-1
特拉维夫马拉比连续有射门机会,上半场 32',0-1
本哈鲁什压上来远射打高,上半场 32',0-1
威廉右路接应回扣被加西亚绊倒,上半场 33',0-1
切尔西右路的任意球机会,上半场 33',0-1
威廉的传中，比较深，门将双拳将球击出,上半场 34',0-1
奥斯卡回接被绊倒,上半场 34',0-1
法布雷加斯的推进，变向分给奥斯卡,上半场 35',0-1
切尔西三人在中路连续一脚传球，要到一个角球,上半场 35',0-1
战术角球传到禁区外，巴巴远射打高了,上半场 35',0-1
本哈鲁什跟到中场踢倒了科斯塔,上半场 36',0-1
本哈伊姆再度犯规！红牌！,上半场 37',0-1
科斯塔在带球，本哈伊姆伸脚绊倒了科斯塔，这是一个常规的绊人，出红牌有点重了！,上半场 38',0-1
裁判是认为本哈伊姆恶意犯规,上半场 38',0-1
阿扎尔的传中，加西亚解围差点误入自家大门,上半场 39',0-1
威廉的传中比较低过不了里坎,上半场 39',0-1
阿扎尔用右脚远射，没有打上力量,上半场 39',0-1
11号另一位本哈伊姆与巴巴拼身体，落于下风,上半场 40',0-1
科斯塔前场接应，佩雷兹将球捅出底线,上半场 40',0-1
看阿扎尔这一次一顺到禁区,上半场 42',0-1
威廉没有打而是转身回传到禁区外,上半场 42',0-1
法布雷加斯挑传，阿扎尔的垫射没有打向球门,上半场 42',0-1
上半场比赛结束！,上半场 42',0-1
凭借卡希尔的进球，切尔西暂时1：0领先！,中场,0-1
上半场切尔西占据比较大的优势，不但领先一球还多打一人,中场,0-1
不过切尔西的进攻还是缺乏连续性,中场,0-1
看看穆帅在中场是否会调整一下阵容让进攻更流畅,中场,0-1
稍事休息，为大家直播下半场的比赛,中场,0-1
让我们随着转播信号回到现场,中场,0-1
特拉维夫马拉比的球员重新入场,中场,0-1
切尔西的球员出来 要晚一点,中场,0-1
现场也出来了,中场,0-1
下半场比赛开始了,下半场 1',0-1
下半场比赛由特拉维夫马拉比中圈开球,下半场 1',0-1
特拉维夫马拉比少一人作战,下半场 1',0-1
特拉维夫马拉比左路的任意球机会,下半场 2',0-1
扎哈维没有开起来,下半场 2',0-1
切尔西反击，威廉分左路的阿扎尔,下半场 2',0-1
阿扎尔内切扎进了人堆,下半场 2',0-1
威廉中路的推进被里坎绊倒,下半场 3',0-1
威廉认为应该给黄牌,下半场 3',0-1
扎哈维左路带球推进，威廉连人带球铲了一下,下半场 3',0-1
在本小组另一场比赛中，波尔图依然0：1落后于基辅迪纳摩,下半场 4',0-1
法布雷加斯斜长传上来，科斯塔越位,下半场 4',0-1
特拉维夫马拉比的机会，里坎的斜传，达萨套上禁区右侧面对门将打门被贝戈维奇用身体挡出底线,下半场 5',0-1
特拉维夫马拉比的角球没有什么威胁,下半场 6',0-1
奥斯卡过顶长传到禁区，法布雷加斯插上早了，越位,下半场 6',0-1
法布雷加斯分右路的威廉,下半场 7',0-1
奥斯卡也找一下左路的巴巴,下半场 7',0-1
阿扎尔往禁区里带，科斯塔也好像不知道队友想做什么,下半场 7',0-1
阿扎尔又突然一顺，科斯塔越位了,下半场 8',0-1
扎哈维外脚背挑传，特里头球回传差点考起了贝戈维奇,下半场 8',0-1
贝戈维奇倒地将球摁在身下,下半场 8',0-1
巴巴渗透到左肋部，底线回传，本哈鲁什先捅到球,下半场 10',0-1
看一下特里左路的进攻，本哈伊姆在扣球传中被特里顶出来,下半场 11',0-1
球再落在本哈伊姆脚下，再传中，球直接传出底线,下半场 11',0-1
阿扎尔左路的控球回传给卡希尔,下半场 12',0-1
法布雷加斯传右肋部,下半场 12',0-1
阿斯皮利奎塔插上传中，科斯塔跑过了一点,下半场 12',0-1
马蒂奇飞铲铲倒了伊吉耶博尔,下半场 13',0-1
马蒂奇吃到黄牌,下半场 13',0-1
扎哈维吊到禁区，佩雷兹插上稍慢了半步，否则就是一次近距离射门的机会,下半场 14',0-1
切尔西赢得一个左路的角球机会,下半场 15',0-1
下半场，多打一人的切尔西表现令人失望,下半场 15',0-1
威廉的角球传中，门将单拳将球打出禁区,下半场 16',0-1
阿扎尔禁区内打门被拉耶科维奇倒地扑出,下半场 16',0-1
阿扎尔左路再传中，阿斯皮利奎塔后点小角度推射再度被拉耶科维奇扑出,下半场 17',0-1
特拉维夫马拉比反击,下半场 17',0-1
里坎后场长传，扎哈维停球进了禁区右侧打远角被贝戈维奇飞身扑出底线,下半场 17',0-1
这个位置已经被连续打穿了三次,下半场 17',0-1
威廉右路的直传小了，加西亚抢断,下半场 18',0-1
马蒂奇中场反抢，阿扎尔禁区左犄角的传中，加西亚先蹭一下,下半场 19',0-1
马蒂奇上抢放倒了伊吉耶博尔,下半场 19',0-1
这几分钟，蓝军稍稍有点起色,下半场 20',0-1
马蒂奇的分边球传得太离谱了，直接飞出边线,下半场 21',0-1
伊吉耶博尔右路得球，回传给阿尔伯曼,下半场 21',0-1
切尔西终于断球了，法布雷加斯的斜传被对方一个关门断下,下半场 22',0-1
切尔西换人，17号佩德罗换下了10号阿扎尔,下半场 22',0-1
本小组另一场比赛，基辅迪纳摩客场2：0领先波尔图,下半场 22',0-1
这样，本小组出线名额将在最后一轮再能揭晓,下半场 23',0-1
当然，前提是切尔西要在本场比赛取胜,下半场 23',0-1
佩德罗上场控球，传到中路的威廉,下半场 23',0-1
威廉变向突破被加西亚绊倒,下半场 23',0-1
切尔西获得一个弧顶外一点的任意球机会,下半场 24',0-1
特里的脚有点状况,下半场 24',0-1
队医进场为他治疗,下半场 24',0-1
是右场争抢时被阿尔伯曼踢了一下脚踝,下半场 25',0-1
特里已经将队长袖标摘下,下半场 25',0-1
特里被抬架抬出场外！切尔西用祖马替下了特里,下半场 25',0-1
威廉任意球直接破门！！！,下半场 27',0-2
威廉的射门越过了人墙急速下坠窜入球门右下侧！,下半场 27',0-2
穆里尼奥也挥拳庆祝,下半场 28',0-2
达萨右路压上，想人球分边，巴巴位置卡得很好,下半场 28',0-2
达萨推人犯规,下半场 28',0-2
裁判吹的是巴巴的犯规,下半场 28',0-2
特拉维夫马拉比右路的任意球机会,下半场 29',0-2
里坎送前点，太低了，祖马的解围,下半场 29',0-2
法布雷加斯的挑传，奥斯卡没有垫射，而是停球,下半场 30',0-2
浪费了机会,下半场 30',0-2
奥斯卡头球破门！！！,下半场 30',0-3
巴巴左路弧线球传后点，奥斯卡抢点头球攻门球进！,下半场 31',0-3
切尔西终于能在弱旅身上找到一点感觉,下半场 31',0-3
切尔西换人，18号雷米换下了22号威廉,下半场 32',0-3
特拉维夫马拉比换人，9号巴沙特替下了11号本哈伊姆,下半场 33',0-3
目前切尔西剩下唯一目标就是让科斯塔好歹进一个,下半场 33',0-3
达萨助攻上来，传丢了,下半场 33',0-3
奥斯卡推进了好一段路，斜传给禁区左侧的科斯塔,下半场 34',0-3
科斯塔两人中强行挤过去，起脚慢了,下半场 34',0-3
巴巴左路的挑传，佩德罗先越位了,下半场 35',0-3
法布雷加斯中场停球后被伊吉耶博尔扫到支撑脚,下半场 36',0-3
巴巴左路与奥斯卡配合后倒三角传中，科斯塔前插慢了半步,下半场 36',0-3
法布雷加斯右路推进，趟大了，伸脚是蹬踏犯规,下半场 37',0-3
特拉维夫马拉比换人，16号尤瑟夫换下了6号阿尔伯曼,下半场 41',0-3
佩德罗左脚打门，球擦着左立柱出底线,下半场 42',0-3
奥斯卡左路的斜长传，阿斯皮利奎塔插上稍慢了一点,下半场 42',0-3
阿斯皮利奎塔这边助攻上来,下半场 43',0-3
佩德罗禁区内的斜射擦着立柱出底线,下半场 43',0-3
特拉维夫马拉比再换人，10号扎吉换下了7号扎哈维,下半场 44',0-3
特拉维夫马拉比的战术角球传中，加西亚抢点头球顶高了,下半场 45',0-3
阿斯皮利奎塔的伟中，科斯塔打门被本哈鲁什挡出底线,下半场 46',0-3
下半场补时3分钟,下半场 46',0-3
祖马头球破网,下半场 46',0-4
奥斯卡角球传中，祖马纵跳头球破网,下半场 47',0-4
4：0的比分与双方首次交锋时一致,下半场 47',0-4
切尔西还有机会，奥斯卡带球上来斜传给科斯塔,下半场 48',0-4
科斯塔迎球打门打太正了被拉耶科维奇扑出，科斯塔上前小角度补射击中了横梁,下半场 48',0-4
科斯塔的运气也是太差了,下半场 48',0-4
拉耶科维奇打高球与冲上来争顶的雷米撞在一块受伤,下半场 49',0-4
拉耶科维奇接受治疗后重新站起来,下半场 49',0-4
此时裁判吹响了比赛结束的哨音！,下半场 49',0-4
切尔西客场4：0击败少打一人的特拉维夫马拉比,完赛,0-4
不过由于基辅在另一场比赛中客场取胜，本小组的两个出线名额要在最后一轮才能产生。,完赛,0-4
好了，本场比赛的直播就到这里结束。,完赛,0-4
感谢大家的收看，再见！,完赛,0-4
