各位新浪网友大家好，欢迎来到新浪体育观看精彩的直播节目,未赛,0-0
本次直播给大家带来的是2015-16赛季欧冠小组赛B组第3轮的一场比赛，曼联做客希姆基球场对阵莫斯科中央陆军,未赛,0-0
本组形势甚为混乱，前两轮比赛结束后，4支球队互有胜负都积3分，考虑到曼联是客场作战，所以底线应该是保平,未赛,0-0
周末联赛曼联将迎来曼彻斯特德比，范加尔已明确表示就重要性来说肯定是德比更重要。在他的心中英超冠军排在首位，所以本场曼联是否会因此分心是个问号,未赛,0-0
范加尔上轮对攻击线做出调整，一直表现欠佳的徳佩替补，马夏尔改踢左路，鲁尼回到中锋位置，埃雷拉踢前腰。从结果来看这样的变化很好，估计本场会延续这个踢法,未赛,0-0
曼联需要担心的还有天气，莫斯科目前的最低气温还是零下，要比曼彻斯特低不少。这个温度下比赛曼联球员需要去适应,未赛,0-0
莫斯科中央陆军在上轮联赛里主场3-2击败了乌拉尔，他们目前以10胜2平的不败佳绩领跑俄超积分榜。状态堪称火热,未赛,0-0
尤其是罗马租借而来的前锋敦比亚，不仅在联赛中已攻入5球，在上轮欧冠击败埃因霍温的比赛中更是梅开二度，这位危险人物曼联必须警惕,未赛,0-0
莫斯科中央陆军与曼联曾在09-10赛季的欧冠小组赛中相遇，当时莫斯科中央主场0-1告负，本场也被主队视为复仇之战,未赛,0-0
曼联目前受伤病困扰比较严重，后卫卢克肖、麦克奈尔、中场施魏因斯泰格、阿什利杨以及鲍威尔都无缘随队出征莫斯科，这必然会影响范加尔的排兵布阵,未赛,0-0
在欧战赛场中，曼联和俄超球队共交手过7次，其中曼联1胜5平1负进7球丢7球并没有占到便宜，但在俄罗斯的3场取得1胜2平。和中央陆军的两次交手记录中曼联是主场3-3，客场1-0,未赛,0-0
大家好，欢迎来到直播间观看精彩的欧冠联赛,未赛,0-0
欢迎广大网友提出对于本场比赛您所感兴趣的问题，我们将挑选一些有代表性的进行解答和探讨！,未赛,0-0
曼联首发阵容(4-2-3-1)：1-德赫亚；25-瓦伦西亚，12-斯马林，4-菲尔-琼斯，5-罗霍；31-施魏因斯泰格，28-施奈德林；35-林加德，21-埃雷拉，9-马夏尔；10-鲁尼,未赛,0-0
曼联替补：罗梅罗，达米安，马塔，卡里克，布林德，费莱尼，德佩,未赛,0-0
中央陆军首发：35-阿金费耶夫，24-别列祖茨基、42-申尼科夫、4-伊格纳舍维奇、2-费尔南德斯，7-托西奇、18-穆萨、3-维恩布鲁姆、25-埃雷门科，88-敦比亚、10-扎戈耶夫,未赛,0-0
中央陆军替补：切普楚戈夫，米拉诺夫、潘申科、A-别列祖茨基、纳巴金、科纳、戈洛夫,未赛,0-0
进入比赛的现场，双方球员正式入场了,未赛,0-0
曼联今天身穿黑色的客场比赛服，中央陆军是红色上衣，蓝色短裤,未赛,0-0
现在的莫斯科还是非常寒冷的,未赛,0-0
上半场比赛开始了,上半场 1',0-0
主场作战的中央陆军从右侧向左侧进攻，曼联则是从左向右,上半场 1',0-0
曼联新款的客场比赛服非常显眼,上半场 1',0-0
曼联中路组织进攻，马夏尔禁区前沿的分球被断,上半场 2',0-0
中央陆军一记长传，罗霍把球控制下来,上半场 2',0-0
回敲一下给到德赫亚，德赫亚右路交给瓦伦西亚,上半场 2',0-0
曼联右侧的长传，鲁尼拼抢落点，对别列祖茨基犯规了,上半场 3',0-0
瓦伦西亚右侧的直塞，被挡回来，琼斯拿球,上半场 4',0-0
琼斯扫了一眼场上的形势，转移到左路,上半场 4',0-0
曼联逐渐的推进，到中场，林加德分给埃雷拉,上半场 5',0-0
曼联左路的进攻赢得界外球,上半场 5',0-0
马夏尔前场拼抢犯规,上半场 5',0-0
中央陆军左侧的进攻,上半场 5',0-0
前场到了穆萨的脚下，穆萨面对琼斯的防守，带丢了,上半场 6',0-0
林加德右路拿球，回敲一下,上半场 6',0-0
曼联中场的控制力很强，中央陆军难以得到控球权,上半场 7',0-0
瓦伦西亚中路交给施魏因施泰格,上半场 7',0-0
曼联还是打渗透，到了禁区前沿，埃雷拉带丢了,上半场 7',0-0
中央陆军面对强大的曼联，首先立足于防守,上半场 8',0-0
施魏因施泰格中路带球，分边到林加德这侧,上半场 8',0-0
林加德交给身后插上的瓦伦西亚,上半场 8',0-0
瓦伦西亚过渡一下到中间，施耐德林在转移到左侧,上半场 9',0-0
曼联突然的一脚长传，找右路插上的林加德,上半场 9',0-0
给的比较大，直接被申尼科夫拦下,上半场 9',0-0
马夏尔左路的强突，到了禁区之内，中央陆军两名球员夹防,上半场 10',0-0
马夏尔倒地了，裁判示意比赛继续,上半场 10',0-0
中央陆军长传反击，德赫亚出击把球得到,上半场 10',0-0
曼联还是在中路打渗透，鲁尼背身拿球,上半场 11',0-0
鲁尼做球给埃雷拉，埃雷拉外围的远射，有些勉强，偏了,上半场 11',0-0
中央陆军后场的倒脚，控制下节奏，右侧交给费尔南德斯,上半场 12',0-0
一脚长传过顶，给的不错，下底传中，前点罗霍把球挡出,上半场 12',0-0
外围托西奇拿球，内切之后右侧小角度的打门，偏出,上半场 13',0-0
这个球似传似射，险些给后点的同伴制造出机会,上半场 13',0-0
瓦伦西亚的站位出现了些问题，太过靠近中路，险些被对手偷袭,上半场 14',0-0
中央陆军赢得点球机会,上半场 14',0-0
费尔南德斯禁区内挑球过人，马夏尔防守中用手把球挡了一下,上半场 15',0-0
埃雷门科主罚点球,上半场 15',0-0
埃雷门科大力推射左下角，德赫亚判断准确，倒地扑了一下之后球击中门柱弹回,上半场 16',0-0
球回来之后又弹在了德赫亚身上，禁区内敦比亚机敏的补射，破门了,上半场 16',1-0
敦比亚热得发紫啊，从罗马租借而来以后在中央陆军变成了进球机器,上半场 17',1-0
替补席上的范加尔脸色铁青,上半场 17',1-0
这个球德赫亚已足够出色，但面对补射，他已无能为力,上半场 18',1-0
林加德前场拼抢对申尼科夫犯规,上半场 18',1-0
中央陆军取得领先之后气势也上来了，场面逐渐好看起来,上半场 19',1-0
后场阿金费耶夫的长传,上半场 19',1-0
施耐德林把球拿住，组织一下，给到右侧的瓦伦西亚,上半场 19',1-0
瓦伦西亚回敲给琼斯,上半场 19',1-0
裁判刚才也是补给了马夏尔一张黄牌，对马夏尔禁区内的手球加以惩罚,上半场 20',1-0
敦比亚左路被放倒，前场的定位球,上半场 21',1-0
扎戈耶夫中路给到托西奇，在往禁区前沿交,上半场 21',1-0
施耐德林把球断下,上半场 21',1-0
本赛季中央陆军在主场还没有输过球,上半场 22',1-0
维恩布鲁姆右侧推进,上半场 23',1-0
到了前场之后分球有些犹豫,上半场 23',1-0
中央陆军右路的长传，直接飞出底线,上半场 23',1-0
埃雷拉中路漂亮的拉球过人，分到右路林加德,上半场 24',1-0
林加德交给套边上来的瓦伦西亚,上半场 24',1-0
瓦伦西亚传中，被对方挡出,上半场 24',1-0
马夏尔左路得球，自己强突一下，被挡出边线,上半场 24',1-0
曼联后场倒脚，罗霍拿球，被穆萨从身后狠狠的铲倒,上半场 25',1-0
这个放铲引起了曼联球员的不满，不过裁判手下留情，没有给穆萨黄牌,上半场 25',1-0
申尼科夫后场左路的直传,上半场 26',1-0
穆萨中路背身拿球，分给右侧的托西奇,上半场 27',1-0
中央陆军的反击速度非常快,上半场 27',1-0
托西奇带到禁区前沿，在交给插上的费尔南德斯,上半场 27',1-0
费尔南德斯低球给到门前，敦比亚被琼斯挡在了身后,上半场 27',1-0
两名中卫把球让出了底线,上半场 28',1-0
林加德游弋到了左路,上半场 28',1-0
林加德拿球强突，过掉第一个人，但第二下没有衔接好,上半场 29',1-0
面对上抢的费尔南德斯林加德把球趟出了底线,上半场 29',1-0
曼联加强了前场的高位逼抢,上半场 29',1-0
马夏尔的突破被挡了出来,上半场 30',1-0
曼联的球再交到左路的马夏尔,上半场 30',1-0
马夏尔连续的突破，中央陆军凶狠的放铲，不让马夏尔通过,上半场 31',1-0
人怕出名猪怕壮，打出名气的马夏尔现在也是遭遇到各队的严防,上半场 31',1-0
镜头给到了队长鲁尼，鲁尼今天在前面显得有些孤立无援,上半场 31',1-0
穆萨前场拿球，能力非常强,上半场 32',1-0
穆萨在对方的紧逼下打出一记质量非常高的吊射,上半场 32',1-0
好在德赫亚精力集中，矫健的飞身一扑，把球托出横梁,上半场 32',1-0
中央陆军右路的角球没有造成威胁,上半场 32',1-0
曼联右路的进攻，过顶的斜传给到禁区内,上半场 33',1-0
底线附近林加德包抄，门将阿金费耶夫及时出击，挡了一下,上半场 33',1-0
林加德和瓦伦西亚在右路非常努力的攻，但对手今天防守做的很好,上半场 34',1-0
埃雷拉前场接球越位了,上半场 35',1-0
施耐德林中路拿球，直塞给前面的埃雷拉,上半场 35',1-0
埃雷拉转身在送，找鲁尼,上半场 36',1-0
传跑没有形成默契,上半场 36',1-0
中央陆军后场的失误，冒顶了,上半场 36',1-0
左路马夏尔突破把球送入禁区内,上半场 36',1-0
前点鲁尼包抄到位，伸脚没有碰到，后面的别列祖茨基赶紧解围,上半场 37',1-0
中央陆军后场的解围，斯马林卡住身位把球得到,上半场 38',1-0
敦比亚像一匹猎豹一样，非常迅速的冲到斯马林面前,上半场 38',1-0
斯马林并没有慌乱，把球传了出来,上半场 38',1-0
中央陆军前场只留下穆萨和敦比亚，两个人的威胁也是非常的大,上半场 39',1-0
别列祖茨基在刚才的解围之后有些受伤，向场边做出换人的手势,上半场 39',1-0
施耐德林中路组织一下，分给左路斯马林,上半场 39',1-0
斯马林倒脚给到施魏因施泰格,上半场 40',1-0
维恩布鲁姆和埃雷门科组成了中央陆军的中场屏障,上半场 40',1-0
中央陆军右路的反击,上半场 41',1-0
到了前场，下底的传中,上半场 41',1-0
低球给到后点，穆萨的冲击力非常强,上半场 41',1-0
瓦伦西亚不敢怠慢，把球解围出底线,上半场 41',1-0
中央陆军换人了，受伤的别列祖茨基下，换上另一位A-别列祖茨基,上半场 42',1-0
受伤的是V-别列祖茨基。不知道这两位是不是兄弟,上半场 42',1-0
中央陆军的角球给到前点,上半场 43',1-0
包抄的头球攻门，偏出,上半场 43',1-0
上半场接近尾声了，在寒冷的莫斯科，曼联也是感到阵阵的冷意啊,上半场 43',1-0
中央陆军后场倒脚，别列祖茨基回给阿金费耶夫,上半场 43',1-0
阿金费耶夫把球交给伊格纳舍维奇,上半场 44',1-0
中央陆军很有经验，想平稳的耗掉上半场最后的一点时间,上半场 44',1-0
中央陆军把球打到前场，托西奇得球转身时候被断,上半场 44',1-0
施魏因施泰格准确的转移到右路,上半场 45',1-0
林加德见没有什么机会，在回敲给中间,上半场 45',1-0
上半场补时1分钟,上半场 45',1-0
瓦伦西亚右路的下底传中，还是没有打过前点,上半场 46',1-0
中央陆军的反击又来了,上半场 46',1-0
中路的直塞，给到托西奇,上半场 46',1-0
托西奇面前比较开阔，自己向前带,上半场 46',1-0
禁区前沿托西奇的直塞，给的稍微小了一些,上半场 47',1-0
施耐德林回撤防守，捅了一脚，把球破坏,上半场 47',1-0
瓦伦西亚底线附近把球救回,上半场 47',1-0
曼联中场的传递，给到左侧斯马林,上半场 47',1-0
这个时候主裁判一声哨响，上半场比赛结束了,中场,1-0
客场作战的曼联上半场没有讨到一点便宜，被对方反击打的非常难受,中场,1-0
穆萨和敦比亚的强力冲击给曼联的防线造成了很大的麻烦,中场,1-0
曼联两个边路的进攻被对手遏制的很死，中路鲁尼也是被牢牢盯住,中场,1-0
范加尔下半场必须率先做出调整，因为就现在的场上形势来看，真是没有什么机会,中场,1-0
休息回来，球员们重新走入到场内,中场,1-0
下半场费莱尼替补登场了,中场,1-0
铁头功费莱尼替下了施魏因施泰格,中场,1-0
主裁判一声哨响，下半场开始了,下半场 1',1-0
曼联右路拿球，回敲到中间给罗霍,下半场 1',1-0
费莱尼回撤接应一下，曼联还是坚持从右侧来攻,下半场 1',1-0
瓦伦西亚和林加德的配合,下半场 1',1-0
林加德回给瓦伦西亚的时候被对方挡出边线,下半场 2',1-0
费莱尼中路拿球，过渡一下到左侧,下半场 2',1-0
马夏尔直塞给到锋线上的鲁尼,下半场 2',1-0
鲁尼没有拿好，被对方从身后将球捅出,下半场 2',1-0
林加德右路快速突破，看到鲁尼的插上，一脚直塞进去,下半场 3',1-0
鲁尼的起动有些早了，陷入越位陷阱,下半场 3',1-0
马夏尔中场拿球被对手放倒在地,下半场 3',1-0
施耐德林左路给到罗霍，罗霍想挑传给费莱尼，高度不够，被顶出,下半场 4',1-0
曼联后场控制一下，右路的瓦伦西亚插上助攻,下半场 4',1-0
前场的传递，被托西奇断下,下半场 5',1-0
中央陆军反击长传到左侧,下半场 5',1-0
琼斯卡住身位率先得到球权,下半场 5',1-0
穆萨在身后不依不饶，奋力拼抢，拉倒了琼斯,下半场 5',1-0
裁判哨响，吹了穆萨的犯规,下半场 6',1-0
琼斯右路给到林加德，瓦伦西亚不惜体力的再次助攻上来,下半场 6',1-0
瓦伦西亚把球交出来，到中路,下半场 6',1-0
施耐德林过渡到左侧这边,下半场 6',1-0
马夏尔突破再次遭遇了对方的凶狠铲抢,下半场 7',1-0
费尔南德斯滑铲，马夏尔赶紧躲闪开,下半场 7',1-0
曼联下半场占据优势，牢牢的把节奏控制,下半场 7',1-0
曼联的进攻到了前场就陷入停滞，面对对手紧扎的篱笆，不知道从何下手,下半场 8',1-0
费莱尼肉搏战，倒地之后伸腿绊倒对方,下半场 8',1-0
硬汉费莱尼人仰马翻之后还不忘给对手来上一下，中央陆军的球员也是吃了暗亏,下半场 10',1-0
中央陆军的长传，罗霍争抢头球落点判断不准，球是打在了他的手臂上,下半场 10',1-0
不过裁判没有看清楚,下半场 11',1-0
埃雷拉中路拿球，交给施耐德林,下半场 11',1-0
埃雷拉今天在进攻中比较消沉，看不到他的身影,下半场 11',1-0
费莱尼前场得球，交给左路的马夏尔,下半场 12',1-0
马夏尔一拿球对方立刻两名球员上来防,下半场 12',1-0
马夏尔没有机会，转身回敲,下半场 12',1-0
曼联左路的斜传，禁区内伊格纳舍维奇头球解围出来,下半场 13',1-0
外围埃雷拉在埃雷门科的干扰下远射打飞,下半场 13',1-0
终于是看到了埃雷拉的镜头啊,下半场 13',1-0
费莱尼左路和马夏尔的配合，交给身后的罗霍,下半场 14',1-0
罗霍搓入禁区内，给的稍微有些大,下半场 14',1-0
阿金费耶夫轻松把球没收,下半场 14',1-0
这个小组的竞争现在非常的激烈，4个队伍都是1胜1负，曼联这场的底线是不输球,下半场 14',1-0
范加尔在给布林德面授机宜，又准备换人了吗,下半场 15',1-0
曼联右路坚持不懈的进攻取得效果,下半场 15',1-0
林加德的传中，鲁尼甩开防守，一记强力头球,下半场 15',1-0
可惜角度比较正，阿金费耶夫倒地把球揽入怀中,下半场 15',1-0
曼联继续右侧的进攻，林加德直塞一下给到禁区内,下半场 16',1-0
鲁尼下底，抢在球出底线前传起来,下半场 16',1-0
阿金费耶夫出击把球摘下,下半场 17',1-0
曼联右路林加德这阵很活跃，又是他的下底传中,下半场 17',1-0
后点费莱尼头球摆渡到中间,下半场 17',1-0
申尼科夫大脚解围出来,下半场 17',1-0
费尔南德斯刚才拼抢中挂彩了，紧急到场边包扎一下，见血了,下半场 18',1-0
费尔南德斯是在和罗霍的拼抢中被顶了一下,下半场 19',1-0
曼联中路的渗透打穿了对方防守,下半场 19',1-0
埃雷拉直塞给入禁区,下半场 19',1-0
林加德包抄跟进，禁区左肋一脚低射，打的太正了,下半场 20',1-0
曼联换人，布林德换下罗霍,下半场 20',1-0
中央陆军中路的进攻，敦比亚分给右侧,下半场 20',1-0
埃雷门科的打门，被德赫亚没收,下半场 21',1-0
曼联破门了,下半场 21',1-1
又是马夏尔，小将马夏尔神了,下半场 21',1-1
来自瓦伦西亚的助攻,下半场 21',1-1
瓦伦西亚右路下底，传中给出了高质量，托西奇防守不利，马夏尔禁区中路机敏的甩头攻门，角度非常刁钻，击中远门柱弹入网窝，阿金费耶夫扑救不及,下半场 22',1-1
失球之后阿金费耶夫也是冲出禁区大声的批评队友的防守,下半场 23',1-1
这个进球应该是马夏尔本赛季欧冠的第一粒进球，小将马夏尔成了曼联的救星，联赛和欧冠都已经有斩获,下半场 24',1-1
曼联右路再次冲破了对方的防守,下半场 24',1-1
传中到禁区之内，还是马夏尔得分的那个点，这次是费莱尼抢得头球，顶偏了,下半场 25',1-1
曼联下半场调整之后确实是改观不小,下半场 25',1-1
中央陆军被扳平以后球员们好像都比较沮丧,下半场 25',1-1
中央陆军左路的进攻，扎戈耶夫传中赢得角球,下半场 26',1-1
维恩布鲁姆角球给进去，别列祖茨基后点头球，顶在边网,下半场 26',1-1
中央陆军随着体能的下降，防守和进攻都有些问题，出现漏洞,下半场 28',1-1
敦比亚前场以1敌3，太难了,下半场 28',1-1
斯马林卡住身位，把球让出底线,下半场 28',1-1
中央陆军中场分球失误，直接给出边线,下半场 29',1-1
布林德界外球交给施耐德林,下半场 30',1-1
曼联长传的进攻,下半场 30',1-1
中央陆军后场抢断，沿着左路进攻上来,下半场 30',1-1
扎戈耶夫禁区前沿的斜传，可惜同伴没有跑在线路上,下半场 31',1-1
费莱尼拿球，给到右路,下半场 31',1-1
林加德横敲给中间的埃雷拉,下半场 31',1-1
球转移到马夏尔这边，马夏尔又是面对两名防守队员,下半场 31',1-1
马夏尔只能向后，把球摘出来,下半场 32',1-1
琼斯中场大范围的转移，瓦伦西亚停球失误，没有拿好,下半场 32',1-1
曼联在扳平比分后场面再次趋于平淡，双方都显得很谨慎，感觉1分都能接受,下半场 33',1-1
瓦伦西亚右路下底，速度很快,下半场 33',1-1
传中给到了禁区弧顶附近，托西奇险些滑倒，好在顺利解围,下半场 33',1-1
琼斯带球上到前场，大步流星的突破，造成角球,下半场 34',1-1
德佩替补登场，替下了林加德,下半场 34',1-1
曼联的角球没有威胁,下半场 35',1-1
中央陆军反击，给到左边路,下半场 35',1-1
穆萨和埃雷拉在拼抢，埃雷拉危险动作，犯规了,下半场 35',1-1
主裁判向埃雷拉出示黄牌,下半场 35',1-1
比赛已经来到了80分钟，最后阶段对双方来说尤为关键,下半场 36',1-1
马夏尔右路背身拿球被对方踢翻在地，犯规的是埃雷门科,下半场 37',1-1
德佩上场之后踢到了左路，马夏尔是来到了右路,下半场 37',1-1
曼联的任意球传入禁区内找费莱尼,下半场 38',1-1
弧线太高了，费莱尼虽然身材高大，但也只能望球兴叹,下半场 38',1-1
中央陆军换人，潘申科替下了埃雷门科,下半场 39',1-1
阿金费耶夫大脚开出门球,下半场 39',1-1
曼联大范围的转移交给左侧的德佩,下半场 39',1-1
德佩晃开防守，传中送到后点，落点不错啊,下半场 40',1-1
马夏尔埋伏在后面，包抄到位把球端向门前,下半场 40',1-1
费莱尼门前抢点，不过阿金费耶夫反应极快，迅速出击，先把球挡出,下半场 41',1-1
阿金费耶夫今天的表现十分稳健,下半场 41',1-1
中央陆军继续换人，扎戈耶夫下场，科纳替补登场,下半场 41',1-1
比赛进入到了尾声，中央陆军下半场极为被动啊，一直疲于防守,下半场 42',1-1
右路马夏尔冲击到了底线,下半场 42',1-1
sorry，传中的应该是瓦伦西亚,下半场 43',1-1
传中到大禁区线外，马夏尔停球离身体远了些,下半场 43',1-1
对方迅速的头球解围,下半场 43',1-1
德佩左路内切，给到中间的埃雷拉,下半场 43',1-1
曼联把球搓入后点，在端到禁区中间,下半场 44',1-1
别列祖茨基关键的一脚解围,下半场 44',1-1
托西奇中路和费莱尼拼抢,下半场 44',1-1
费莱尼差了一个身位，伸出大长腿，绊倒了托西奇,下半场 45',1-1
费莱尼吃到黄牌,下半场 45',1-1
下半场伤停补时3分钟,下半场 45',1-1
埃雷拉前场拿球，转身突破，一扣被维恩布鲁姆绊倒在地,下半场 45',1-1
布林德左路交给德佩,下半场 45',1-1
德佩在给回去，被对方碰出边线,下半场 46',1-1
中央陆军禁区前沿断球,下半场 46',1-1
反击很坚决，敦比亚中圈附近快速给到右路,下半场 46',1-1
布林德防守跟住，把球挡出边线,下半场 46',1-1
中央陆军右路界外球给出来,下半场 47',1-1
小范围的配合失误了，出界,下半场 47',1-1
曼联右路进攻，不着急，控制一下避免失误,下半场 47',1-1
右路给回来，施耐德林在转移到左侧费莱尼,下半场 48',1-1
费莱尼中路的分球被断,下半场 48',1-1
中央陆军的进攻也不顺畅，中场被埃雷拉阻截一下，出了左侧边线,下半场 49',1-1
这个时候主裁判吹响了全场结束的哨音,完赛,1-1
最终客场作战的曼联顶住了压力，1-1战平了莫斯科中央陆军，在寒冷的莫斯科能够带回一分可以接受,完赛,1-1
应该说双方是各打了半场好球，上半场中央陆军非常成功的限制了曼联，并取得了一个进球,完赛,1-1
但到了下半场范加尔主动变阵改变了形势，中央陆军下半场非常被动，也没有在取得好的进攻机会,完赛,1-1
1-1的比分也比较合理的反应了场上的局势，马夏尔虽然送点，但自己将功补过扳平比分,完赛,1-1
同组的另外一场比赛也已经结束，主场作战的狼堡2-0击退埃因霍温，积6分升至本组榜首，曼联和中央陆军都是4分，紧随其后,完赛,1-1
好了，本场比赛就为大家直播到这里，非常感谢大家的陪伴，我们下次直播再见！,完赛,1-1
