大家好，欢迎来到新浪体育观看精彩的直播节目。,未赛,0-0
本次直播的是新赛季欧冠小组赛第一轮比赛，由阿森纳客场挑战萨格勒布，欢迎到时观看。,未赛,0-0
阿森纳在上周末联赛中战胜斯托克城，前5轮英超联赛3胜1平1负。在最近的比赛中阿森纳在防守方面做得不错，球队没有给对方太多的得分机会。但是攻击方面阿森纳并没有全部发挥。,未赛,0-0
萨格勒布迪纳摩在之前的克罗地亚联赛中5胜4平保持不败，从他们的得失球数上看，萨格勒布迪纳摩是一支防守不错的球队，丢球数很少，但是攻坚能力一般，在占据实力优势的情况下，有不少比赛错过获胜机会。,未赛,0-0
阿森纳面对本组最弱的对手萨格勒布迪纳摩，枪手希望能够在客场全取3分，为欧冠小组赛开一个好头。就连主帅温格也表示，首轮取得开门红至关重要，这将决定未来的走势。,未赛,0-0
两队上一次交锋是在2006-07赛季的欧冠资格赛第三轮，当时阿森纳客场3比0，主场2比1双杀萨格勒布迪纳摩晋级。,未赛,0-0
阿森纳首发：奥斯皮纳，保利斯塔，德布希，吉布斯，科斯切尔尼，阿尔特塔，卡索拉，桑切斯，厄齐尔，张伯伦，吉鲁,未赛,0-0
萨格勒布首发：爱德华多，希加利，平托，特拉维尔，皮瓦里奇，安东里奇，阿杰米，马查多，普亚卡，费尔南德斯，索达尼,未赛,0-0
比赛还有一会就要开始了，请大家不要走开了,未赛,0-0
双方球员已经在球员通道里等待出场了,未赛,0-0
在裁判带领下双方走进了球场,未赛,0-0
今天主队萨格勒布迪纳摩身穿黑色球衣,未赛,0-0
阿森纳身穿自己的红色球衫,未赛,0-0
比赛一触即发了！,未赛,0-0
上半场比赛开始了，先由阿森纳开球,上半场 1',0-0
阿森纳开球后把球踢回到后卫线控制,上半场 1',0-0
萨格勒布迪纳摩也是把自己防守阵型站好！,上半场 1',0-0
阿森纳在右边路一记过顶长传，张伯伦前插到底线，对方一个铲抢把球铲出边线,上半场 2',0-0
阿森纳把球踢回到中场重新组织,上半场 2',0-0
阿森纳还是在右边路寻找机会,上半场 2',0-0
德布希边路控球时把球趟出了边线,上半场 2',0-0
对方防守逼得很紧啊！,上半场 2',0-0
萨格勒布前场传递失误，球传丢了,上半场 3',0-0
科斯切尔尼在后场长传打到前场左路,上半场 3',0-0
吉布斯控球，试图往底线走，球被对方2名后卫夹击断走了,上半场 3',0-0
萨格勒布的进攻现在失误太多，显得配合太简单了,上半场 4',0-0
萨格勒布的进攻一到前场就传递失误,上半场 4',0-0
阿森纳的防守只要中场稍微一逼抢，对手就没办法了,上半场 5',0-0
阿森纳在对方禁区外左侧控球,上半场 5',0-0
阿森纳短传试图寻找机会把球渗透到禁区里,上半场 5',0-0
阿森纳打起了阵地战，禁区弧顶把球分到右侧,上半场 5',0-0
右边路德布希传中，弧线太低，球被后卫破坏,上半场 5',0-0
阿森纳在右边路继续控球,上半场 6',0-0
吉鲁来到边路接应，把球至少给接应的德布希,上半场 6',0-0
德布希抹到底线，传中到后点，但桑切斯包抄稍稍靠前了一些，没有顶到皮球,上半场 7',0-0
萨格勒布的进攻基本就是虚张声势，阿森纳防守毫无压力而言,上半场 7',0-0
萨格勒布前场普亚卡在左侧带球往禁区弧顶突破，禁区弧顶一脚远射，放了高射炮,上半场 8',0-0
阿森纳还是在中场横向的传递试图拉开对方防线,上半场 8',0-0
阿森纳并不急于把球传到禁区附近,上半场 9',0-0
张伯伦自己带球突破到禁区左侧，地平球传到中路给吉鲁，球被贴身防守的球衣捅出底线，角球,上半场 9',0-0
卡索拉角球传到门前，吉鲁抢点甩头攻门，对方门将在门线上飞身把球扑出！！再一个角球,上半场 10',0-0
厄齐尔来处理这一侧的角球,上半场 10',0-0
角球传到前点，门将出击没有碰到皮球，门前桑切斯和对方混战，但对方先出一脚解围！,上半场 10',0-0
卡索拉在中场控球，被对手抢断了！反击！,上半场 11',0-0
萨格勒布右边路突破，把球横敲到中路，远射打在后卫身上弹回！,上半场 11',0-0
萨格勒布把球踢回到中场组织,上半场 11',0-0
希加利中场长传打到左侧,上半场 12',0-0
萨格勒布边路短传交给中路的普亚卡，又是禁区外的一脚远射，同样是放了高射炮,上半场 12',0-0
阿森纳在右边路推进时，张伯伦拼抢推人犯规,上半场 12',0-0
今天阿森纳首发门将是奥斯皮纳，切赫坐在了替补席,上半场 13',0-0
阿森纳中场桑切斯一记直传球，对方后卫突然滑倒！！但直塞球力量过大，门将出击把球破坏,上半场 14',0-0
对方防守这个失误不应该啊，如果直塞稍微靠中路一些，力量稍小，那吉鲁就能拿到皮球形成单刀了,上半场 14',0-0
萨格勒布左边路进攻，德布希的防守相当稳健,上半场 15',0-0
萨格勒布左边路下底传中，球被禁区里阿森纳后卫拦截,上半场 15',0-0
吉鲁中场接应背身拿球被对手推倒，犯规！,上半场 15',0-0
阿森纳左边路进攻，短传出现失误！,上半场 16',0-0
但萨格勒布的解围又直接把球还给了阿森纳,上半场 16',0-0
桑切斯左边路斜传到禁区里，但落点太深，球被对方后卫破坏出边线,上半场 16',0-0
阿森纳继续在左边路寻找机会,上半场 16',0-0
桑切斯带球横向突破，短传交给禁区里的吉鲁,上半场 17',0-0
吉鲁停球后准备射门，但链接动作稍慢，球被后卫破坏出底线，角球,上半场 17',0-0
卡索拉角球传到后点，桑切斯头球攻门，又是稍微保持靠前了一些 没有蹭到皮球,上半场 17',0-0
萨格勒布在右边路快速突破，边路配合又出现了传球失误,上半场 18',0-0
厄齐尔在左边路拿球，背身拿球又被对手放倒！犯规,上半场 18',0-0
阿森纳快速反击，右边路过顶长传给张伯伦，快速突破到底线传中！！吉鲁第一下射门，打疵了，但球反弹后打在立柱上弹回！吉鲁补射又被门将用脚挡出！角球,上半场 19',0-0
角球传到门前，没有太大威胁！,上半场 19',0-0
阿森纳中场卡索拉分球到左侧给桑切斯，球被对手铲出边线,上半场 21',0-0
萨格勒布又是禁区左侧横敲到中路，安东里奇一脚远射高出横梁,上半场 22',0-0
吉鲁中场拼抢高球时撞倒了对方，手臂可能有一个架人的动作打在对方头上,上半场 22',0-0
吉鲁在前场拼抢时犯规，吃到一张黄牌！！,上半场 24',0-0
吉鲁这个拼抢跳的很高啊！动作并没有什么多余啊！,上半场 24',0-0
萨格勒布在中场控球,上半场 24',0-0
萨格勒布中路短传到禁区外,上半场 24',0-0
萨格勒布连续的中路短传，直塞到禁区里左侧，插上的皮瓦里奇拿球面对出击的门将推射被扑出！但球打在回追的张伯伦脚上打进球门！！,上半场 25',0-0
哎，这就是运气啊！！对方一次不经意的进攻就获得了进球！在主场1-0领先阿森纳了,上半场 26',1-0
此前双方交手阿森纳都是3球完胜对手,上半场 27',1-0
今天看来遇到大麻烦了。,上半场 27',1-0
领先后的萨格勒布现在队型靠的更加后面了,上半场 27',1-0
阿森纳中场过顶长传试图转移到右侧，球传大了！,上半场 28',1-0
萨格勒布又在后场断球后沿左边路突破，刚刚进球的皮瓦里奇带球到禁区外，保利斯塔禁区线上看准机会把球铲断了,上半场 29',1-0
对方的密集防守让阿森纳现在也是办法不多,上半场 29',1-0
阿森纳中路带球突破，禁区里形成混战，最终还是对方把球破坏，,上半场 30',1-0
禁区右侧张伯伦拿球拔脚就射！球打在了禁区里防守球员腿上！,上半场 30',1-0
卡索拉中路拿球，短传给左侧的桑切斯时传球路线不好，球传丢了,上半场 31',1-0
德布希右边路带球突破被对手推倒，裁判没有判罚！门球,上半场 31',1-0
上半场32分钟了，场上比分阿森纳0-1落后对手,上半场 33',1-0
场面上阿森纳占尽了优势，但对手一次不经意的进攻，就带来了进球,上半场 33',1-0
温格也是郁闷啊，被对手进球后就马上站到了场边指挥,上半场 33',1-0
阿森纳中路进攻，球又带丢了,上半场 34',1-0
萨格勒布反击，中路的短传在禁区弧顶失误！,上半场 34',1-0
厄齐尔把球直塞给左侧套边上去的队友,上半场 35',1-0
阿森纳左边路传中被后卫挡出底线，角球,上半场 35',1-0
卡索拉角球发前点，球被后卫先出一头解围,上半场 36',1-0
阿森纳的控球率达到66%,上半场 36',1-0
吉鲁在中路的作用几乎没有起到，背身拿球基本都被对手限制，不是犯规就是抢断,上半场 37',1-0
从吉鲁这个点几乎分不出球来,上半场 37',1-0
厄齐尔把球交到左侧，吉鲁拉边接应,上半场 38',1-0
阿森纳左边路下底传中，球被门将没收,上半场 38',1-0
阿森纳中路防守阿特塔绊人犯规！这个犯规让对手失去了快速反击的机会,上半场 39',1-0
任意球距门比较远，大概30米开外,上半场 39',1-0
任意球试图传到人墙前面！球被后卫破坏,上半场 40',1-0
吉鲁后场防守踢人犯规！！黄牌！！！,上半场 40',1-0
吉鲁之前拿到过黄牌啊！两黄变红被罚下了！,上半场 40',1-0
吉鲁的红牌两次黄牌都比较勉强,上半场 41',1-0
特别是第一次，就是一次普通的高球拼抢,上半场 41',1-0
温格也是对判罚极不满意！！,上半场 41',1-0
萨格勒布任意球射门打在人墙上！,上半场 42',1-0
这样的话，阿森纳就麻烦了。,上半场 42',1-0
阿森纳现在没有了前锋，人数少一人，比分还落后,上半场 42',1-0
看看温格如何调整吧,上半场 42',1-0
萨格勒布右边路通过简单的2过1打穿了防守,上半场 43',1-0
但萨格勒布的边路传中质量太差！,上半场 43',1-0
张伯伦右边路拿球，被2名防守球员夹击，球被破坏出了边线,上半场 45',1-0
上半场需要补时1分钟,上半场 46',1-0
桑切斯前场接应时从越位位置回接！越位！,上半场 46',1-0
上半场比赛结束，萨格勒布暂时1-0领先，阿森纳不仅落后吉鲁还被红牌罚下！,中场,1-0
让我们稍事休息进入到双方下半场比赛。,中场,1-0
下半场开始了,下半场 1',1-0
下半场阿森纳少一人作战，但温格并没有对阵容做出调整,下半场 1',1-0
平托禁区外一脚远射打在科斯切尔尼身上挡出底线，角球,下半场 1',1-0
角球传到后门柱！居然没有人防守！头球攻门打在立柱上！补射双方2人抢在一起，射偏！！！,下半场 2',1-0
阿森纳这一次逃过一劫，非常幸运！,下半场 2',1-0
张伯伦中场带球突破被对手推倒，黄牌！安东里奇,下半场 3',1-0
厄齐尔任意球传进禁区，头球攻门蹭偏了！,下半场 3',1-0
阿森纳左边路推进，横传到门前，但桑切斯停球后背身面对球门，没有形成射门！很可惜啊,下半场 4',1-0
如果这次能面对球门也就是一个面对门将的机会了,下半场 4',1-0
德布希在右边路带球突破，球是趟的太大！被门将没收,下半场 6',1-0
厄齐尔中路带球突破，球被对手从身后捅走！,下半场 7',1-0
阿森纳试图利用个人能力打出一个漏洞！,下半场 7',1-0
但对方防守都是多人包夹啊，很难有作为,下半场 7',1-0
阿森纳右边路德布希送出直塞到禁区里，对方后卫先出一脚铲出底线，角球,下半场 8',1-0
少一人的阿森纳，得分要靠定位球啊！,下半场 8',1-0
角球传到门前被后卫解围！,下半场 8',1-0
萨格勒布后场抢断后反击！！,下半场 8',1-0
好在，阿森纳后卫回追很快把球阻截了，防住对手的快速反击！,下半场 9',1-0
阿森纳后场桑切斯拿球，把球分到右边路,下半场 9',1-0
阿森纳右侧张伯伦送出直塞，厄齐尔跑的稍微早了点，虽然把球打进，但进球无效！！,下半场 10',1-0
比分依然是1-0，萨格勒布主场领先,下半场 10',1-0
下半场10分钟了，场上比分没有变化,下半场 10',1-0
阿森纳虽然少一人，但他们打得很卖力！,下半场 11',1-0
场面上看不出来他们人数处于劣势,下半场 11',1-0
萨格勒布中场抢断，右边路直塞反击！,下半场 12',1-0
萨格勒布把球传到左侧，队友的射门被德布希挡出底线！角球,下半场 12',1-0
2-0！！费尔南德斯，角球发到前点，费尔南德斯头球攻门顶入近角！！,下半场 13',2-0
这下阿森纳就没办法了啊！2球落后,下半场 13',2-0
进球一瞬间，萨格勒布替补席沸腾了！,下半场 14',2-0
张伯伦右边路一路带球突破到底线，传中传出了底线！可惜,下半场 14',2-0
看台上萨格勒布球迷也是欢呼雀跃啊！,下半场 14',2-0
萨格勒布后场抢断长传反击，球被科斯切尔尼头球破坏,下半场 16',2-0
萨格勒布现在中场倒脚控制,下半场 17',2-0
阿森纳准备换人，坎贝尔准备上场了,下半场 18',2-0
这是要加强进攻吗？还是准备锻炼新人啊？,下半场 18',2-0
萨格勒布右边路配合，队友接应时手球犯规！,下半场 19',2-0
阿森纳连换3人，科奎林，坎贝尔，沃尔科特上！,下半场 19',2-0
阿特塔，张伯伦下了，还有一个人没看清楚,下半场 20',2-0
萨格勒布在禁区外绊倒了横向突破的桑切斯，任意球！,下半场 20',2-0
平托吃到一张黄牌,下半场 20',2-0
65分钟了，阿森纳依然0-2落后,下半场 21',2-0
桑切斯 任意球直接射门，绕过人墙后高出横梁,下半场 22',2-0
还有一个被换下的是吉布斯,下半场 22',2-0
萨格勒布中路拿球，分到右侧空挡,下半场 23',2-0
萨格勒布下底传中被门将直接没收,下半场 23',2-0
阿森纳把球分到右侧，坎贝尔的直塞！沃尔科特前插又越位了！,下半场 24',2-0
慢镜头看就多探出半个身子,下半场 25',2-0
对方门将刚才这次出击和沃尔科特有一个碰撞！鼻子似乎出血了,下半场 25',2-0
这一阶段阿森纳还是很努力的去进攻试图扳回比分,下半场 27',2-0
但无奈他们人数处于劣势,下半场 28',2-0
再加上对手防守阵线比较靠后，阿森纳的优势发挥不出来,下半场 28',2-0
萨格勒布换下打进第二球的费尔南德斯，换上乔里奇,下半场 29',2-0
萨格勒布现在打的很从容了，阿森纳是也是体力出现了问题,下半场 31',2-0
全队的运转没有之前那么高效了,下半场 31',2-0
厄齐尔中路突破后直塞！球被禁区线上后卫拦截,下半场 32',2-0
奥斯皮纳刚才也是出击到禁区外，和对手拼抢时把球破坏！,下半场 33',2-0
阿森纳扳回一球！！沃尔科特 2-1,下半场 34',2-1
阿森纳中场抢断后，桑切斯送出直塞！沃尔科特快速前插形成单刀，面对出击的门将推射远角得分！,下半场 34',2-1
80分钟，阿森纳将比分扳成1-2，还落后一球,下半场 35',2-1
阿森纳右侧坎贝尔拿球，转身过人后只剩！前插的德布希被阻挡，裁判没有吹罚,下半场 35',2-1
坎贝尔右侧控球，被对手拉拽，裁判依然无动于衷,下半场 36',2-1
坎贝尔右侧斜传到禁区里，沃尔科特头球没有蹭到皮球！,下半场 36',2-1
萨格勒布换人，30号罗格换下安东里奇,下半场 37',2-1
虽然阿森纳人数少一人，但他们的控球时间一样达到58%,下半场 38',2-1
阿森纳右侧过顶长传找前插的德布希，力量太大传出了底线,下半场 38',2-1
坎贝尔回追推倒了对手，犯规,下半场 39',2-1
萨格勒布任意球传到后点，接应队友头球攻门顶在了奥斯皮纳身上！,下半场 40',2-1
不过边裁示意射门队员越位在先！,下半场 40',2-1
萨格勒布中场抢断了卡索拉的球,下半场 41',2-1
萨格勒布突破到禁区外，分给右侧队友，但禁区里保利斯塔漂亮的铲断！,下半场 41',2-1
坎贝尔前场胸部停球停大了！自己回追拉倒了对手，黄牌！,下半场 42',2-1
萨格勒布用了最后一个换人名额,下半场 44',2-1
阿森纳在左侧获得任意球,下半场 44',2-1
卡索拉任意球传进禁区，前点，球被后卫头球解围,下半场 44',2-1
阿森纳中场继续吊进禁区，球被门将出击没收,下半场 45',2-1
比赛已经进入到全场伤停补时阶段,下半场 46',2-1
罗格后场防守动作比较大吃到黄牌,下半场 46',2-1
全场补时有5分钟！,下半场 46',2-1
厄齐尔任意球传进禁区，德布希拼抢时有一个抱人的动作，犯规！,下半场 46',2-1
阿森纳现在需要加快进攻节奏啊,下半场 47',2-1
萨格勒布并没有全部退守，他们前场就展开逼抢,下半场 48',2-1
桑切斯左边路突破，球被对手铲出底线，角球,下半场 48',2-1
战术角球，桑切斯传球到门前，保利斯塔头球攻门高出横梁,下半场 48',2-1
补时已经过了3分钟了,下半场 48',2-1
德布希在后场右边路带球突破，球被后卫捅走,下半场 49',2-1
坎贝尔中场防守从身后踢人犯规！逃过黄牌啊！,下半场 49',2-1
萨格勒布右边路反击，传中到门前，对方单刀射门被出击的奥斯皮纳扑出！,下半场 50',2-1
全场比赛结束，最终阿森纳客场1-2败给了萨格勒布！欧冠开门黑！,完赛,2-1
萨格勒布也是取得他们欧冠正赛第一胜！,完赛,2-1
好了，今天这场比赛的直播就为大家介绍到这里了，感谢大家的观看，下次直播再见,完赛,2-1
