欢迎来到精彩的新浪15赛季中超联赛直播室！,未赛,0-0
经过两周的休赛期后，中超于本周末重燃战火,未赛,0-0
本场为大家带来的是第25轮，贵州人和主场迎战上海申花的比赛直播,未赛,0-0
在间歇期前的第24轮比赛中，贵州1-2不敌杭州绿城，遭遇足协杯和联赛的两连败,未赛,0-0
不过相比于上半赛季的颓势，宫磊重新入主之后的贵州找回了赢球的感觉,未赛,0-0
申花在间歇期前与上港连战两场，联赛中1-2不敌对手，登巴巴的缺阵影响很大,未赛,0-0
申花训练,未赛,0-0
不过此战登巴巴将解禁复出，成为对贵州后防线的一大考验,未赛,0-0
两队在上半程的交锋中，申花主场被贵州1-1逼平,未赛,0-0
新浪网友们大家晚上好！,未赛,0-0
稍后由奥特曼为大家带来贵州人和vs上海申花的比赛直播,未赛,0-0
两队首发已经出炉，我们马上来看一下,未赛,0-0
贵州人和首发：12-张烈、3-张成林、4-于睿、5-刘洋、27-朴柱成、8-陈昌源、22-王刚、15-陈杰、21-萨利霍维奇、30-冯仁亮、9-米西莫维奇,未赛,0-0
替补：1-徐佳敏、11-桑托斯、13-史亮、14-杨一虎、17-尤里、31-饶伟辉、35-唐渊,未赛,0-0
上海申花首发：1-耿晓峰、2-熊飞、3-李建滨、23-柏佳俊、8-张璐、20-王赟、10-莫雷诺、14-西索科、28-曹赟定、9-登巴巴、17-卡希尔,未赛,0-0
替补：4-帕帕多普洛斯、5-王寿挺、11-吕征、18-高迪、21-姜坤、22-邱盛炯、30-陶金,未赛,0-0
本场比赛主裁判：马宁,未赛,0-0
两队球员已经入场,未赛,0-0
上半场比赛开始！,上半场 1',0-0
申花率先中圈开球,上半场 1',0-0
中场申花队员脚下打滑，陈杰右路反击,上半场 2',0-0
陈杰下底，球带出了底线,上半场 2',0-0
柏佳俊左路拦截对手长传，解围出边线,上半场 2',0-0
登巴巴回撤中场，头球回点,上半场 3',0-0
曹赟定中场接应，停球出了边线,上半场 3',0-0
米西莫维奇中场分右路,上半场 3',0-0
陈昌源带球调整好，传中去后点,上半场 4',0-0
冯仁亮左路突破，球出了底线,上半场 4',0-0
西索科中场拦截，莫雷诺分右路,上半场 4',0-0
张璐右路的传中，球到后点被门将拿到,上半场 5',0-0
刘洋后场长传，米西莫维奇插上越位了,上半场 5',0-0
卡希尔前场接应高球争顶，扛倒了张成林,上半场 6',0-0
张烈高球到前场,上半场 7',0-0
冯仁亮左边路接应，越位在先,上半场 7',0-0
张璐右路出球被断,上半场 8',0-0
王赟回防包夹，断了冯仁亮的脚下球,上半场 8',0-0
莫雷诺斜传左路，曹赟定领球进禁区,上半场 9',0-0
登巴巴背身拿球，把球敲出去,上半场 9',0-0
王刚右路断球，带球出了边线,上半场 9',0-0
王赟左侧肋部塞球，登巴巴远射被封堵,上半场 10',0-0
登巴巴左路下底强行突破，陈昌源先解围,上半场 11',0-0
西索科中场拿球转身，交给莫雷诺,上半场 12',0-0
王刚停球过大，直接回到后场申花队员脚下,上半场 12',0-0
莫雷诺中路斜传禁区，登巴巴单刀射后角打偏！,上半场 13',0-0
陈昌源拿球回敲后场,上半场 14',0-0
后场直接斜传转移左路，冯仁亮还是先越位了,上半场 14',0-0
朴柱成后场大脚，第一点被熊飞顶出去,上半场 15',0-0
萨利霍维奇中路拿球，给右路队友，给到了身后,上半场 15',0-0
米西莫维奇右路沿边路下底，传中被耿晓峰没收,上半场 16',0-0
莫雷诺长传禁区前，张成林头球解围,上半场 16',0-0
陈昌源右路内切，再向王刚这边送，依旧给出边线,上半场 17',0-0
莫雷诺中场带球被绊倒,上半场 17',0-0
张璐右路高速下底传中，外围曹赟定禁区前接应,上半场 18',0-0
莫雷诺套上，禁区内接球斜射打偏！,上半场 18',0-0
王刚右路超车赶在柏佳俊前接应，回敲禁区前,上半场 19',0-0
米西莫维奇低射被耿晓峰扑住,上半场 19',0-0
王赟斜传左路，传大了给出边线,上半场 20',0-0
于睿右路拿球，解围直接踢出了边线,上半场 21',0-0
莫雷诺送身后球，力量给大出底线,上半场 21',0-0
申花赛前众志成城,上半场 21',0-0
张成林中场顶防登巴巴被吹了犯规,上半场 22',0-0
任意球去后点，卡希尔垫传出了底线,上半场 22',0-0
卡希尔回撤中场拿球,上半场 24',0-0
于睿后场的解围打在曹赟定身上出边线,上半场 24',0-0
柏佳俊边线球直接抛到了对手脚下,上半场 25',0-0
萨利霍维奇直塞禁区被耿晓峰没收,上半场 25',0-0
莫雷诺左路送直塞，没有过掉铲截,上半场 25',0-0
贵州后场继续长传，还是被耿晓峰拿到,上半场 26',0-0
柏佳俊左路拿球，横敲卡希尔,上半场 26',0-0
王赟长传禁区，朴柱成头球回点门将,上半场 27',0-0
米西莫维奇肋部带球，送左路,上半场 27',0-0
冯仁亮的传中被解围,上半场 28',0-0
米西莫维奇禁区前似传似射出了底线,上半场 28',0-0
莫雷诺拉到右路接应，球被解围,上半场 30',0-0
王刚中场带球，场地湿滑，带丢了,上半场 30',0-0
柏佳俊左路拿球，西索科转移另一侧,上半场 31',0-0
申花进球了！！！,上半场 31',0-1
GIO！莫雷诺！,上半场 31',0-1
莫雷诺中路和队友2过1配合，插入禁区，面对门将一个晃动，推空门入网！,上半场 32',0-1
贵州0-1落后申花！,上半场 32',0-1
冯仁亮左路突破，传中被熊飞铲出底线，角球,上半场 33',0-1
王赟中场拼抢被吹了犯规,上半场 34',0-1
西索科中场拿球，送右路身后,上半场 35',0-1
张璐下底传中，球先出了底线,上半场 35',0-1
登巴巴中场回撤拿球，回敲,上半场 37',0-1
陈昌源斜传左路，冯仁亮突破下底,上半场 37',0-1
传中没有过掉张璐，球门球,上半场 37',0-1
萨利霍维奇中场斜传左路，直接给出了底线,上半场 39',0-1
米西莫维奇左路领球转身，球被挡出边线,上半场 40',0-1
冯仁亮左路下底传中，包抄都漏过了,上半场 40',0-1
另一侧陈昌源拿球再传，米西的头球顶偏,上半场 40',0-1
卡希尔前场争顶被吹了犯规,上半场 41',0-1
陈昌源右路拿球，没有出球机会,上半场 41',0-1
王赟禁区前防守拉人了,上半场 41',0-1
裁判黄牌警告了王赟,上半场 41',0-1
萨利霍维奇任意球直接射门打高！,上半场 42',0-1
王赟中场护球被萨利霍维奇推倒,上半场 43',0-1
柏佳俊左路传中，第一点被头球解围出去,上半场 44',0-1
张璐长传前场，没有找到队友,上半场 44',0-1
柏佳俊助攻，直塞禁区,上半场 45',0-1
申花进球了！！！,上半场 45',0-2
卡希尔！！！,上半场 45',0-2
莫雷诺禁区内接应柏佳俊的传球，横敲中路，卡希尔插上推射破门！,上半场 46',0-2
贵州0-2落后申花！,上半场 46',0-2
贵州斜传右路，柏佳俊头球回点门将,上半场 46',0-2
上半场补时1分钟,上半场 47',0-2
西索科回传失误,上半场 47',0-2
米西莫维奇进禁区，没有过掉李建滨,上半场 47',0-2
上半场比赛结束！,上半场 47',0-2
贵州0-2落后申花进入中场休息,中场,0-2
申花外援群,中场,0-2
贵州上半场完全没有有效的进攻战术,中场,0-2
下半场他们肯定会通过换人调整来改变场上局面,中场,0-2
莫雷诺上半场一传一射，帮助申花两球领先,中场,0-2
下半场比赛开始！,下半场 1',0-2
贵州中圈开球,下半场 1',0-2
王刚右路突破被柏佳俊放倒,下半场 1',0-2
裁判黄牌警告了柏佳俊,下半场 1',0-2
萨利霍维奇任意球开前点，被解围,下半场 2',0-2
贵州半场用桑托斯换下了陈杰,下半场 3',0-2
冯仁亮禁区左侧接应斜传，停球抽射被耿晓峰扑出,下半场 3',0-2
角球开后点被解围,下半场 4',0-2
莫雷诺后场沿边路带球，连过4人一路下底,下半场 4',0-2
传中拿到一个角球，大半场的奔袭,下半场 4',0-2
王赟角球去前点被解围,下半场 5',0-2
萨利霍维奇转移另一侧，米西拿球,下半场 5',0-2
米西传中被耿晓峰出击解围,下半场 5',0-2
萨利霍维奇右路的传球去后点，耿晓峰把球击出,下半场 6',0-2
陈昌源右路传中，桑托斯没有顶上,下半场 6',0-2
后点米西莫维奇扣球，射门打高,下半场 6',0-2
下半场开局阶段，贵州打得非常积极,下半场 7',0-2
王刚右路突破，柏佳俊拉人，有利球,下半场 7',0-2
马宁没有吹,下半场 7',0-2
米西莫维奇中路突破，没有过去,下半场 8',0-2
莫雷诺拿球，陈昌源上抢犯规,下半场 8',0-2
申花后场起高球，头球争顶到禁区前,下半场 9',0-2
莫雷诺跟上停球，凌空抽射打高！,下半场 9',0-2
朴柱成左路起球，后点柏佳俊解围,下半场 10',0-2
萨利霍维奇斜传左路，王刚拿球继续突柏佳俊,下半场 11',0-2
柏佳俊卡住身位，把球拿下,下半场 11',0-2
冯仁亮左路突破直塞，桑托斯拿到一个角球,下半场 11',0-2
米西莫维奇角球开中路，于睿头球顶高,下半场 12',0-2
耿晓峰球门球直接开给了张烈,下半场 12',0-2
陈昌源斜传前场，李建滨头球解围,下半场 13',0-2
王刚突破没有过掉关门夹击,下半场 13',0-2
曹赟定左路插上，朴柱成补防铲截,下半场 13',0-2
米西莫维奇直塞左路身后，冯仁亮越位在先,下半场 14',0-2
虽然桑托斯中路跟上破门，但是传球的冯仁亮先越位,下半场 14',0-2
耿晓峰开后场任意球，被裁判黄牌警告，拖延时间,下半场 15',0-2
张成林头球回传门将力量稍小，登巴巴插上,下半场 16',0-2
登巴巴面对门将的挑射打高了,下半场 16',0-2
米西莫维奇左路传中，柏佳俊回收破坏,下半场 16',0-2
王刚铲截柏佳俊犯规了,下半场 16',0-2
西索科中场拿球，给莫雷诺,下半场 17',0-2
冯仁亮左边路拿球，张璐把球破坏出边线,下半场 18',0-2
桑托斯中路倚住中卫，米西跟上的远射打偏,下半场 18',0-2
柏佳俊拼抢,下半场 18',0-2
王赟中场转移右路，莫雷诺不停球直接推身后,下半场 19',0-2
接应的登巴巴越位在先,下半场 20',0-2
登巴巴角旗区护球，于睿把球断走,下半场 20',0-2
申花中场两名队友自己撞在一起,下半场 21',0-2
贵州没有停止进攻,下半场 21',0-2
传中被解围出去，裁判吹停比赛,下半场 21',0-2
张璐和卡希尔两人头碰头正面撞在一起,下半场 22',0-2
张璐应该是被撞开了眉骨，头破血流,下半场 23',0-2
卡希尔没有外伤，但是也撞得不轻,下半场 24',0-2
申花换人，王寿挺换下张璐，帕帕多普洛斯换下卡希尔,下半场 24',0-2
无妄之灾，申花连换两人,下半场 25',0-2
冯仁亮左路传中，王刚禁区线上的头球顶偏,下半场 25',0-2
莫雷诺右路带球，出了边线,下半场 26',0-2
陈昌源右路传中，李建滨飞身解围,下半场 27',0-2
米西莫维奇分右路队友,下半场 27',0-2
桑托斯前点接应右路传中，前点射门被耿晓峰挡出，角球,下半场 28',0-2
角球去后点，摆渡之后被解围,下半场 28',0-2
曹赟定中场拿球被米西绊倒,下半场 28',0-2
王刚右路下底，传中被挡出,下半场 29',0-2
萨利霍维奇斜传右路身后，王刚越位了,下半场 30',0-2
马宁出示黄牌,下半场 30',0-2
王赟左路起球，没有过顶,下半场 31',0-2
王刚右路传中被柏佳俊挡出边线,下半场 31',0-2
贵州换人，萨利霍维奇被尤里换下,下半场 31',0-2
贵州进球了！！！,下半场 32',1-2
桑托斯！！！,下半场 32',1-2
米西莫维奇右路送过顶球到小禁区，桑托斯插上垫射破门！,下半场 32',1-2
贵州1-2落后申花,下半场 32',1-2
贵州中场断球,下半场 33',1-2
李建滨反抢，桑托斯蹬踏,下半场 33',1-2
马宁直接红牌罚下桑托斯！,下半场 33',1-2
悲喜两重天！,下半场 34',1-2
桑托斯进球之后马上被罚下,下半场 34',1-2
虽然贵州球员包围了马宁，但是红牌无法收回,下半场 34',1-2
登巴巴禁区前回敲，王赟搓射打偏！,下半场 35',1-2
现场雨势非常大,下半场 35',1-2
角球到禁区外，西索科远射打偏，还是角球,下半场 36',1-2
外围再把球做入禁区，曹赟定没打上,下半场 36',1-2
冯仁亮右路起球，李建滨头球解围,下半场 36',1-2
莫雷诺后场断球，登巴巴被背后放倒,下半场 37',1-2
马宁示意比赛继续,下半场 37',1-2
莫雷诺被拉倒，比赛继续,下半场 37',1-2
李建滨上抢犯规，马宁终于吹停比赛,下半场 38',1-2
米西任意球到门前，张成林插上头球顶高,下半场 38',1-2
登巴巴控球,下半场 38',1-2
西索科中场拼抢犯规,下半场 39',1-2
米西这次任意球落点不佳,下半场 39',1-2
申花反击，王赟被米西从侧后铲倒,下半场 39',1-2
马宁没有吹犯规，认为先铲到球,下半场 40',1-2
边线球开出，登巴巴传中，曹赟定没有打上,下半场 41',1-2
莫雷诺中场拦截,下半场 41',1-2
申花中场连续丢球,下半场 42',1-2
莫雷诺送身后球，没有过掉拦截,下半场 42',1-2
贵州换人，冯仁亮被杨一虎换下,下半场 43',1-2
曹赟定左路拿球，没有过掉张成林,下半场 44',1-2
于睿上抢登巴巴背后犯规,下半场 44',1-2
马宁口头警告了于睿,下半场 44',1-2
莫雷诺右路接应斜传，越位在先,下半场 45',1-2
杨一虎左路内切，米西接应,下半场 45',1-2
米西再送直塞，杨一虎插上先被铲截,下半场 46',1-2
王刚右路背身拿球，柏佳俊被吹了犯规,下半场 46',1-2
申花换人，高迪换下曹赟定,下半场 47',1-2
比赛已经进入了伤停补时,下半场 47',1-2
伤停补时5分钟,下半场 47',1-2
米西任意球被解围出去,下半场 47',1-2
登巴巴反击，送高迪，没有拿到球,下半场 47',1-2
莫雷诺中路垫传，登巴巴越位,下半场 49',1-2
刘洋斜传右路王刚，给大了，出边线,下半场 49',1-2
朴柱成外围垫到门前，耿晓峰把球拿到,下半场 50',1-2
柏佳俊解围，贵州有角球机会,下半场 50',1-2
张烈也上来了,下半场 50',1-2
莫雷诺后场拿球反击，空门了，没有选择吊，继续带,下半场 51',1-2
带到禁区，推射被补门的后卫铲截，角球,下半场 51',1-2
角球开出,下半场 51',1-2
全场比赛结束！,下半场 51',1-2
贵州1-2不敌申花！,完赛,1-2
庆祝进球,完赛,1-2
下半场有着丰富的内容,完赛,1-2
贵州奋起反击，但最终还是没有能扳平比分,完赛,1-2
好了，本场比赛就为大家直播到这，我们下次再见！,完赛,1-2
