各位新浪网友大家好，欢迎来到新浪体育观看精彩的直播节目,未赛,0-0
本次直播给大家带来的是2015赛季中超联赛第24轮的其中一场，贵州人和主场迎战杭州绿城队的比赛,未赛,0-0
周中足协杯上人和经过点球大战被北京北控淘汰出局。人和接下来将全力在联赛中延续近6战4胜2平的反弹强势。,未赛,0-0
目前积25分的人和已排名积分榜第10位，如果能继续向上提升排名，人和从积分榜倒数第2位开始的反弹故事将更为精彩。本赛季人和前11个主场战绩为4胜3平4负。,未赛,0-0
绿城第22轮主场4-1大胜申花，但上轮客场1-2负于上港后压力又有放大，目前绿城积24分排名积分榜第12位。,未赛,0-0
本赛季绿城前11个客场战绩为2胜3平6负，问题仍集中体现在客场只打入5球的进攻火力上。,未赛,0-0
中超交锋史上人和对绿城4胜6平7负处于下风，但人和主场对绿城4胜3平1负形成优势。本赛季首回合，绿城凭借拉蒙的入球主场1-0击败人和。,未赛,0-0
双方积分仅差1分，一个第10一个第12，不过，后面有多达3支积22分的队伍在挣扎追赶,未赛,0-0
所以很明显双方都存在不小的保级压力，这场谁能获胜谁就能暂时站在一个相对安全的位置上,未赛,0-0
神奇的宫磊能否率领人和继续高奏凯歌，绿城能否在客场硬气一把？让我们一起关注,未赛,0-0
大家好，欢迎来到直播间观看精彩的中超联赛直播！,未赛,0-0
欢迎广大网友提出对于本场比赛您所感兴趣的问题，我们将挑选一些有代表性的进行解答和探讨！,未赛,0-0
双方赛前已经公布首发阵容，米西领衔人和最强阵，拉蒙PK尤里,未赛,0-0
贵州人和首发：门将：12-张烈，后卫：8-陈昌源、27-朴柱成、3-张成林 、5-刘洋；中场：31-饶伟辉、9-米西莫维奇、15-陈杰、21-萨利霍维奇、30-冯仁亮 ；前锋：17-尤里,未赛,0-0
人和替补：1-徐嘉敏、4-于睿、11-桑托斯、13-史亮、22-王刚、35-唐渊、33-朱宝杰,未赛,0-0
杭州绿城首发：门将：1-顾超，后卫：3-葛振、13-曹轩、34-斯皮拉诺维奇、22-王林，中场：14-冯刚、31-博桑季奇、18-赵宇豪、17-陈柏良、10-阿甘，前锋：9-拉蒙,未赛,0-0
绿城替补：4-臧一锋、11-谢鹏飞、12-罗竞、16-范晓冬、20-安塔尔、27-黄远东、32-吴伟,未赛,0-0
双方球员已经从球员通道内走进场地,未赛,0-0
贵州身穿主场的橙黑色间条衫，作客的绿城身穿绿色战袍,未赛,0-0
下面是奏国歌的仪式,未赛,0-0
双方的场上队长分别是曹轩和张烈,未赛,0-0
关星一声哨响，上半场比赛开始了,上半场 1',0-0
主场作战的人和率先开球，他们是从画面左侧向右侧进攻,上半场 1',0-0
反之，作客的绿城是从右侧向左侧进攻,上半场 1',0-0
人和后场把球控制下来，一记长传找右路的尤里,上半场 1',0-0
给的稍微大了一些，出了底线,上半场 1',0-0
顾超大脚开出门球,上半场 2',0-0
尤里中场争到第一点，交给米西,上半场 2',0-0
人和前场的传递被对方断下,上半场 2',0-0
人和重新组织进攻，这一次还是选择了长传,上半场 3',0-0
尤里启动早了，越位,上半场 3',0-0
右路陈柏良拿球，推进挑给拉蒙,上半场 3',0-0
拉蒙拼抢犯规,上半场 3',0-0
绿城右边路的进攻，被朴柱成断下来,上半场 4',0-0
人和就地展开进攻，饶伟辉横敲陈杰，被赵宇豪铲翻在地,上半场 5',0-0
关星本着有利进攻的原则没有吹，但萨利霍维奇看到饶伟辉一直没起来，还是把球踢出界外,上半场 5',0-0
关星叫停比赛，给赵宇豪出示了黄牌,上半场 5',0-0
冯仁亮右路拿球，回敲陈昌源,上半场 6',0-0
绿城中前场的逼抢比较凶猛,上半场 6',0-0
中路萨利霍维奇组织进攻，回敲朴柱成,上半场 7',0-0
人和连续的传递把球倒过了半场,上半场 7',0-0
左路米西的传球被赵宇豪碰出界外,上半场 7',0-0
开场以后人和还是打的比较沉稳，利用天时地利的优势牢牢控制局面,上半场 8',0-0
人和右路进攻，推进上来，交给尤里，意图太明显了,上半场 9',0-0
绿城把球断下来，沿着边路进攻,上半场 9',0-0
制造一个角球的机会,上半场 9',0-0
博桑季奇的角球，给到禁区中央,上半场 9',0-0
第一点还是人和把球解围出来,上半场 10',0-0
弧顶陈杰把球保护好，大步流星的反击机会,上半场 10',0-0
陈杰杀过半场，左路有空当，及时的分边交给朴柱成,上半场 10',0-0
朴柱成左路传中，到后点，直接飞出底线,上半场 10',0-0
陈柏良中路带球，分边给王林，王林出球失误,上半场 11',0-0
人和继续控制节奏，饶伟辉边路插上，米西虚晃一下没有给,上半场 12',0-0
米西转身之后，直塞往前面交,上半场 12',0-0
绿城的防守非常稳健，不给对手任何空间,上半场 13',0-0
阿甘回撤护球，分到博桑季奇脚下,上半场 13',0-0
冯刚在交赵宇豪，斯皮拉诺维奇也上来了,上半场 13',0-0
搓一个过顶，交到拉蒙脚下,上半场 14',0-0
拉蒙在对方的干扰下把球传出边线,上半场 14',0-0
冯刚左路带球过半场之后分到中路,上半场 15',0-0
绿城左侧交给插上的葛振,上半场 15',0-0
葛振被对方直接从脚下断球,上半场 15',0-0
人和的反击机会,上半场 15',0-0
尤里带球杀入禁区内，和曹轩有一个身体接触之后倒在地上,上半场 16',0-0
点球，主裁判吹罚了点球,上半场 16',0-0
从慢镜头来看，这个球曹轩没有明显的犯规动作,上半场 16',0-0
米西莫维奇主罚这个球,上半场 16',0-0
米西助跑，停顿一下，推射左下角，顾超虽然判断准确但没能扑到,上半场 17',1-0
这个球对于绿城士气上的打击还是不小的,上半场 17',1-0
绿城的防守一直不错，人和并不是一个很好的机会，但却创造了一个点球，顺利取得领先,上半场 18',1-0
绿城右路的直传球，给的不错，阿甘越位了半个身子,上半场 18',1-0
人和一脚长传，绿城的后卫解围后蹭出底线,上半场 19',1-0
萨利霍维奇主罚角球,上半场 19',1-0
传入禁区内，落点给的不错，但第一点还是绿城先解围,上半场 19',1-0
外围拉蒙拼抢犯规，再次给了对方一个前场定位球,上半场 20',1-0
人和任意球送入禁区，双方连续的争夺之后绿城把球解围到安全地带,上半场 20',1-0
阿甘得球，没有同伴支援，自己沿着边路带,上半场 20',1-0
阿甘左侧带到死胡同，出了边线,上半场 21',1-0
双方的比赛节奏并不快，都显得小心翼翼,上半场 21',1-0
主场作战的人和在取得领先后更是不着急了,上半场 22',1-0
曹轩左侧推进，给到葛振,上半场 22',1-0
葛振左路信心不足啊，选择转移一下,上半场 22',1-0
赵宇豪中路送过顶，给到右侧插上的王林,上半场 22',1-0
王林紧追，趁球出底线之前，横传到中路,上半场 23',1-0
张烈高高跃起把球摘下，拉蒙冲撞张烈犯规,上半场 23',1-0
冯刚外围还是选择送过顶，这一次想交给插上的陈柏良,上半场 24',1-0
还是太靠近门将，在张烈的控制范围内,上半场 24',1-0
失球后的绿城进攻渐渐多起来，不过他们本赛季客场的进球效率实在太低,上半场 25',1-0
阿甘左边路防守陈昌源撞人犯规,上半场 25',1-0
还是萨利霍维奇主罚这个球,上半场 26',1-0
萨利霍维奇传进去，落点给的非常好,上半场 26',1-0
绿城前点解围不远，尤里倒挂金钩，没有踢正部位,上半场 26',1-0
外围陈杰尝试远射，打高了,上半场 27',1-0
绿城的进攻，渗透到了禁区前沿,上半场 27',1-0
直塞给阿甘，陈昌源紧逼封堵角度,上半场 27',1-0
阿甘低球传中至门前，可惜传球的一霎那球先出了底线,上半场 28',1-0
人和后场连续的倒脚，绿城逼抢比较凶，但人和还是顺利的把球推进到前场,上半场 28',1-0
人和右路在直塞尤里，失误出了边线,上半场 29',1-0
人和继续进攻，这次走左边，冯仁亮面对王林的防守，也是没有控制好,上半场 29',1-0
博桑季奇前场的横敲，没有跟王刚形成默契,上半场 30',1-0
博桑季奇给了一个提前量，但冯刚以为他会给脚下,上半场 30',1-0
人和的反击，很流畅，前场分边到右路,上半场 31',1-0
陈昌源助攻上来，传后点，给的比较深，飞出底线,上半场 31',1-0
这个球陈昌源出脚是舒舒服服，可惜最后没有给准落点,上半场 31',1-0
阿甘前场护球能力很强，陈昌源的防守把球捅出边线,上半场 32',1-0
葛振界外球在给阿甘，陈昌源这次身后防守犯规,上半场 32',1-0
绿城一次前场左路的定位球，位置还是很好的,上半场 32',1-0
博桑季奇主罚，直接吊向小禁区,上半场 32',1-0
张烈出击把球直接摘下,上半场 33',1-0
张烈迅速的手抛球发动反击,上半场 33',1-0
禁区内人和有球员摔倒了，但主裁判没有响哨,上半场 33',1-0
关星应该不会在轻易吹点球给主队了,上半场 34',1-0
绿城边路的进攻又是出现了失误,上半场 34',1-0
葛振跟队友赶紧交流一下,上半场 34',1-0
随着主队的领先，比赛的节奏更加的慢下来,上半场 35',1-0
人和想主控这种节奏，而绿城想快也快不起来，两队大脚长传非常多,上半场 36',1-0
阿甘回撤到中场，拿球转身过渡给同伴,上半场 36',1-0
冯刚中路搓一个过顶，火候拿捏的还不错，但张烈有所防范，迅速的出击把球拿走,上半场 37',1-0
斯皮拉诺维奇后场交给赵宇豪,上半场 38',1-0
绿城中路的渗透，交到阿甘脚下,上半场 38',1-0
阿甘禁区前沿晃动摆脱之后有远射的机会,上半场 38',1-0
阿甘果断的来上一脚，想兜射一个十分角，结果打高了,上半场 39',1-0
王林右路突破，假动作骗过朴柱成,上半场 39',1-0
王林杀入禁区内，外脚背传中，被后卫挡出底线,上半场 39',1-0
绿城右路角球开进去，第一点朴柱成解围,上半场 39',1-0
绿城扳平了比分,上半场 40',1-1
澳洲中卫斯皮拉诺维奇建功,上半场 40',1-1
阿甘底线附近回敲给到王林，王林的传中，曹轩头球冲顶结果顶在斯皮拉诺维奇肩膀上，反弹进球门,上半场 41',1-1
这个突如其来的变线，也是误打误撞打进球门，张烈对这种球也是毫无办法,上半场 42',1-1
两名后卫也是角球进攻没来得及回防，反而成就了这个进球,上半场 42',1-1
左路阿甘强突，利用速度摆脱防守,上半场 42',1-1
阿甘低球横敲到门前，张烈守在前门柱，脱手，给了对方角球机会,上半场 43',1-1
绿城扳平之后一下来了精神,上半场 43',1-1
绿城的角球没能制造出威胁,上半场 43',1-1
陈昌源右边路助攻上来，自己突然选择一个内切,上半场 44',1-1
绿城猝不及防，陈昌源瞄准球门，轰一个近角，被顾超侧扑得到,上半场 44',1-1
冯仁亮边路突破，面对赵宇豪，两记单车之后，强行传中,上半场 45',1-1
绿城前点把球挡下，人和外围再送禁区,上半场 45',1-1
尤里包抄打偏了,上半场 46',1-1
上半场补时1分钟,上半场 46',1-1
上半场还是进行的比较流畅，双方都踢的很干净,上半场 46',1-1
绿城推进到中圈附近，人和全员退守半场,上半场 46',1-1
绿城没有更近一步的机会，中场连续的过渡，耽误了进攻时间,上半场 47',1-1
关星哨响，上半场比赛结束了,中场,1-1
上半场战罢，双方其实都没有多少机会，但却各自攻入一球暂时1-1打平,中场,1-1
人和所获的点球颇具争议，而绿城的进球也是很幸运，曹轩顶出的球并没有奔球门方向而去，但却打在斯皮拉诺维奇身上弹入死角,中场,1-1
双方上半场的进攻都比较水，观赏性不高，这可能与他们积分榜上的境遇有关,中场,1-1
后面积22分的追兵不少，而两队目前又仅差1分，因此失利一方势必要被后面几个队伍拉进保级圈,中场,1-1
本赛季绿城客场虫的毛病一直难改，所以作客的绿城要保证不输球，这起码可以拽住人和，自己不至于被甩开，同时自己也可以涨分,中场,1-1
而人和则想趁主场之利迅速摆脱降级区的威胁，让自己站在一个相对安全的地方,中场,1-1
宫磊下半场肯定会继续加强攻势，他们两个边路也会更加的坚决,中场,1-1
绿城这边，肯定是先稳住防守等待机会，拉蒙和阿甘有改变战局的能力，混迹中超多年的他们可不是吃素的,中场,1-1
双方球员走出了休息室，下半场即将开始,中场,1-1
关星一声哨响，下半场开始,下半场 1',1-1
绿城开球随即一个长传，打到右侧,下半场 1',1-1
冯刚把球回敲到身后的博桑季奇,下半场 1',1-1
绿城沿着左路的进攻，尤里把球断下来,下半场 2',1-1
尤里转身将球交出，萨利霍维奇一个转移交到饶伟辉,下半场 2',1-1
陈杰中路直塞，力量给小了，被对方断下来,下半场 3',1-1
绿城顺势的反击，交到拉蒙,下半场 3',1-1
张成林不等拉蒙转身，直接把对方拉倒,下半场 3',1-1
人和后场长传找到右路的陈昌源,下半场 4',1-1
陈昌源插上，带球突破，自己趟大了，可惜了这次进攻机会,下半场 4',1-1
场边的球迷高声为主队加油助威，在宫磊接手后，人和确实焕然一新,下半场 5',1-1
阿甘边路的突破受到对方的重点关照,下半场 5',1-1
赵宇豪分边到右侧,下半场 5',1-1
绿城进球了，反超比分,下半场 6',1-2
进球的是拉蒙,下半场 6',1-2
绿城推进到前场，中路赵宇豪分边给到陈柏良，陈柏良低球传中，给的非常舒服，张成林防守失误，把球漏过，拉蒙在身后笑纳大礼，小禁区内推射破门,下半场 7',1-2
时间还早，留给主队的时间还是很充裕,下半场 7',1-2
今天人和在场上更具优势，但绿城就这么两次机会，全都抓住了,下半场 8',1-2
人和获得一个前场的定位球,下半场 8',1-2
萨利霍维奇德甲级别的脚法，给的不错,下半场 9',1-2
禁区中央，斯皮拉诺维奇头球解围出底线,下半场 9',1-2
人和的角球，给到禁区，又是斯皮拉诺维奇的解围,下半场 9',1-2
绿城的反击，再交右路陈柏良,下半场 9',1-2
陈柏良回敲王林，绿城不着急，把球控一下,下半场 10',1-2
博桑季奇前场一记直塞，阿甘越位了,下半场 10',1-2
慢镜头显示，这是个误判啊，防守拉蒙的陈昌源在另一侧拖在后面，阿甘并不越位,下半场 10',1-2
绿城前场抢断,下半场 11',1-2
陈柏良右侧突破，杀到底线附近，还在往里带，出了底线,下半场 11',1-2
陈柏良有些过于兴奋，前场铲抢陈杰，动作比较大,下半场 11',1-2
陈柏良吃到黄牌,下半场 11',1-2
随着客队的领先，这个比赛就变得有意思了，人和需要把节奏重新带动起来,下半场 12',1-2
人和左路冯仁亮的突破，摔倒了，裁判没吹,下半场 13',1-2
博桑季奇后场拿球，人和逼抢的非常紧,下半场 13',1-2
博桑季奇转身传球被断,下半场 13',1-2
人和的进攻也是操之过急，飞出界外,下半场 14',1-2
人和换人，王刚上，替下饶伟辉,下半场 14',1-2
葛振左路拿球，回敲给队长曹轩,下半场 14',1-2
曹轩长传到中场，被对方将球断下,下半场 15',1-2
王刚得球，转身的突破，被阿甘拉倒,下半场 15',1-2
萨利霍维奇任意球直接砸向禁区,下半场 15',1-2
顾超出击，高高跃起，把球摘下,下半场 15',1-2
冯刚中路拿球，分边到拉蒙脚下，博桑季奇上来接应,下半场 16',1-2
中路阿甘停球失误，被对方断下,下半场 16',1-2
不过球还在绿城脚下控制着，王林右路面对朴柱成,下半场 17',1-2
强力的传中，想造一个角球，没有碰到对方，直接出了底线,下半场 17',1-2
陈杰中路斜传给萨利霍维奇脚下,下半场 17',1-2
萨利霍维奇在找到他的波黑同伴,下半场 18',1-2
米西外围直接打了，角度不错，但力量不够，被顾超饿虎扑食，把球得到,下半场 18',1-2
张成林中路组织一下，分边给朴柱成,下半场 19',1-2
人和推进到前场，米西横拨给陈杰,下半场 19',1-2
绿城的防守阵型很有层次,下半场 19',1-2
人和右路找到突破口，尤里转身的直塞,下半场 19',1-2
中路冯仁亮不越位，斜插过来，稍稍慢了一步啊,下半场 20',1-2
绿城也要换人，博桑季奇下来，派上安塔尔,下半场 20',1-2
安塔尔作为亚外能攻善守，是中超的老油条了,下半场 20',1-2
米西险些破门啊，顾超立功了,下半场 21',1-2
米西禁区内得到机会，打出一记吊射，天外飞仙直奔上角而去，顾超反应迅速，退后两步，勉强托出底线,下半场 22',1-2
米西亲自主罚左路的角球,下半场 22',1-2
给到前点，朴柱成包抄抢点犯规了,下半场 22',1-2
阿甘左路的反击，制造一个角球,下半场 22',1-2
冯刚主罚，给到后点，后点的同伴在摆渡回中间，被解围出来,下半场 23',1-2
这个角球的战术绿城已经打出来了,下半场 23',1-2
陈杰分中路给到萨利霍维奇,下半场 24',1-2
人和耐心的在前场传递，朴柱成左路插上,下半场 24',1-2
朴柱成面对王林的防守，把球搓向禁区，顾超出击摘下,下半场 24',1-2
冯仁亮也错过一个机会啊,下半场 25',1-2
人和把球塞入禁区左肋，冯仁亮拿球倚住后卫，外脚背一个小角度的打门，被顾超得到,下半场 26',1-2
绿城反击，直塞给拉蒙，拉蒙有单刀的机会啊,下半场 26',1-2
拉蒙长驱直入，好在张成林速度更快，回追上来，把球捅掉,下半场 26',1-2
绿城这一波流的进攻还没有结束,下半场 27',1-2
拉蒙禁区左侧假动作连续的晃开防守，兜射一记弧线球，张烈奋力一扑，把球挡出,下半场 28',1-2
今天双方的门将表现还都是可圈可点的,下半场 28',1-2
绿城现在顶住对方一阵反扑之后，也打的越来越从容,下半场 28',1-2
贵州人和在做出调整，桑托斯替下尤里,下半场 29',1-2
王刚右路的突破，分到边路,下半场 29',1-2
陈昌源的传中，落点不够准确,下半场 29',1-2
绿城的进攻，阿甘再次掉入越位陷阱,下半场 30',1-2
王刚右侧继续利用个人的速度强吃,下半场 30',1-2
曹轩和斯皮拉诺维奇想来一个关门，把王刚挡在身后,下半场 30',1-2
王刚摔倒，主裁鸣哨，阻挡犯规,下半场 31',1-2
这个球，位置不错，绝对的射程范围内，看看米西和萨利霍维奇谁来主罚,下半场 31',1-2
萨利霍维奇直接打门，球直奔上角，但高出了一些,下半场 32',1-2
朴柱成左路45度斜吊,下半场 32',1-2
禁区内萨利霍维奇胸部一停，脚下打滑，失去重心,下半场 32',1-2
外围人和再交给右路的王刚来冲击对方,下半场 33',1-2
王刚带到底线，面对葛振的防守，成功制造一个角球,下半场 33',1-2
人和的角球打入禁区，第一点还是对方解围,下半场 34',1-2
阿甘反击，1对1面对防守，强行的一脚射门，被挡出底线,下半场 34',1-2
绿城在换人，陈柏良下场，谢鹏飞替补上来,下半场 34',1-2
绿城的角球被人和解围出来，人和有反击的机会,下半场 35',1-2
中路米西清楚的交待到右侧,下半场 35',1-2
绿城的回防也是非常迅速，及时阻挡了对方的传球,下半场 36',1-2
绿城前场获得一个定位球,下半场 36',1-2
阿甘没等裁判的指令擅自触球，有拖延时间的嫌疑，吃到黄牌,下半场 37',1-2
冯刚主罚定位球,下半场 37',1-2
送入禁区之内，人和头球解围出来,下半场 37',1-2
谢鹏飞远射，打偏,下半场 37',1-2
朱宝杰替补登场，换下陈杰，宫磊已经出完了三张牌,下半场 38',1-2
朱宝杰分边给王刚,下半场 38',1-2
人和沿着中路的进攻被安塔尔碰出底线,下半场 39',1-2
萨利霍维奇角球发到外围,下半场 39',1-2
人和禁区外在送回到萨利霍维奇脚下，萨利霍维奇顺势趟过防守，一脚打门,下半场 40',1-2
球被曹轩挡出，冯仁亮在抢，被吹犯规,下半场 40',1-2
人和形成围攻之势，冯仁亮右路的突破，再造角球,下半场 40',1-2
萨利霍维奇给到禁区后点，王林头球解围,下半场 41',1-2
外围都是人和的球员啊,下半场 41',1-2
人和继续猛攻，萨利霍维奇禁区边缘一脚势大力沉的攻门被表现神勇的顾超托出横梁,下半场 41',1-2
萨利霍维奇再次主罚右侧的角球,下半场 42',1-2
萨利霍维奇传入禁区，准确给到老乡米西脚下,下半场 42',1-2
米西面对来球，直接凌空一脚爆射，砸中横梁下沿，弹回到场地内，这脚太精彩了,下半场 42',1-2
今天运气不在人和这边啊，砸中下沿都没有进啊,下半场 43',1-2
阿甘前场孤立无援，得球后选择一个吊门，高了,下半场 43',1-2
王刚和冯仁亮有一个换位,下半场 44',1-2
王刚来到左侧，突破依然犀利,下半场 44',1-2
王刚杀入禁区，强行起脚，被奋勇堵枪眼的后卫碰出底线,下半场 44',1-2
绿城换人，臧一锋替下了冯刚,下半场 45',1-2
绿城也用完了所有换人名额,下半场 45',1-2
下半场补时4分钟,下半场 45',1-2
米西前场拼得一个定位球的机会,下半场 46',1-2
米西亲自主罚，砸向禁区内，被曹轩头球解围,下半场 46',1-2
人和中场的一个长传，禁区内两点包抄,下半场 46',1-2
顾超出击，抢在冯仁亮之前把球保住,下半场 47',1-2
人和右路再猛攻，王刚的传中，被葛振挡出底线,下半场 48',1-2
萨利霍维奇角球开进去，绿城众志成城把球解围,下半场 48',1-2
米西埋伏在弧顶，再来一记爆射,下半场 48',1-2
这一次顾超几乎鞭长莫及之时，又是斯皮拉诺维奇站出来，关键位置，头球顶出底线,下半场 49',1-2
萨利霍维奇角球开到后点,下半场 49',1-2
绿城防守把王刚漏个干净，王刚后点停好，张弓搭箭,下半场 49',1-2
王刚张弓搭箭小角度射门被顾超扑出,下半场 49',1-2
王刚再抢，打手犯规了,下半场 50',1-2
阿甘禁区前沿顶人犯规，再次给了对方一个直接任意球机会,下半场 50',1-2
这是人和最后的机会了,下半场 50',1-2
禁区外右侧30米左右区域，米西和萨利霍维奇都站在球前,下半场 50',1-2
萨利霍维奇直接射门了，角度比较正，被全场表现神勇的顾超稳稳揽入怀中,下半场 50',1-2
随着这次进攻的结束，关星也吹响了比赛结束的哨音,完赛,1-2
最终，绿城后来居上，2-1逆转取胜贵州人和，拿到宝贵的客场胜利,完赛,1-2
今天绿城在进攻很艰难的情况下攻入两球实属不易，但后防线上斯皮拉诺维奇和顾超的神勇发挥更是保证了最后的胜利,完赛,1-2
以米西和萨利霍维奇为首的攻击线给绿城造成了非常大的压力，尤其是最后阶段，狂轰滥炸让客队难以喘息，但最终他们还是欠缺了一点运气,完赛,1-2
本轮过后保级圈的形势依旧扑朔迷离，人和在输掉本场之后保级压力骤然增加，而绿城达到27分可以稍作喘息,完赛,1-2
好了，本场比赛就为大家直播到这里，非常感谢大家的陪伴，祝大家周末愉快，我们下次直播再见！,完赛,1-2
