各位新浪网友大家好，欢迎来到新浪体育观看精彩的直播节目,未赛,0-0
本次直播给大家带来的是2015赛季中超联赛第30轮的一场焦点之战，由贵州人和主场迎战长春亚泰,未赛,0-0
这场比赛对于亚泰的意义不大，但对于人和来说将是队史上非常关键的一战,未赛,0-0
现在的形势之下，人和如果想继续留在中超就必须战胜亚泰，同时还要寄望保级对手不能拿分,未赛,0-0
重庆力帆在最后一轮联赛充当了判官的角色。对此，重庆力帆俱乐部高层也心知肚明，虽然已经保级成功，但是最后一场比赛的影响也十分重大,未赛,0-0
值得一提的是，今年的中超联赛，黔渝两地球迷之间的感情也成为了一道风景线。“西南德比”成为了最为和谐的一场德比之战,未赛,0-0
在谈到即将到来的收官之战时，重庆的球迷纷纷表达了全力迎战泰达保住贵州的愿望,未赛,0-0
半路上任的救火教练宫磊也是承受了巨大的压力，现在命运已经不能完全掌握在自己手中，他们能做的只有全力赢下亚泰，然后静候其他比赛的结果,未赛,0-0
大家好，欢迎来到直播间观看本赛季中超联赛的收官之战,未赛,0-0
欢迎广大网友提出对于本场比赛您所感兴趣的问题，我们将挑选一些有代表性的进行解答和探讨！,未赛,0-0
贵州人和首发:12-张烈；8-陈昌源、3-张成林、5-刘洋、27-朴柱成、31-饶伟辉；15-陈杰、9-米西莫维奇、21-萨利霍维奇、30-冯仁亮；11-桑托斯,未赛,0-0
人和替补名单:1-徐嘉敏、4-于睿、13-史亮、17-尤里、22-王刚、33-朱宝杰、35-唐渊,未赛,0-0
长春亚泰首发:1-吴亚轲；16-蒋哲、5-伊斯梅洛夫、15-孙捷、23-张笑飞；24-阎峰、6-裴帅、32-李光、31-马祖、10-胡斯蒂；9-莫雷罗,未赛,0-0
亚泰替补名单:30-祎凡、7-韩德明、14-邵帅、17-马晓磊、20-何超、22-李尚、25-阿克斯,未赛,0-0
双方均遣上最强阵容，但亚泰这边左路天尊杜震宇累积黄牌停赛无法出战,未赛,0-0
提前完成保级任务的亚泰此战投入态度很值得关注，人和上轮赢球续命，但此战有可能赢球降级,未赛,0-0
人和本赛季主场战绩为4胜3平7负，亚泰客场战绩为2胜7平5负。,未赛,0-0
中超交锋史上，人和对亚泰4胜7平8负处于下风，人和主场对亚泰3胜3平3负形成均势。本赛季首回合，亚泰主场2-1战胜人和。,未赛,0-0
主裁判一声哨响，上半场比赛开始了,上半场,0-0
人和身穿传统的橙色球衣，亚泰这是一身白色战袍,上半场 1',0-0
主场作战的人和从左侧向右侧进攻，亚泰反之,上半场 1',0-0
蒋哲右边路的界外球，直接扔给了对手,上半场 2',0-0
刘洋向前推进，把球交给左路冯仁亮,上半场 2',0-0
冯仁亮也是短暂的租借过亚泰，是亚泰的旧将,上半场 2',0-0
饶伟辉中场交给米西，米西右路的直塞,上半场 3',0-0
张笑非把球拦截,上半场 3',0-0
左路李光沿着边路往前带,上半场 4',0-0
李光的传球被对方挡出边线,上半场 4',0-0
人和中场传控，萨利霍维奇斜吊禁区,上半场 4',0-0
后点没人包抄，吴亚轲出击把球没收,上半场 5',0-0
据最新战报，力帆主场已经0-2落后于天津泰达。。开场仅仅5分钟,上半场 5',0-0
这样的比分太令人惊讶了，这样的比分就是要判人和的死刑啊,上半场 6',0-0
人和前场的定位球机会,上半场 6',0-0
大脚开入禁区之内，人丛中进攻队员争到了第一点，把球顶向球门,上半场 6',0-0
球速不快，吴亚轲倒地把球没收,上半场 7',0-0
泰达那边的比分有错误，泰达是1-0领先力帆，泰达第二个球被吹无效。。。1-0,上半场 7',0-0
人和左路角球，没有造成威胁,上半场 8',0-0
陈昌源右路传递，要交给冯仁亮，没有塞过去,上半场 8',0-0
亚泰后场控制，伊斯梅洛夫交给左侧的胡斯蒂,上半场 9',0-0
胡斯蒂起长传球，给的比较大,上半场 9',0-0
直接给到了张烈面前,上半场 9',0-0
胡斯蒂中路盘带，李光上前接应,上半场 10',0-0
陈杰阻挡犯规了,上半场 10',0-0
胡斯蒂定位球选择直接冲吊到禁区，直接飞出底线,上半场 10',0-0
今天胡斯蒂的脚风不太顺，几次长传都给的比较大,上半场 11',0-0
裴帅中路横敲，人和前场的抢断非常积极,上半场 11',0-0
另外的一场比赛再次传来进球消息，力帆1-1扳平了泰达。人和的机会来了,上半场 12',0-0
开场仅仅10几分钟，人和的命运犹如过山车一般。但他们首先要做好自己,上半场 13',0-0
人和进球了,上半场 14',1-0
来自外援桑托斯,上半场 14',1-0
陈昌源右路助攻上来，亚泰边路防守漏洞很大，陈昌源从容传中，前点冯仁亮冲顶未果，后点桑托斯凌空垫射，用护腿板把球挡入大门,上半场 15',1-0
按照目前各场的比分来看，人和超过泰达逃离降级区，但比赛还远远没有结束,上半场 16',1-0
胡斯蒂左路和莫雷罗二过一的配合,上半场 17',1-0
又是陈杰防守拉人犯规了,上半场 17',1-0
前场位置不错的定位球，还是交给胡斯蒂主罚,上半场 17',1-0
胡斯蒂圆月弯刀，给入禁区，还是给的比较大，太靠近张烈,上半场 17',1-0
伊斯梅洛夫左路分给张笑非，裴帅过来接应,上半场 19',1-0
裴帅控球险些被对方抢断,上半场 19',1-0
萨利霍维奇和米西莫维奇在前场非常努力的夹抢造成亚泰的失误,上半场 20',1-0
张笑非左路的斜传，想交给李光，直接出了边线,上半场 20',1-0
人和在取得一个进球之后，场面平稳了一些，早早进球对于人和球员的心态来说，很重要,上半场 21',1-0
朴柱成左路长传偏出边线,上半场 21',1-0
亚泰后场简单的倒脚之后还是选择直接的长传球,上半场 21',1-0
马祖禁区内越位在先，掉入了对方越位陷阱,上半场 22',1-0
人和前场的抢断，非常好的反击机会，3打2呀,上半场 22',1-0
人和痛失了这次扩大比分的机会,上半场 23',1-0
人和前场3打2，萨利霍维奇中路斜塞，桑托斯禁区内形成单刀射门，被出击的吴亚轲挡出,上半场 24',1-0
禁区内人和的球员在补射空门，被孙捷奋力挡出,上半场 24',1-0
人和左路的传中，饶伟辉把球给到前点，桑托斯甩头攻门，高了,上半场 24',1-0
李光防守动作比较大，被主裁黄牌警告,上半场 25',1-0
人和右路再次得到一个角球机会,上半场 25',1-0
人和这阵子形成围攻了,上半场 26',1-0
人和的角球送入禁区中央，伊斯梅洛夫率先解围,上半场 26',1-0
另外一场事关保级走势的比赛，辽宁客场1-0领先争冠的上港,上半场 29',0-0
这样的比分对于人和来说，是非常好的消息。一旦辽宁输球，那么泰达打平就能保级了那样对人和不利,上半场 29',0-0
亚泰的进攻，阎峰横敲给中路,上半场 30',1-0
裴帅跟进的凌空远射，打飞了,上半场 30',1-0
人和前场定位球，萨利霍维奇主罚,上半场 30',1-0
本赛季双方首回合较量中，萨利霍维奇曾经有过一脚技惊四座的任意球破门,上半场 31',1-0
萨利霍维奇定位球直接大范围转移到左侧,上半场 31',1-0
饶伟辉斜传禁区，被对方挡出,上半场 31',1-0
亚泰左路获得角球,上半场 32',1-0
胡斯蒂主罚，这一次传的不错,上半场 32',1-0
莫雷罗中路甩开防守，鱼跃冲顶，偏出右门柱,上半场 32',1-0
桑托斯前场一捅，从人缝中把球传出,上半场 33',1-0
冯仁亮拍马赶到，可惜越位在先,上半场 33',1-0
本场比赛虽然波澜不惊，比分也完全在意料之中，但其他各场踢的却是风生水起呀，不少场次比分让人意外,上半场 35',1-0
亚泰的反击，给到右路找马祖这点,上半场 35',1-0
马祖下底，速度很快，一记传中给到后点,上半场 35',1-0
中路的刘洋顶了一下，但没有解围远,上半场 35',1-0
莫雷罗禁区左侧小角度的倒钩射门，稍稍偏出,上半场 36',1-0
这个球也是吓出张烈一身冷汗啊，好危险,上半场 36',1-0
其他场次又有变化，绿城1-0申鑫，上港1-1辽宁，人和要祈祷辽宁别输球,上半场 38',1-0
冯仁亮左路拿球，反击速度很快,上半场 38',1-0
冯仁亮内切之后选择了自己打远射，力量很足，可惜偏了一些,上半场 39',1-0
陈昌源右翼助攻上来，把球交给桑托斯,上半场 42',1-0
桑托斯右翼拿球，被追防回来的胡斯蒂从身后拉倒,上半场 42',1-0
亚泰后场断球打反击,上半场 42',1-0
左路胡斯蒂速度很快，下底传中,上半场 43',1-0
中间马祖包抄，但被朴柱成回防先蹭了一下,上半场 43',1-0
右翼亚泰的球权还在，蒋哲选择远射，偏出,上半场 43',1-0
亚泰又是一次冲吊，到禁区内，莫雷罗夹在两名中卫之间勉强争到,上半场 44',1-0
莫雷罗的头球偏出球门,上半场 44',1-0
这一阵亚泰的进攻逐渐找到感觉,上半场 45',1-0
又是左路的胡斯蒂，一记斜传,上半场 45',1-0
禁区前沿莫雷罗把球控制下来,上半场 45',1-0
莫雷罗挑给右路的马祖,上半场 45',1-0
马祖传中，第一下被挡出，在传，拉人犯规在先了,上半场 46',1-0
上半场补时1分钟,上半场 46',1-0
范崎刚刚举起补时的牌子，人和这边就又有入球,上半场 46',2-0
张成林小角度精彩的暴力抽射，扩大战果,上半场 47',2-0
人和禁区前沿的挑传，本来亚泰的后卫已经卡住了位置，眼看这次进攻失去威胁，张成林趁后卫大意突然从外线超车绕进去，左侧小角度的凌空爆杆，攻入上角,上半场 48',2-0
亚泰开球之后主裁判吹响了半场结束的哨音,中场,2-0
随着张成林的压哨进球，人和打出了完美的上半场，暂时2-0领先亚泰,中场,2-0
另外几场比赛中，上港1-1辽宁，力帆1-1泰达，按照这个比分人和将力压泰达保级成功,中场,2-0
忽然发现，保级判官既不是力帆也不是亚泰，而是辽足啊。辽足输不输，对泰达和人和的走势起到很大作用,中场,2-0
亚泰今天的进攻端问题很大，显得非常凌乱。有点打到哪算哪的感觉,中场,2-0
相反，对于人和来说，他们今天的目标非常明确，踢的也非常清晰。2-0的比分是对他们拼搏努力的最好回报,中场,2-0
亚泰主帅马里奥托特最近两场启用裴帅来打前腰，从效果上看非常不理想。防守见长的裴帅还是应该回到擅长的后腰位置,中场,2-0
有球迷提醒了我，半场结束前上港已经2-1超出了辽足。这样的话，现在暂时3队同积31分，那么人和降级,中场,2-0
人和的球迷，期待力帆主场斩落泰达吧,中场,2-0
下半场比赛开始了,下半场 1',2-0
亚泰迅速做出变化，韩德明和阿克斯同时上阵，换下了胡斯蒂，另外一个换下的是谁暂时没有看清楚,下半场 2',2-0
人和一上来就先声夺人，一脚远射，敲山震虎,下半场 2',2-0
人和右翼的进攻,下半场 2',2-0
米西的直塞给的到位，桑托斯禁区内斜射，被吴亚轲挡出,下半场 3',2-0
亚泰换下的另外一名球员是李光,下半场 5',2-0
李光和胡斯蒂下来，阿克斯和韩德明上，亚泰进攻的信号非常明显,下半场 6',2-0
萨利霍维奇中场拿球，莫雷罗放铲犯规了,下半场 6',2-0
马祖后场胸部一停，在交给裴帅，两人失误了,下半场 7',2-0
人和现在打的非常从容,下半场 7',2-0
左路饶伟辉助攻到前场，传中比较靠外,下半场 8',2-0
张成林外围一脚超远距离射门，打飞了,下半场 8',2-0
亚泰扳回一球,下半场 8',2-1
马祖一脚似传似射，球诡异的打进了,下半场 9',2-1
马祖右侧面对防守球员，一脚低传，球诡异的直钻前门柱，张烈准备不足，从手边划过，钻入网窝,下半场 10',2-1
这个球马祖自己都没有想到啊，失球后的人和必须再次紧张起来了,下半场 10',2-1
米西前场右路的突破获得一个定位球机会,下半场 11',2-1
米西亲自主罚,下半场 11',2-1
球打入禁区之内，太靠近门将了，被吴亚轲没收,下半场 11',2-1
人和禁区前沿的渗透，球被挡出,下半场 12',2-1
萨利霍维奇顺势来一脚，打高了,下半场 12',2-1
桑托斯前场护球，横传给插上的饶伟辉,下半场 12',2-1
萨利霍维奇左路交给冯仁亮,下半场 12',2-1
冯仁亮背身拿球，蒋哲把球挡出边线,下半场 13',2-1
人和的球还是交给冯仁亮,下半场 13',2-1
冯仁亮单挑蒋哲，强突造成角球,下半场 14',2-1
米西角球直接送入禁区中央，前点被顶出,下半场 14',2-1
米西顺势在传一次，后点还是亚泰的球员先解围出,下半场 14',2-1
亚泰左路进攻，连续的传递,下半场 15',2-1
朴柱成把韩德明的脚下球捅出边线,下半场 15',2-1
阎峰受伤倒地，刚才和陈昌源无球的身体接触,下半场 15',2-1
绿城那边已经把申鑫打花了，4-1了。现在降级的悬念就在人和与泰达之间了,下半场 16',2-1
阎峰中场组织一下，横拨给阿克斯,下半场 16',2-1
阿克斯直塞到莫雷罗脚下,下半场 17',2-1
莫雷罗转身，还想继续过，没有空间了,下半场 17',2-1
莫雷罗还是属于抢点型的中锋，要是单枪匹马还是难为他了,下半场 17',2-1
人和左侧下底传中，孙捷把球顶出来,下半场 18',2-1
外围米西的凌空射门打在后卫身上,下半场 18',2-1
莫雷罗回撤接应，自己沿边线进攻,下半场 18',2-1
陈昌源连拉带拽没有挡住，萨利霍维奇补刀，铲翻莫雷罗,下半场 18',2-1
萨利霍维奇吃到黄牌,下半场 19',2-1
桑托斯前场拼抢，抬腿过高侵犯阎峰,下半场 19',2-1
饶伟辉左路交给萨利霍维奇，陈杰转移一脚,下半场 21',2-1
阎峰前场拼抢犯规,下半场 21',2-1
马祖对裁判的判罚不满，被黄牌警告,下半场 21',2-1
张成林长传到前场，蒋哲头球破坏出边线,下半场 22',2-1
人和左侧连续的传递，陈杰敲给冯仁亮，冯仁亮跑的有点过，没有把球领过去,下半场 23',2-1
莫雷罗回撤到后场，防守犯规，踢倒了饶伟辉,下半场 23',2-1
萨利霍维奇面对3名防守球员从容的突破,下半场 24',2-1
孙捷绊马索踢倒了对手,下半场 24',2-1
米西主罚定位球，给入后点,下半场 24',2-1
人和中路包抄的球员没有碰到，吴亚轲后点倒地把球得到,下半场 25',2-1
人和长传反击，桑托斯禁区线拼命追赶和出击的吴亚轲相撞,下半场 26',2-1
吴亚轲倒地前把球踢出边线，裁判响哨，吹了桑托斯撞人犯规,下半场 26',2-1
亚泰错失一次良机,下半场 26',2-1
莫雷罗禁区外一脚扫向门前，球到韩德明脚下，韩德明回做给裴帅，裴帅大力推射，高出,下半场 27',2-1
亚泰中路的渗透，马祖在给莫雷罗，后者越位了,下半场 27',2-1
亚泰持续的给出压力,下半场 28',2-1
门柱，好悬啊。来自莫雷罗,下半场 28',2-1
亚泰中路反击，韩德明和裴帅的跑位带开了两名中卫，莫雷罗自己带到禁区前沿从容起脚，球重重打在门柱上,下半场 28',2-1
阎峰和萨利霍维奇出现争执,下半场 29',2-1
两人拼抢一个五五开的球，都是倒地放铲,下半场 29',2-1
人和换人，于睿上来，换下陈杰,下半场 30',2-1
贵州的领先优势并不稳啊，一旦被亚泰扳平，那保级将彻底无望,下半场 31',2-1
冯仁亮左路进攻，内切之后的攻门,下半场 31',2-1
球是打在防守队员的头上，出了底线,下半场 31',2-1
米西左路开出角球，中间伊斯梅洛夫一蹭,下半场 32',2-1
外围张笑非铲抢踢翻刘洋,下半场 32',2-1
桑托斯禁区前沿倚住孙捷，孙捷推人犯规,下半场 33',2-1
但桑托斯倒地前有一个手球动作,下半场 33',2-1
裁判依然是坚持吹孙捷的犯规，并出示黄牌给孙捷,下半场 34',2-1
位置非常好了定位球，米西来踢,下半场 34',2-1
米西弧线球直奔近角，稍稍高出，挂在球网上面,下半场 35',2-1
比赛来到了80分钟，双方体能都有些下滑，中场脱节,下半场 35',2-1
亚泰左路的长传，给大了，韩德明努力的追，也没能得到,下半场 35',2-1
亚泰在换人，阎峰下，换上马晓磊,下半场 36',2-1
亚泰继续强攻，边路攻击手马晓磊替下防守后腰阎峰,下半场 36',2-1
张笑非左路把球交给阿克斯,下半场 36',2-1
阿克斯往前直塞，马晓磊越位,下半场 37',2-1
冯仁亮错失锁定胜局的一球,下半场 37',2-1
桑托斯前场机敏的趟过亚泰防线，禁区内横拨给后点无人盯防的冯仁亮,下半场 38',2-1
冯仁亮面对空门，小角度扫射，打飞了,下半场 38',2-1
冯仁亮这个球有点够着踢，要是能够飞身滑铲的话，可能效果更佳,下半场 39',2-1
韩德明左路突破造成张成林犯规,下半场 39',2-1
张成林吃到黄牌,下半场 39',2-1
双方第一回合的较量中，正是凭借韩德明的绝杀亚泰击败了人和,下半场 40',2-1
张笑非任意球送入禁区中央,下半场 40',2-1
莫雷罗抢得落点甩头攻门，张烈门线前把球摘下,下半场 40',2-1
阿克斯中场拼抢对萨利霍维奇犯规,下半场 40',2-1
马晓磊左路利用速度强吃米西,下半场 42',2-1
马晓磊传中给到禁区前沿，马祖的打门不知所云啊。。技术有些糙,下半场 42',2-1
比赛进入到最后阶段，2015的中超大幕就要落下，恒大已经2-0领先国安，基本卫冕成功了,下半场 43',2-1
王刚上场替下了张成林,下半场 43',2-1
泰达和力帆那边还是1-1平。这样的话，多队同积31分，贵州将会降级。,下半场 44',2-1
左路冯仁亮禁区内有机会，小角度射门，吴亚轲奋力挡出,下半场 44',2-1
下半场比赛补时3分钟,下半场 44',2-1
韩德明左路进攻，一扣，闪过王刚,下半场 45',2-1
王刚伸脚犯规,下半场 45',2-1
亚泰最后时刻左路收获了定位球的机会,下半场 45',2-1
任意球开出来，禁区内混做一团啊,下半场 46',2-1
主裁判吹了孙捷的压人犯规,下半场 46',2-1
人和用完最后一个换人名额，冯仁亮下，唐渊上,下半场 46',2-1
这是不是人和在中超赛场上的绝唱，还得看力帆的努力呀。那边一直还是1-1,下半场 47',2-1
亚泰再次获得一个前场定位球,下半场 47',2-1
亚泰绝杀进球了,下半场 47',2-2
阿克斯倒钩，天外飞仙，绝杀。送贵州人和降级,下半场 48',2-2
亚泰的任意球给入到禁区内，后点莫雷罗摆渡到门前，阿克斯精彩绝伦的倒钩，打入左上角，张烈毫无反应,下半场 48',2-2
整个贵阳奥体中心鸦雀无声，宫磊和他的助手们都已经面无表情,下半场 49',2-2
这个时间的进球宣判了人和的死刑,下半场 49',2-2
人和进攻到了右路，被对方破坏出来,下半场 50',2-2
全场比赛结束了,完赛,2-2
最终亚泰下半场连入两球，双方2-2握手言和,完赛,2-2
亚泰球员并没有表现出高兴之情，相反他们甚至安慰起了对方，亚泰助教主动来到桑托斯面前安抚他,完赛,2-2
桑托斯已经泪流满面。但这就是足球，亚泰没有放水。男人之间的一场战斗，贵州人和虽平犹荣，昂首离开中超,完赛,2-2
纵观整个赛季，人和上半程欠债太多是他们降级的主因，今天即便是拿到胜利人和也将降级，因为多队同分情况下降级的依然是人和,完赛,2-2
两年前亚泰正是凭借国安的公平竞赛精神才得以保级成功，如今亚泰继续发扬了这种精神，这是我们中超赛场所需要的,完赛,2-2
最后祝愿贵州人和能够东山再起早日回到中超赛场上来，也为亚泰今天的拼搏精神喝彩，他们用一个倒钩破门完美收官,完赛,2-2
好了，本赛季的中超联赛就为大家直播到这里，非常感谢大家一年来的陪伴，祝大家周末愉快，我们下赛季再见！,完赛,2-2
