大家好，欢迎收看新浪体育为您带来的中超第25轮 辽宁宏运VS北京国安,未赛,0-0
上轮客场0-0战平泰达后，辽足与泰达积分均为23分，分列积分榜倒数第2、3位,未赛,0-0
在急需抢分、尤其是需要争胜时遭遇国安，辽足此战的难度与压力极大,未赛,0-0
国安的抢分、争胜需求也很明显,未赛,0-0
目前少赛一场的国安积44分排名积分榜第4位，落后上港8分，落后恒大7分,未赛,0-0
国安此战以及9月16日对亚泰的补赛都要以赢球为目标，如无法做到国安就真将从榜首战团中掉队,未赛,0-0
本赛季国安客场战绩3胜6平3负，客场出战的抢分难度可以说是与辽足旗鼓相当,未赛,0-0
本赛季国安客场战绩3胜6平3负，客场出战的抢分难度可以说是与辽足旗鼓相当,未赛,0-0
国安客场对辽足4胜5平1负也形成优势,未赛,0-0
本赛季首回合较量中，国安凭借德扬的梅开二度主场2-0击败辽足,未赛,0-0
因参加国家队赛事奔波辗转，德扬此战能否出战存在疑问,未赛,0-0
目前两队首发阵容已经公布,未赛,0-0
辽宁宏运首发:1-张鹭；32-丁海峰、27-王博、5-杨善平、35-丁捷；13-埃里克、20-金泰延、26-秦升、8-张野、16-杨超声；34-邱卡,未赛,0-0
北京国安首发：22-杨智；31-赵和靖、13-徐云龙、30-雷腾龙、4-周挺；5-马季奇、16-河大成、23-陈志钊、17-巴塔拉、10-于大宝；33-克莱伯,未赛,0-0
两队球员已经入场了,未赛,0-0
上半场比赛开始！,上半场 1',0-0
首先开球的是辽宁宏运,上半场 1',0-0
宏运长传到底线,上半场 1',0-0
埃里克下底传中赢得角球机会,上半场 1',0-0
丁海峰角球送前点被杨智单拳击出,上半场 2',0-0
巴塔拉中场拿球给到边路,上半场 2',0-0
河大成的远射被后卫挡了一下,上半场 2',0-0
于大宝前场走中路被带了一下,上半场 2',0-0
背后再送直塞被封堵了,上半场 2',0-0
秦升这受伤在地,上半场 3',0-0
裁判跟秦升沟通后给了一个不要队医进场的手势,上半场 3',0-0
徐云龙中场附近控球下来稳一下,上半场 4',0-0
前场直接给到了边路来组织,上半场 4',0-0
巴塔拉前场带球被侵犯,上半场 5',0-0
任意球没有直接打禁区，而是做了一个配合,上半场 5',0-0
于大宝左路拿球没有控好,上半场 6',0-0
宏运前场转移给到了右路,上半场 7',0-0
队友边路并没有停好,上半场 7',0-0
这球也是被于大宝干扰了,上半场 7',0-0
宏运前场右路的任意球机会,上半场 7',0-0
丁海峰任意球还是打了一个配合,上半场 8',0-0
国安队这边上抢再次犯规,上半场 8',0-0
宏运的任意球只是横向平移了一下,上半场 8',0-0
任意球送禁区内被解围了,上半场 8',0-0
宏运再传禁区内，这球太靠近门将,上半场 9',0-0
国安队右路起送禁区,上半场 10',0-0
球在前点就被破坏了,上半场 10',0-0
宏运这边有机会,上半场 11',0-0
丁海峰左路起送禁区,上半场 11',0-0
宏运这边两点包抄,上半场 11',0-0
杨智这边出击将球得到,上半场 11',0-0
前点，邱卡没有处理好,上半场 11',0-0
杨超声禁区内有机会,上半场 12',0-0
转身的摆脱后打门被封住,上半场 12',0-0
后点，队友头球攻门又是被破坏,上半场 12',0-0
这段时间，宏运这边气势很盛,上半场 12',0-0
国安队将球分到右路,上半场 13',0-0
陈志钊突破下底被挡出底线,上半场 13',0-0
国安队角球送中路,上半场 13',0-0
于大宝在对方的干扰下没有形成打门,上半场 13',0-0
宏运左路拿球给到底线,上半场 15',0-0
没有机会将球回敲回去,上半场 15',0-0
宏运这边有球员受伤倒地,上半场 16',0-0
河大成前场的拼抢跟对方撞在一起,上半场 16',0-0
受伤的是杨善平,上半场 17',0-0
杨善平经过队医的查看问题不大,上半场 17',0-0
邱卡前场拿球将球回敲,上半场 17',0-0
上半场打过15分钟，辽宁宏运的机会还是比国安队多,上半场 18',0-0
宏运后场拿球横敲转移到边路,上半场 18',0-0
杨超声中场拿球被放倒,上半场 19',0-0
国安队后场控球给到边路,上半场 19',0-0
挑传送前场找克莱伯,上半场 19',0-0
这球送的不好,上半场 19',0-0
克莱伯上半场前10多分钟还没怎么看到人,上半场 19',0-0
国安队前场拼抢的时候拉人,上半场 20',0-0
周挺这边有些情况,上半场 20',0-0
今天周挺这边也是受到比较大的冲击,上半场 20',0-0
国安队右路下底,上半场 21',0-0
中路并没有碰到,上半场 21',0-0
克莱伯底线想救球，边裁这边先举旗了,上半场 21',0-0
辽宁宏运后场的横传险些被断,上半场 22',0-0
中场，国安队有一个犯规,上半场 22',0-0
雷腾龙中场上抢，膝盖顶到邱卡的腰上,上半场 23',0-0
雷腾龙这下动作也是比较危险,上半场 23',0-0
雷腾龙似乎这下被裁判掏了张黄牌，但镜头现在没有交代,上半场 23',0-0
两队在中场的拼抢也是非常的凶,上半场 24',0-0
辽宁队这边要暴击,上半场 24',0-0
辽宁队这边要保级,上半场 24',0-0
而国安队这边想要争冠,上半场 24',0-0
于大宝左路起球送禁区内,上半场 24',0-0
巴塔拉头球攻门！！,上半场 24',0-0
张鹭门线上侧扑将球拒在门线上,上半场 25',0-0
周挺拿球给到禁区前沿,上半场 26',0-0
宏运这边将球先防了下来,上半场 26',0-0
巴塔拉前场跟克莱伯做配合,上半场 26',0-0
最后宏运这边先将球解围出了底线,上半场 26',0-0
陈志钊角球送后点,上半场 27',0-0
落点给的比较高,上半场 27',0-0
辽宁队将球解围出来，反击的机会,上半场 27',0-0
结果中场的传球力量给的太小了,上半场 27',0-0
这段时间国安队逐渐将球控制下来,上半场 28',0-0
克莱伯边路跟进也是没有控好,上半场 28',0-0
辽宁队左路强突，雷腾龙滑铲将球解围出底线,上半场 29',0-0
角球送后点，王博头球点下来,上半场 30',0-0
第二点，双方拼抢都没有碰到,上半场 30',0-0
杨智这边很快将球拿到,上半场 30',0-0
陈志钊边路拿球被对方从身后放倒,上半场 30',0-0
河大成前场拿球给到巴塔拉,上半场 31',0-0
巴塔拉这边犹豫了一下被断了,上半场 31',0-0
陈志钊右路推进,上半场 31',0-0
急停后在对方干扰下自己将球碰了出去,上半场 31',0-0
国安队右路下底到禁区内,上半场 32',0-0
前点被王博解围出了边线,上半场 32',0-0
周挺拿球给了一个直线,上半场 32',0-0
于大宝底线接球回敲，失误,上半场 32',0-0
宏运中场挑传，杨智出来将球解围,上半场 32',0-0
国安队前场拿球给到边路,上半场 34',0-0
于大宝拿球给到马季奇,上半场 34',0-0
辽宁队这边已经回位了,上半场 35',0-0
传球到禁区前沿被解围,上半场 35',0-0
这球王博争顶后也是重重摔在地上,上半场 35',0-0
国安队中场给到右路,上半场 36',0-0
这球传到了队友的身后,上半场 37',0-0
国安队将球给到禁区内,上半场 38',0-0
克莱伯这边先越位了,上半场 38',0-0
国安队中场拿球挑传送边路,上半场 39',0-0
巴塔拉禁区前沿回敲，稍微失误了,上半场 39',0-0
球权还在国安队脚下,上半场 39',0-0
赵和靖左路起球送禁区,上半场 40',0-0
球在前点被对方后卫碰出底线,上半场 40',0-0
巴塔拉角球送门前,上半场 40',0-0
张鹭双拳将球击出,上半场 40',0-0
国安队再传禁区,上半场 40',0-0
第一点还是被辽宁队头球解围,上半场 40',0-0
克莱伯禁区内转身的打门被后卫挡出,上半场 42',0-0
国安队右路再传前点,上半场 42',0-0
克莱伯头球攻门稍稍高出横梁！,上半场 42',0-0
这球顶得也是很有威胁,上半场 42',0-0
力压了秦升,上半场 42',0-0
陈志钊前场送直塞到禁区内,上半场 43',0-0
克莱伯前插后打门的时候距离太近,上半场 43',0-0
也是碰到了对方腿部,上半场 43',0-0
克莱伯也是痛苦倒地,上半场 43',0-0
这球并没有犯规,上半场 43',0-0
于大宝左路过人被识破,上半场 44',0-0
马季奇中场滑铲将球铲了出去,上半场 44',0-0
巴塔拉左路拿球给禁区弧顶,上半场 44',0-0
这球传的也不好,上半场 44',0-0
上半场补时2分钟！,上半场 45',0-0
国安队后场控球下来,上半场 45',0-0
中场准备大脚被碰了一下,上半场 46',0-0
球反弹回到自己的后场,上半场 46',0-0
杨智冲出禁区将球解围,上半场 46',0-0
巴塔拉前场拿球被吹越位,上半场 47',0-0
上半场比赛结束！,中场,0-0
经过45分钟的激战，两队半场过后打成了0-0,中场,0-0
上半场比赛，邱卡这边错失一次破门的机会,中场,0-0
而巴塔拉的头球攻门也是让张鹭惊出冷汗,中场,0-0
让我们稍事休息，一会儿为您带来双方下半场的比赛,中场,0-0
让我们回到比赛现场,中场,0-0
双方下半场的比赛马上开始,中场,0-0
国安队这边有人员调整,中场,0-0
于大宝下，张稀哲上！,中场,0-0
下半场比赛开始！,下半场 1',0-0
下半场比赛由国安队开球,下半场 1',0-0
赵和靖左路带球被侵犯,下半场 1',0-0
张稀哲左路任意球送前点,下半场 2',0-0
杨善平头球顶了出来,下半场 2',0-0
国安队再传禁区内,下半场 2',0-0
边裁这边先举旗示意越位了,下半场 2',0-0
邱卡中场拿球送直塞给到杨超声,下半场 3',0-0
杨超声前插后形成单刀，但速度不够快,下半场 4',0-0
禁区线上回敲给到埃里克,下半场 4',0-0
埃里克外围打远射将球打偏,下半场 4',0-0
辽宁队右路传球送后点,下半场 4',0-0
周挺先将球解围了,下半场 4',0-0
辽宁队的下半场开局打得不错,下半场 4',0-0
宏运这边角球机会,下半场 4',0-0
角球送前点，埃里克垫射将球打偏,下半场 5',0-0
河大成前场拿球转移失误,下半场 5',0-0
辽宁队中场转移被阻断,下半场 6',0-0
巴塔拉禁区弧顶挑传送右路,下半场 7',0-0
陈志钊横敲送后点被解围,下半场 7',0-0
禁区外围，赵和靖推射一脚被后卫顶了出去,下半场 7',0-0
巴塔拉左路拿球被侵犯,下半场 7',0-0
国安队前场左路的任意球机会,下半场 7',0-0
任意球打了一个低的，球在前点被顶了出来,下半场 8',0-0
禁区外围周挺拿球再传,下半场 8',0-0
还是被碰了出去,下半场 8',0-0
马季奇中场抽射打得太正,下半场 8',0-0
周挺拿球被侵犯,下半场 10',0-0
巴塔拉左路跟队友做撞墙配合，小禁区的挑射被张鹭扑出,下半场 11',0-0
陈志钊这边再补又是被张鹭压在身下,下半场 11',0-0
这球张鹭立功了,下半场 11',0-0
埃里克前场拿球被徐云龙卡住身位,下半场 12',0-0
宏运队前场挑传失误,下半场 16',0-0
国安队换人，克莱伯下，德扬上！,下半场 17',0-0
宏运之前也有一个换人,下半场 17',0-0
辽宁宏运进球了！！！,下半场 18',1-0
金泰延的助攻,下半场 18',1-0
进球的是杨超声！！,下半场 18',1-0
金泰延左路低平球送禁区内，中路，杨超声无人看防推射将球打进！！,下半场 18',1-0
辽宁宏运换人，杨超声下，波利上！,下半场 20',1-0
邱卡拿球转移到了右路,下半场 20',1-0
队友头球点到禁区里,下半场 20',1-0
接应的队友先越位了,下半场 20',1-0
宏运这边有球员出现抽筋了,下半场 21',1-0
抽筋的是金泰延,下半场 21',1-0
陈志钊右路拿球给到周挺,下半场 22',1-0
周挺低平球横扫禁区,下半场 22',1-0
前点被对方拦截下来,下半场 22',1-0
国安队很快将球反抢回来,下半场 22',1-0
陈志钊右路起球，第一点被辽宁队顶了出来,下半场 22',1-0
周挺右路起球送禁区,下半场 23',1-0
巴塔拉甩头攻门顶得太正,下半场 23',1-0
辽宁宏运后场断球,下半场 23',1-0
邱卡带球通过中场被放倒,下半场 24',1-0
裁判这球没有吹,下半场 24',1-0
国安队左路起球送禁区,下半场 24',1-0
这球传的并不好,下半场 24',1-0
邱卡这边倒在地上,下半场 25',1-0
裁判上担架进场,下半场 25',1-0
比赛恢复进行,下半场 26',1-0
剩下的时间对国安队来说有些困难,下半场 26',1-0
德扬前场背身拿球被断,下半场 26',1-0
辽宁队中场长传打国安队身后,下半场 27',1-0
这球送的略深，杨智将球拿到,下半场 27',1-0
国安队右路起球，威胁不大,下半场 28',1-0
而德扬这边的状态也是不太好,下半场 28',1-0
赵和靖左路起球送后点,下半场 28',1-0
这球传的太大,下半场 28',1-0
国安队换人，河大成下，张池明上！,下半场 29',1-0
张池明前场拿球横向转移,下半场 30',1-0
马季奇这边拿球在寻找机会,下半场 31',1-0
张池明右路带球造成邱卡犯规,下半场 31',1-0
赵和靖左路下底直接出了底线,下半场 31',1-0
张鹭这边得到一张黄牌,下半场 32',1-0
发门球的拖延时间,下半场 32',1-0
波利前场带球连过两人后被断,下半场 33',1-0
金泰延这边再次抽筋倒地,下半场 34',1-0
担架这边进场了,下半场 34',1-0
辽宁宏运换人，金泰延下，张靖洋上！,下半场 35',1-0
国安队这边有机会,下半场 36',1-0
周挺右侧底线处理没有处理好,下半场 36',1-0
巴塔拉左路拿球给到德扬,下半场 37',1-0
德扬进到禁区里再次给到巴塔拉,下半场 37',1-0
巴塔拉接球后失去重心,下半场 37',1-0
这球秦升防的很到位,下半场 37',1-0
国安队左路起球送禁区,下半场 38',1-0
巴塔拉头球点下来，没有队友跟进,下半场 38',1-0
德扬前场拿球给到张池明,下半场 39',1-0
张池明禁区外围远射,下半场 39',1-0
球稍稍打偏了,下半场 39',1-0
周挺右路拿球回敲,下半场 41',1-0
张池明下底传中到后点,下半场 41',1-0
这球传的太靠后了,下半场 41',1-0
张池明右路起球送禁区,下半场 41',1-0
德扬头球攻门将球顶偏,下半场 41',1-0
张池明起球被拦截,下半场 42',1-0
辽宁宏运的反击机会,下半场 42',1-0
这球也是没有打起来,下半场 43',1-0
张池明右路起球送后点,下半场 44',1-0
陈志钊无人看防的情况下推射将球打高了！！,下半场 44',1-0
下半场比赛补时5分钟！,下半场 46',1-0
辽宁队前场三打三，最后自己带丢了,下半场 46',1-0
马季奇右路起球,下半场 46',1-0
中路的队友并没有拿到,下半场 47',1-0
辽宁队左路拿球被周挺解围,下半场 48',1-0
波利右路拿球到了禁区,下半场 48',1-0
这球被国安队卡住身位,下半场 48',1-0
巴塔拉前场拿球给到禁区内,下半场 49',1-0
德扬做球给到巴塔拉,下半场 49',1-0
巴塔拉低射近角被门将封住,下半场 49',1-0
国安队左路起球，前点还是没有过去,下半场 50',1-0
还有最后一分钟的时间,下半场 50',1-0
周挺右路起球还是被顶出,下半场 50',1-0
周挺再传禁区被破坏出底线,下半场 50',1-0
国安队角球的机会,下半场 50',1-0
最后的机会了,下半场 51',1-0
角球打了一个配合,下半场 51',1-0
杨智都上来了,下半场 51',1-0
边路的起球被后卫顶出,下半场 51',1-0
全场比赛结束！,完赛,1-0
最终辽宁宏运主场1-0战胜了北京国安队！,完赛,1-0
下半场比赛，辽宁宏运利用边路的反击由杨超声打入制胜一球,完赛,1-0
而国安队在输掉比赛后，基本上退出了争冠的行列,完赛,1-0
而辽宁宏运在保级的道路上也是拿到了宝贵的三分,完赛,1-0
今天的比赛就为大家解说到这里，欢迎您继续关注新浪体育为您送上的其他精彩赛事直播节目，谢谢！,完赛,1-0
