各位网友、球迷朋友，欢迎来到新浪体育收看精彩的比赛图文直播,未赛,0-0
本次直播给大家带来的是西甲第4轮，皇马主场和格拉纳达的比赛,未赛,0-0
在西甲历史上，双方共交手40场，其中皇马26胜8平6负占优,未赛,0-0
两队上次交锋是上赛季西甲第29轮，皇马主场9-1狂胜格拉纳达,未赛,0-0
本赛季西甲3轮过后，皇马2胜1平积7分排在第2位，格拉纳达1胜2负积3分排在第11位,未赛,0-0
西甲第3轮皇马6-0大胜西班牙人，C罗一人轰进5球；欧冠4-0战胜顿涅茨克矿工，C罗上演帽子戏法,未赛,0-0
4天之内的2场比赛，C罗打进8球，创造生涯新纪录，加盟皇马6年，C罗304场比赛已经打进321球,未赛,0-0
距离皇马队史第1的劳尔(741场323球)仅有2球之差，C罗只需一个帽子戏法，就能超越劳尔，加冕皇马队史第一射手王,未赛,0-0
另外C罗生涯目前合计出场749场，已经打进499球，只需再进1球，C罗就能迈入500球大关，这将是个人的又一里程碑,未赛,0-0
在周中的欧冠中，贝尔、瓦拉内和拉莫斯先后因伤被换下，加上国家队受伤的J罗和达尼洛，皇马多名主力将缺席此战,未赛,0-0
新赛季皇马3场西甲，1场欧冠，5场比赛，打进15球，更难能可贵的是0失球，此役如果延续好的表现，4场不失球将是皇马的队史新纪录,未赛,0-0
北京时间9月19日晚22点，皇马主场面对格拉纳达，C罗能否迈进生涯500球大关，皇马能否延续不失球记录，我们拭目以待！,未赛,0-0
大家好，欢迎来到新浪体育赛事直播间,未赛,0-0
即将送上的是西甲第四轮，皇马主场和格拉纳达的比赛,未赛,0-0
前三轮战罢，皇马2胜1平积7分列第2位，格拉纳达1胜2负积3分列第11位,未赛,0-0
不过在国际比赛日和周中欧冠中，皇马遭遇了伤病袭击,未赛,0-0
J罗和达尼洛国际比赛日受伤，伤停一个月；贝尔、拉莫斯周中欧冠受伤，缺席本场比赛,未赛,0-0
双方球员已经从通道缓缓走出，入场啦,未赛,0-0
我们先来看看双方的首发大名单,未赛,0-0
皇家马德里首发阵容(4-3-3)：1-纳瓦斯；15-卡瓦哈尔，2-瓦拉内，3-佩佩，12-马塞洛；19-摩德里奇，18-卢卡斯-巴斯克斯，8-克罗斯；7-C-罗纳尔多，9-本泽马，22-伊斯科,未赛,0-0
替补：卡西利亚，纳乔，卡塞米罗，科瓦契奇，阿韦罗亚，赫塞，切里舍夫,未赛,0-0
格拉纳达首发：安德鲁；多利亚、洛佩斯、隆班、比拉吉；门德斯、科尔辛、萨克塞斯、马克斯、罗西纳；阿拉比,未赛,0-0
双方联赛历史交锋42场，皇马28胜8平6负占据上风，其中主场18胜2平1负,未赛,0-0
格拉纳达上次联赛客胜皇马还是1974年,未赛,0-0
上半场比赛开始,上半场 1',0-0
白衣白裤的皇马开球，从画面的左侧向右进攻,上半场 1',0-0
卡瓦哈尔右路拿球，横传给到佩佩,上半场 1',0-0
佩佩的过顶球到前场，被格拉纳达球员控制,上半场 1',0-0
格拉纳达中场传球失误，莫德里奇抢断,上半场 2',0-0
莫德里奇分球克罗斯，克罗斯再给卡瓦哈尔,上半场 2',0-0
卡瓦哈尔面对逼抢，回传瓦拉内,上半场 2',0-0
格拉纳达前场逼得很凶啊，瓦拉内回传纳瓦斯,上半场 3',0-0
纳瓦斯不敢怠慢，大脚解围，球直接出了边线,上半场 3',0-0
克罗斯中场抢断，直塞给到伊斯科,上半场 3',0-0
伊斯科拿球转身，带过中线，斜传左侧给C罗,上半场 4',0-0
C罗启动去追，可惜球速太快，直接出了边线,上半场 4',0-0
卡瓦哈尔右路拿球，强突被马克斯从身后拉倒在地,上半场 4',0-0
格拉纳达后场抢断，左路的过顶球找阿拉比,上半场 5',0-0
佩佩上前干扰，球碰到阿拉比身上出了边线,上半场 5',0-0
皇马前场再攻，右路的传中到后点,上半场 6',0-0
伊斯科前插拿球，内切滑倒，球丢啦,上半场 6',0-0
马塞洛左路拿球，内切到禁区左上角,上半场 7',0-0
马塞洛起球到禁区，本泽马争抢头球，被吹越位在先,上半场 7',0-0
萨克塞斯右路拿球，直塞给到洛佩斯,上半场 8',0-0
洛佩斯再和门德斯做踢墙配合，可惜传球力量太大，先出了边线,上半场 8',0-0
格拉纳达前场进攻，比拉吉左路强突下底，起球到门前,上半场 9',0-0
阿拉比跟进抢点攻门，被纳瓦斯倒地封堵出来,上半场 9',0-0
这次进攻格拉纳达打的相当犀利，皇马防线遭受了一次考验,上半场 9',0-0
莫德里奇直塞找前插到禁区的本泽马,上半场 10',0-0
多利亚回防，抢在本泽马之前将球破坏,上半场 10',0-0
格拉纳达中场抢断，马克斯过顶球打身后,上半场 11',0-0
纳瓦斯出击，大禁区线上，抢在门德斯之前将球拿到,上半场 11',0-0
C罗左路和本泽马的配合,上半场 12',0-0
本泽马内切后倒三角回传找C罗，格拉纳达后卫抢先出脚解围出底线,上半场 12',0-0
皇马获得左侧角球机会，克罗斯主罚,上半场 12',0-0
战术角球开出，马塞洛左路斜传禁区，第一点被格拉纳达球员解围,上半场 12',0-0
伊斯科前场中路拿球，回传克罗斯,上半场 13',0-0
克罗斯再给莫德里奇，莫德里奇分球卡瓦哈尔,上半场 13',0-0
卡瓦哈尔再给巴斯克斯，巴斯克斯分莫德里奇,上半场 13',0-0
莫德里奇的起球，打在防守球员身上出底线,上半场 13',0-0
皇马获得右侧角球机会，第三个角球啦,上半场 14',0-0
角球开出到后点，佩佩的头球，安德鲁尽管受到干扰，但还是稳稳将球抱住,上半场 14',0-0
洛佩斯右路拿球，横切，连续挑球过掉两名上墙的皇马球员,上半场 15',0-0
洛佩斯回传球给到马克斯，马克斯再分找前插的门德斯,上半场 16',0-0
佩佩上抢将球拦截，皇马的反击,上半场 16',0-0
巴斯克斯前场中路拿球，穿裆过比拉吉，后者阻挡犯规,上半场 16',0-0
比拉吉左路拿球，人球分过想突卡瓦哈尔,上半场 17',0-0
卡瓦哈尔转身卡住身位，轻松将球控制,上半场 18',0-0
C罗前场拿球，踩单车内切，趟入禁区面对科尔辛，趟球有点大,上半场 18',0-0
和上来的科尔辛相撞，C罗倒在禁区，裁判并未理会,上半场 18',0-0
伊斯科中场拿球，分边到左路,上半场 19',0-0
马塞洛跟进故意一漏，身后的C罗控制住球权,上半场 19',0-0
C罗再给伊斯科，伊斯科给莫德里奇,上半场 19',0-0
莫德里奇的分球找巴尔克斯，裁判鸣哨，手球违例,上半场 20',0-0
皇马前场进攻，中路的直塞球给到C罗,上半场 20',0-0
C罗的外脚背抽射，太正，被安德鲁封堵,上半场 20',0-0
跟进的本泽马再补，球打飞啦,上半场 20',0-0
阿拉比抢点推射打进，不过边裁举旗，越位在先，无效！！！,上半场 21',0-0
精彩回放：格拉纳达前场中路的分边球到右路，萨克塞斯拿球趟出两步，横传球到门前，阿拉比跟进推射打进，可惜越位无效,上半场 22',0-0
慢镜回放显示，这球阿拉比的越位相当明显，边裁判断的很准确啊,上半场 22',0-0
巴斯克斯前场中路拿球，强突被回防的门德斯铲翻在地,上半场 23',0-0
皇马获得前场中路的任意球机会，C罗主罚,上半场 23',0-0
C罗任意球直接攻门，弹地后安德鲁扑球脱手,上半场 23',0-0
巴斯克斯跟进补射，打在回防的格拉纳达球员身上出底线,上半场 23',0-0
皇马第四次角球机会，再被格拉纳达球员解围出底线,上半场 24',0-0
皇马继续右侧角球，莫德里奇主罚,上半场 24',0-0
莫德里奇角球开出到后点，第一点被防守球员解围,上半场 24',0-0
伊斯科外围得球，直接远射，放了高射炮！！！,上半场 24',0-0
马克斯前场中路拿球，伊斯科回防拉人犯规,上半场 25',0-0
格拉纳达获得前场中路的任意球机会,上半场 25',0-0
任意球斜传禁区到门前，科尔辛的头球攻门，被纳瓦斯揽入怀中,上半场 26',0-0
上半场26分钟，比分依旧是0-0,上半场 26',0-0
萨克塞斯左路胸部停球，靠着马塞洛转身,上半场 27',0-0
萨克塞斯斜塞球找阿拉比，力量轻了点，球丢啦,上半场 27',0-0
萨克塞斯明显和队友的配合默契不足，需要好好磨合啊,上半场 27',0-0
巴斯克斯前场中路拿球，斜塞打身后找C罗,上半场 28',0-0
C罗拿球强突，禁区左侧横传球想给本泽马,上半场 28',0-0
可惜力量轻了点，球被回防的格拉纳达球员控制,上半场 29',0-0
好机会啊，莫德里奇的劲射，被安德鲁奋力扑出,上半场 29',0-0
莫德里奇跟进头球再补，顶高啦,上半场 29',0-0
这段时间皇马的进攻很猛，可惜只开花不结果啊,上半场 30',0-0
格拉纳达中路的直塞球打身后，纳瓦斯出击将球拿到,上半场 31',0-0
马克斯分球左路给到比拉吉,上半场 32',0-0
比拉吉左路拿球，带过中线，面对逼抢，横传中间,上半场 33',0-0
科尔辛拿球，过顶球送到禁区,上半场 33',0-0
瓦拉内头球解围，萨克塞斯得球,上半场 33',0-0
萨克塞斯右路拿球内切到禁区，马塞洛和瓦拉内的夹抢,上半场 34',0-0
萨克塞斯摔倒在禁区，裁判并未理会,上半场 34',0-0
巴斯克斯前场拿球，强突到禁区，再次摔倒，裁判依旧无标示,上半场 34',0-0
这段时间，双方在禁区内的摔倒很频繁，考验裁判的眼力啊,上半场 35',0-0
马塞洛中圈拿球，马克斯上抢，没能拉住,上半场 35',0-0
门德斯上来再抢，连拉带踢，放倒了马塞洛，犯规,上半场 36',0-0
门德斯被主裁判出示了黄牌警告！！！,上半场 36',0-0
这也是本场比赛的第一张黄牌！！！,上半场 36',0-0
卡瓦哈尔右路45度起球到禁区,上半场 36',0-0
本泽马抢点和隆班相撞，双双倒地,上半场 36',0-0
裁判吹罚了本泽马的进攻犯规,上半场 37',0-0
本泽马前场抢断，回传给到莫德里奇,上半场 37',0-0
莫德里奇分边右侧给伊斯科，伊斯科起球到门前,上半场 38',0-0
C罗跟进推射，击中右侧立柱弹出,上半场 38',0-0
不过边裁也举旗了，吹罚了C罗的越位在先,上半场 38',0-0
马克斯中场拿球，斜传球到左路想给门德斯,上半场 39',0-0
可惜门德斯根本没启动，球飞出了边线,上半场 39',0-0
格拉纳达前场抢断，马克斯的斜塞球到禁区,上半场 40',0-0
纳瓦斯出击，点球点附近用身体封堵了萨克塞斯打门,上半场 40',0-0
这球皇马中路城门打开，纳瓦斯的出击很及时啊,上半场 40',0-0
上半场40分钟，比分依旧是0-0,上半场 41',0-0
马塞洛左路拿球，短传给到C罗,上半场 41',0-0
C罗背身拿球，做墙回传给到本泽马,上半场 42',0-0
本泽马停球，再分右侧给到切入禁区的伊斯科,上半场 42',0-0
伊斯科停球，左脚直接打门，打偏,上半场 42',0-0
后点的C罗很不爽，双手一摊，示意这球传弧线过来机会更好啊,上半场 43',0-0
目前的控球率：皇马66%，格拉纳达34%,上半场 43',0-0
科尔辛中场拿球，伊斯科身后上抢，直接踢翻科尔辛,上半场 43',0-0
伊斯科被主裁判出示了黄牌警告！！！,上半场 44',0-0
格拉纳达前场进攻，罗西纳右路拿球，内切到禁区,上半场 44',0-0
瓦拉内上抢将球解围，球到了洛佩斯脚下,上半场 45',0-0
洛佩斯禁区弧顶拔脚怒射，直接打飞啦,上半场 45',0-0
马塞洛左路拿球，过顶直传找前插的本泽马,上半场 45',0-0
本泽马拿球强突下底，倒三角回传，被破坏,上半场 46',0-0
上半场没有补时，裁判鸣哨收兵，双方暂时踢成了0-0！！！,中场,0-0
皇马上半场9次射门，6次在门框范围内；格拉纳达3次射门，2次在门框范围内,中场,0-0
双方在上半场都有破门良机，可惜均未能把握，看看中场休息之后，能否有所斩获,中场,0-0
我们稍事休息，再回来继续双方的下半场比赛,中场,0-0
皇马主席弗罗伦蒂诺陪同恒大主席许家印观看比赛,中场,0-0
双方球员回来，下半场比赛马上开始,中场,0-0
下半场比赛开始,下半场 1',0-0
格拉纳达开球，从画面的左侧向右进攻,下半场 1',0-0
萨克塞斯右路拿球，强突自己将球趟出了边线,下半场 1',0-0
皇马前场进攻，C罗禁区外的远射，打偏,下半场 2',0-0
伊斯科左路拿球，横切到禁区，起脚打门，被挡出,下半场 3',0-0
比拉吉后点得球，抢在本泽马之前，解围出边线，不给角球,下半场 3',0-0
门德斯左路拿球，卡瓦哈尔回防拉人犯规,下半场 4',0-0
下半场，格拉纳达前场逼抢的很凶狠，皇马后场出球都不易啊,下半场 5',0-0
马塞洛前场左路拿球，内切后起球到后点,下半场 5',0-0
有点大，巴斯克斯奋力将球控制，横传给到切入的卡瓦哈尔,下半场 6',0-0
卡瓦哈尔再横传球到禁区弧顶，被格拉纳达球员解围,下半场 6',0-0
巴斯克斯右路拿球，再传禁区，C罗抢点打门，打飞,下半场 6',0-0
佩佩后场抢断，带过中线，分边右路给到巴斯克斯,下半场 7',0-0
巴斯克斯回传卡瓦哈尔，力量轻了，被断,下半场 7',0-0
格拉纳达的反击，中路直塞给到萨克塞斯,下半场 7',0-0
萨克塞斯趟过瓦拉内，面对出击的纳瓦斯，搓射，球打高了一点点啊,下半场 8',0-0
这球阿拉比的传球相当漂亮，可惜萨克塞斯的射门不给力哦,下半场 9',0-0
这也是格拉纳达本场比赛，目前为止最好的一次机会,下半场 9',0-0
皇马防线得注意，特别是两名中卫的协防,下半场 9',0-0
皇马终于进球啦！！！,下半场 10',1-0
本泽马的头球建功！！！,下半场 10',1-0
皇马前场快发任意球，莫德里奇给到C罗，C罗禁区弧顶斜传左侧给伊斯科，伊斯科边路起球越过三人防守，到后点，本泽马无人防守下的头球攻门，顶进近角！！！,下半场 11',1-0
下半场10分钟，皇马取得领先，这下比赛应该要好看了吧,下半场 12',1-0
马塞洛左路拿球，强突，被洛佩斯将球破坏出底线,下半场 13',1-0
皇马获得左侧角球机会，克罗斯主罚,下半场 13',1-0
角球开出到禁区中路，C罗高高跃起，甩头攻门，太正，被安德鲁拿到,下半场 14',1-0
纳瓦斯，再次立功啦！！！,下半场 14',1-0
阿拉比前场左路拿球，强突，连续过掉皇马多名防守球员,下半场 15',1-0
面对出击的纳瓦斯，右脚推射，被纳瓦斯倒地封堵出禁区,下半场 15',1-0
格拉纳达换人：11号萨克塞斯被换下，换上7号罗伯特,下半场 15',1-0
1996年出生的萨克塞斯上半场表现的很活跃，但稍显年轻，把握机会的能力差了点,下半场 16',1-0
纳瓦斯刚刚封堵了阿拉比的射门，有点受伤，队医进场检查,下半场 16',1-0
皇马换人：16号科瓦契奇上，换下8号克罗斯,下半场 17',1-0
格拉纳达前场抢断，阿拉比拿球，内切，禁区线上起脚打门，被挡出,下半场 17',1-0
莫德里奇中场拿球，给到科瓦契奇,下半场 19',1-0
科瓦契奇再给莫德里奇，莫德里奇起球给到C罗,下半场 19',1-0
C罗停球一趟，起脚远射，被安德鲁奋力封堵出底线,下半场 19',1-0
皇马再次获得了右侧角球机会，本场第7次角球,下半场 20',1-0
角球开出到禁区，瓦拉内的头球，顶高,下半场 20',1-0
本泽马头球破门,下半场 20',1-0
格拉纳达再次换人：4号弗兰-里克上，换下23号罗西纳,下半场 22',1-0
本泽马前场拿球，转身强突，被后卫破坏出底线,下半场 23',1-0
皇马再次获得左侧角球，莫德里奇主罚,下半场 23',1-0
角球开出到禁区，C罗背身停球，手球违例,下半场 23',1-0
巴斯克斯右路拿球，强突下底传中，被后卫头球解围出底线,下半场 24',1-0
皇马继续左侧角球，莫德里奇开出，直接被安德鲁出击拿到,下半场 25',1-0
巴斯克斯前场拿球，马克斯侧后方滑铲，带倒了巴斯克斯,下半场 25',1-0
马克斯被主裁判出示了黄牌警告！！！,下半场 25',1-0
伊斯科前场拿球，再将球踢走后，被洛佩斯上来踢翻在地,下半场 26',1-0
皇马再次获得前场的任意球机会,下半场 27',1-0
距离球门27米，C罗主罚,下半场 27',1-0
C罗任意球攻门，直接打在人墙上弹出,下半场 27',1-0
马塞洛再抢，没拿好，球出了底线,下半场 27',1-0
阿拉比右路拿球，强突，被瓦拉内身后出脚解围出底线,下半场 28',1-0
格拉纳达获得右侧角球机会，开出到禁区，并未形成威胁,下半场 28',1-0
门德斯右路拿球，45度斜传球到后点,下半场 29',1-0
阿拉比拿球，回带遭遇夹击，球丢啦,下半场 29',1-0
马克斯再抢，被卡瓦哈尔身后上来，直接控制,下半场 30',1-0
格拉纳达第三次换人：17号门德斯下，换上15号尼克-洛佩斯,下半场 32',1-0
同时皇马也是换人：21号切里舍夫上，换下进球的9号本泽马,下半场 32',1-0
马塞洛后场拿球，过顶找前插的切里舍夫,下半场 33',1-0
切里舍夫前插拿球，身后拉倒了回防的米格尔-洛佩斯，犯规,下半场 33',1-0
皇马后场抢断，切里舍夫拿球进攻，强突被回防科尔辛连拉带拽，放倒在地,下半场 34',1-0
科尔辛被主裁判出示了黄牌警告！！！,下半场 35',1-0
切里舍夫这次盘带，看着很犀利啊,下半场 35',1-0
伊斯科前场抢断，内切到禁区，回防的阿拉比身后放铲，伊斯科倒地,下半场 36',1-0
裁判依旧未表示，现场球迷嘘声四起,下半场 36',1-0
慢镜回放显示，阿拉比这球，再没碰到球的情况下，好像碰到了伊斯科的支撑腿,下半场 36',1-0
伊斯科中场拿球，马克斯身后上抢，拉倒了伊斯科，犯规,下半场 37',1-0
C罗前场中路拿球，转身直塞打身后,下半场 38',1-0
可惜没有队友前插，球直接出了底线,下半场 38',1-0
卡瓦哈尔右路拿球，斜传球到禁区,下半场 38',1-0
不好意思，是莫德里奇的传中,下半场 39',1-0
安德鲁出击，和队友相撞，球没能拿好,下半场 39',1-0
切里舍夫跟进，抽射，打偏了，贴着立柱出底线,下半场 40',1-0
安德鲁有点受伤，倒在禁区内，队医进场检查,下半场 40',1-0
皇马第三次换人：14号卡塞米罗上，换下22号伊斯科,下半场 40',1-0
皇马前场进攻，禁区外的直塞球到禁区找C罗,下半场 42',1-0
C罗再和多利亚相撞后倒在禁区，裁判依旧没表示，球被安德鲁控制,下半场 42',1-0
这球多利亚身后的撞人很明显啊,下半场 42',1-0
佩佩后场失误，尼克-洛佩斯抢断,下半场 43',1-0
尼克-洛佩斯拿球转身，被佩佩的反抢放倒在地,下半场 43',1-0
格拉纳达获得前场中路的任意球机会，距离球门22米,下半场 44',1-0
马克斯任意球直接攻门，打在人墙上弹回,下半场 44',1-0
卡塞米罗后场抢断，给到莫德里奇,下半场 45',1-0
莫德里奇再给前插的巴斯克斯，巴斯克斯再给C罗,下半场 45',1-0
C罗内切，面对夹击，分球右侧给巴斯克斯,下半场 45',1-0
巴斯克斯右边路起球，被回防的格拉纳达球员碰出底线,下半场 45',1-0
皇马再次获得右侧角球机会，战术角球,下半场 45',1-0
下半场比赛补时4分钟,下半场 46',1-0
卡瓦哈尔右路拿球，强突，被比拉吉碰出边线,下半场 47',1-0
一个球的优势，贝尼特斯在场边很紧张啊,下半场 48',1-0
皇马后场抢断，莫德里奇拿球反击，过了中线，分球右侧给巴斯克斯,下半场 48',1-0
巴斯克斯拿球内切，横传被断,下半场 48',1-0
比拉吉拿球反击，直传找阿拉比，卡塞米罗回防将球破坏出边线,下半场 49',1-0
补时进入最后的30秒倒计时,下半场 49',1-0
格拉纳达左路起球到禁区，纳瓦斯出击将球拿到,下半场 49',1-0
全场比赛结束，皇马主场1-0战胜格拉纳达，取得西甲的三连胜！！！,完赛,1-0
C罗虽然没能进球，延缓了打破劳尔记录和个人生涯500球的步伐，但整体表现还算不错,完赛,1-0
伊斯科助攻本泽马打进了本场比赛唯一进球，皇马也是顺利拿到3分,完赛,1-0
新赛季西甲开局4场，纳瓦斯镇守的皇马城门，一球未丢，这已经是一项新纪录，本场他的表现同样值得肯定，为其点赞！！！,完赛,1-0
好了，本场比赛的直播就到这里，谢谢大家的陪伴和观看，再见！,完赛,1-0
