新浪体育将在北京时间10月31号15：00为朋友们带来中超联赛最后一轮重庆力帆与天津泰达的比赛，欢迎大家届时收看,未赛,0-0
泰达上轮对国安取得了中超历史上京津大战的最大赢球比分，但根据保级战团整体形势，泰达只属完成了必须完成的任务，压力并没有真正缓解：领先人和2分的泰达依然是人和的追赶目标。,未赛,0-0
考虑到双方本赛季相互交锋情况完全持平、如果同分要以预备队排名分高下、泰达预备队战绩又逊色于人和，泰达此战事实上就是要以赢球为目标的。,未赛,0-0
已提前完成保级任务的力帆本赛季主场战绩4胜4平6负，泰达客场战绩3胜3平8负。本赛季首回合较量，力帆在客场3-0战胜泰达,未赛,0-0
显然，力帆此战的投入态度很值得关注，很多人都在回顾被载入中国联赛历史“暗黑档案”中所涉及的双方昔日恩怨,未赛,0-0
近日传出了力帆训练中王宝山与赛季打入15球的外援吉利奥蒂发生激烈言语冲突的情况，这可以理解为力帆内部压力不小。,未赛,0-0
各位网友大家下午好，欢迎来到新浪体育直播室，稍后将为朋友们带来中超最后一轮重庆力帆与天津泰达的比赛，欢迎收看,未赛,0-0
目前力帆9胜7平13负列联赛第10，保级已无忧，而泰达7胜9平13负列第14，本场比赛对于志在保级的泰达来说十分关键,未赛,0-0
本赛季双方首回合交手，泰达主场0-3不敌力帆，本场比赛前双方已经公布了本方的首发阵容，力帆与泰达方面都保持了和上一场联赛相同的11人首发阵容征战中超收官战,未赛,0-0
重庆力帆首发：门将：17-隋维杰　后卫：4-罗歆、15-孙继海、35-莱伊尔、30-谭望嵩　后腰： 14-阿杜阿、6-王栋　前卫：18-刘宇、11-吴庆、32-费尔南多　前锋：33-吉利奥蒂,未赛,0-0
替补名单：23-张磊、5-隋东陆、19-冯劲、21-陈雷、22-崔永哲、24-维埃拉、27-程谋义,未赛,0-0
天津泰达首发：门将：29-杨启鹏　后卫：19-白岳峰、4-卢卡斯、30-吕伟、23-聂涛　后腰：3-普拉利干吉、6-周海滨　前卫：32-瓦格纳、7-李本舰、33-周通　前锋：9-巴尔克斯,未赛,0-0
替补名单：1-宗磊、8-胡人天、13-王秋明、15-聊博超、17-惠家康、22-郭皓、31-塔纳塞,未赛,0-0
双方队员入场啦～,未赛,0-0
现场进行升国旗的仪式,未赛,0-0
执法本场比赛的主裁判是王迪,未赛,0-0
随着主裁判一声哨响，上半场比赛开始了,上半场 1',0-0
重庆力帆队控球，走右路推进球拦截回来,上半场 1',0-0
重庆力帆队长传球，走右路发动进攻,上半场 1',0-0
天津泰达队控球走右路发动进攻，赢得一个任意球机会,上半场 3',0-0
天津泰达队进球！,上半场 3',0-0
任意球开到禁区内，莫特扎抢点甩头攻门，球反弹进入远角！,上半场 4',0-0
天津泰达队取得一个梦幻般的开局呀,上半场 4',0-0
重庆力帆队控球走左路推进，球被白岳峰抢先卡位护出了边线,上半场 7',0-0
孙继海中场大脚开出任意球，直接到了对方的禁区前沿,上半场 7',0-0
刘宇的头球摆渡，第二落点被对方抢到,上半场 8',0-0
杨启鹏大脚开球门球,上半场 8',0-0
双方都是频繁的起高球！,上半场 8',0-0
费尔南多左侧拿球，传到禁区内，门前吉利奥蒂的抢点攻门没有顶上力量，被门将得到,上半场 9',0-0
吉利奥蒂前场的冲抢中犯规，背后推倒了吕伟,上半场 10',0-0
重庆力帆队进球！！,上半场 10',0-0
王栋进球！！！,上半场 11',0-0
重庆力帆队前场抢断，禁区弧顶王栋的一脚远射，洞穿了杨启鹏的十指关！,上半场 11',1-1
这比赛变得更为精彩，联赛的最后一轮将要上轮进球大战吗？,上半场 12',1-1
瓦格纳犯规，放倒了罗歆，吃到黄牌！,上半场 13',1-1
本场比赛的第一张黄牌给了瓦格纳,上半场 13',1-1
天津泰达队走左路推进，莱伊尔冲抢时犯规了,上半场 14',1-1
重庆力帆队断球，又是走中路推进，费尔南多冲撞门将了！,上半场 14',1-1
杨启鹏这次真是舍身救险呀！,上半场 14',1-1
重庆力帆队后场掷界外球，大范围转移球到左侧,上半场 17',1-1
阿杜阿的一脚直传球被对方拦截下来,上半场 17',1-1
天津泰达队右路推进，罗歆严防死守，瓦格纳的突破没有成功,上半场 17',1-1
罗歆犯规送给了天津泰达队一个禁区右侧的任意球机会,上半场 19',1-1
任意球低平球到中路，被对方抢到第一点破坏出来,上半场 19',1-1
巴尔克斯与隋维杰出现冲突,上半场 22',1-1
隋维杰被主裁判黄牌警告,上半场 22',1-1
双方的火药味很是浓呀,上半场 23',1-1
费尔南多又与莫特扎发生了争执！,上半场 25',1-1
巴尔克斯左路的打门被隋维杰托出了底线,上半场 26',1-1
角球由瓦格纳来主罚，开到前点，头球后蹭，阿杜阿解围出底线,上半场 26',1-1
瓦格纳跑到另一侧开角球,上半场 27',1-1
角球开到中路，对方抢到第一点破坏出来！,上半场 27',1-1
重庆力帆队快速打反击，斜长传转移到右侧，吴庆头球摆渡下来，吕伟大脚解围,上半场 27',1-1
重庆力帆队左路斜塞到禁区内，吉利奥蒂转身打门被杨启鹏给扑出了底线,上半场 28',1-1
重庆力帆队获得角球机会,上半场 28',1-1
角球开到禁区内，第一点被对方抢到头球顶了出来,上半场 29',1-1
重庆力帆队后场倒脚，寻找机会,上半场 29',1-1
重庆力帆队的进攻赢得一个角球机会,上半场 30',1-1
王栋来主罚，战术角球被对方识破了意图，遭到拦截,上半场 30',1-1
天津泰达队长传打身后，谭望嵩回防及时把球破坏掉,上半场 31',1-1
瓦格纳分球被费尔南多给破坏出来,上半场 31',1-1
重庆力帆队中场控球，交给王栋，转移到左侧发动进攻,上半场 32',1-1
刘宇防守犯规，天津泰达队获得前场左侧的任意球机会,上半场 34',1-1
任意球开到禁区内，第一点被对方抢到顶了出来,上半场 34',1-1
重庆力帆队控球快速打反击，费尔南多的速度真快！聂涛背后犯规,上半场 34',1-1
聂涛吃到黄牌,上半场 34',1-1
费尔南多想快速开出任意球，裁判没同意，得哨响后才行,上半场 35',1-1
任意球开到禁区内，周海滨抢点解围出来,上半场 35',1-1
比赛进行35分钟，场上比分1－1平！,上半场 36',1-1
李本舰挑传到禁区内找周通，后者摔倒在地上，裁判没吹,上半场 37',1-1
重庆力帆队快速的推进到前场，刘宇内切之后的传球被对方拦截,上半场 37',1-1
重庆力帆队前场抢断，费尔南多的打门偏了,上半场 37',1-1
周海滨被放倒，天津泰达队获得任意球机会,上半场 40',1-1
瓦格纳来主罚，开到禁区内，巴尔克斯的打门打在刘宇的身上出了底线,上半场 40',1-1
天津泰达队获得角球机会,上半场 40',1-1
瓦格纳来主罚角球，开前点，刘宇头球顶出来,上半场 41',1-1
重庆力帆队后场断球发动反击，王栋带球向前推进，转移给费尔南多，一对一没选择突破，回敲把球转移出来,上半场 42',1-1
重庆力帆队把球转移到右侧，莱伊尔的传球没有传进去,上半场 42',1-1
巴尔克斯挑传球没有过顶,上半场 42',1-1
巴尔克斯控球，莱伊尔上抢把球破坏出来,上半场 43',1-1
瓦格纳左路45度起球传中，孙继海头球顶了回来,上半场 44',1-1
这段时间双方打得都比较着急，传接球的失误有所增多,上半场 44',1-1
上半场比赛补时2分钟,上半场 45',1-1
重庆力帆队的进攻赢得一个角球机会,上半场 47',1-1
王栋来主罚角球开到禁区内，巴尔克斯头球顶了出来！,上半场 47',1-1
费尔南多的打门偏出了底线,上半场 47',1-1
周通开出球，主裁判哨响了,上半场 48',1-1
主裁判一声哨响，上半场比赛结束！,上半场 48',1-1
双方经过激励的四十五分钟的争夺各入一球，以1－1暂时战平！,中场,1-1
稍事休息共同关注双方下半场的比赛,中场,1-1
双方队员回到场上，下半场比赛马上就要打响了,中场,1-1
下半场比赛开始,下半场 1',1-1
重庆力帆队中场控球，顺传球转移到孙继海的脚下,下半场 1',1-1
重庆力帆队大范围转移球到左侧，吕伟胸部停球停大了,下半场 2',1-1
白岳峰背后推人犯规，放倒了刘宇！,下半场 3',1-1
重庆力帆队后场开任意球，直接斜长传到禁区前沿被顶了回来,下半场 4',1-1
李本舰的传球被破坏出边线，界外球掷到场内,下半场 4',1-1
天津泰达队斜塞到禁区内，孙继海补防把球护下来,下半场 5',1-1
天津泰达队中场把球拦截下来，聂涛带球交给周海滨，再转移到李本舰的脚下,下半场 5',1-1
费尔南多左路的推进赢得一个角球机会,下半场 6',1-1
角球开出来没有构成威胁,下半场 6',1-1
巴尔克斯想转移球到右侧没有成功，球被罗歆给拦截下来，反抢时犯规了,下半场 7',1-1
今天巴尔克斯被看防得很严呀～,下半场 7',1-1
周通倒三角的回传球，巴尔克斯在点球点附近的推射竟然打高了！,下半场 8',1-1
巴尔克斯浪费了一次绝佳的破门机会,下半场 8',1-1
王栋冲抢犯规放到了巴尔克斯,下半场 9',1-1
瓦格纳回敲球找巴尔克斯，球传出了边线,下半场 10',1-1
吴庆控球走右路推进，吕伟推人犯规,下半场 10',1-1
重庆力帆队获得前场右侧的任意球机会,下半场 10',1-1
任意球由王栋来主罚，开到前点吴庆没有碰到，巴尔克斯把球护下来,下半场 11',1-1
重庆力帆队中场控球，斜长传转移到左侧费尔南多的脚下,下半场 11',1-1
费尔南多面对聂涛的防守，准备回传，协防的周海滨把球护下来,下半场 12',1-1
天津泰达队左路直传球找周通，孙继海回防速度真不慢呀，抢先卡位成功,下半场 13',1-1
瓦格纳直传球，半高球，周通也没有停好,下半场 13',1-1
周海滨前场抢断，面对两人的夹击没有能够传出来，球被破坏出边线,下半场 14',1-1
聂涛掷界外球，转移到瓦格纳的脚下，直接起脚打门，打在了边网上,下半场 14',1-1
巴尔克斯禁区右侧控球想扣过孙继海，又没有成功！,下半场 15',1-1
比赛进行60分钟了，场上比分还是1－1平！,下半场 16',1-1
吉利奥蒂转移球给到阿杜阿的脚下，趟球到前场，横传球被白岳峰踢出边线,下半场 16',1-1
费尔南多的传中球，聂涛解围差点自摆乌龙呀，好在杨启鹏表现不错把球扑出了底线,下半场 17',1-1
聂涛在踢了这一脚之后也是惊出一身冷汗！,下半场 17',1-1
王栋发战术角球，左路传中，门前吉利奥蒂的头球攻门，高了,下半场 17',1-1
吉利奥蒂冲抢时犯规～,下半场 19',1-1
推倒了白岳峰～天津泰达队后场开任意球,下半场 19',1-1
巴尔克斯左路的传中球被对方顶出来,下半场 19',1-1
费尔南多左路斜传到禁区内，莱伊尔后点无人防守的打门，高了！,下半场 20',1-1
瓦格纳左路的下底传中，隋维杰扑球直接把自己也摔出了底线，角球！,下半场 21',1-1
瓦格纳来主罚角球,下半场 21',1-1
角球开到禁区内，第一点被对方抢到顶出来，聂涛外围控球转移到左侧，瓦格纳的传中球被刘宇挡出边线,下半场 22',1-1
天津泰达队前场界外球,下半场 22',1-1
界外球掷到场内，左路的起球传中被隋维杰给摘了下来！,下半场 22',1-1
李本舰被放倒在地上，莱伊尔的滑铲！,下半场 23',1-1
天津泰达队获得前场左侧的任意球机会,下半场 23',1-1
吕伟犯规吃到黄牌,下半场 24',1-1
放倒了吉利奥蒂！,下半场 24',1-1
孙继海长传球到右侧，吉利奥蒂遭到夹击球被断了,下半场 24',1-1
吴庆与吕伟对脚啦～拼得很凶滴！,下半场 25',1-1
重庆力帆队右路的传中球被周海滨顶出来,下半场 26',1-1
谭望嵩左侧控球，人球分过回传，吉利奥蒂的打门被挡出来,下半场 27',1-1
王栋左路再起球传中又被顶出来,下半场 27',1-1
比赛进行70分钟了，场上比分没有发生变化！,下半场 27',1-1
中场的争顶中孙继海犯规！,下半场 28',1-1
天津泰达队左路的直传球找巴尔克斯，主裁判鸣哨啦，越位！,下半场 29',1-1
巴尔克斯很着急呀，推了重庆力帆队的队员！这引起了重庆力帆队员的不满,下半场 29',1-1
巴尔克斯吃到黄牌,下半场 29',1-1
慢镜回放，顺势推了孙继海一把！对老将可不能这样哟,下半场 29',1-1
隋维杰不开球，阿里汉再场边摊手示意这是拖延时间呀,下半场 30',1-1
不过隋维杰此前吃到过一张黄牌，再吃就得下场啦，裁判还是手下留情了,下半场 30',1-1
天津泰达队中场控球，走左路推进，传球传找巴尔克斯，传出了边线,下半场 31',1-1
重庆力帆队换人：吴庆下场换上了冯劲,下半场 32',1-1
比赛进行75分钟了！场上比分还是1－1,下半场 33',1-1
瓦格纳右路回敲球，周海滨没有跑到位,下半场 33',1-1
重庆力帆队后场控球，直接长传过中线,下半场 35',1-1
阿杜阿在对方的逼抢下把球回传给门将,下半场 36',1-1
重庆力帆队换人：陈雷上场换下谭望嵩,下半场 36',1-1
天津泰达队赢得一个角球机会，开到禁区内，普拉利干吉头球攻门顶高了！,下半场 37',1-1
聂涛控球走右路推进，趟球趟大了，直接出了底线,下半场 38',1-1
比赛进行80分钟了，场上比分还是没有发生变化,下半场 38',1-1
维拉拉上场换下了吉利奥蒂,下半场 39',1-1
罗歆在中场的争顶中受伤倒地,下半场 39',1-1
重庆力帆队已经用完了三个换人的名额,下半场 40',1-1
重庆力帆队长传球到禁区内，被防守队员挡了出来,下半场 40',1-1
重庆力帆队中场控球，转移球到左侧，力量小了,下半场 42',1-1
随着比赛的推移，双方的体能也达到了极限，传接球的失误率也增加,下半场 42',1-1
孙继海带球到了中场，转移到陈雷的脚下，后者的突破没有成功,下半场 43',1-1
聂涛的防守还是很成功的,下半场 43',1-1
重庆力帆队右路的斜长传，太靠近门将了，被没收,下半场 43',1-1
陈雷中场把球停了下来，转移到阿杜阿的脚下，再分球给王栋,下半场 44',1-1
中超最后一轮真是进球大将，山东鲁能3－1领先永昌！,下半场 45',1-1
重庆力帆队后场开任意球，大脚开过中线,下半场 47',1-1
重庆力帆队左路的传到禁区内，吉利奥蒂抢点打门踢到了杨启鹏的腿上,下半场 47',1-1
维埃拉上场换下的是费尔南多！,下半场 47',1-1
下半场比赛补时3分钟！,下半场 48',1-1
天津泰达队还没有做出人员的调整,下半场 48',1-1
杨启鹏的受伤使比赛暂停了两分钟！,下半场 46',0-0
而上海上港的比赛结束，他们2－1击败了上辽宁宏运！,下半场 46',0-0
重庆力帆队两名队员撞在了一起，罗歆与陈雷头碰头呀，血染沙场！,下半场 46',0-0
天津泰达队换人：王秋明上场换下了周通！,下半场 46',0-0
陈雷血流不止被担架抬下了场,下半场,0-0
罗歆也被撞得不轻，走下场！,下半场,0-0
不过此时他们已经用完了三个换人的名额了,下半场,0-0
主裁判一声哨响，全场比赛结束,下半场,1-1
主裁判一声哨响，全场比赛结束，重庆力帆队1－1天津泰达队握手言和！,下半场,1-1
镜头马上给了在天津泰达队球迷队伍中的贵州人和的球迷！！表情很是复杂呀,下半场,1-1
管场逼平重庆力帆队，天津泰达队成功保级！,完赛,1-1
本场比赛就为朋友们直播到这儿，感谢大家收看，我们下次直播再见,完赛,1-1
