大家好，欢迎收看新浪体育为您带来的直播,未赛,0-0
力帆主场对阵辽宁宏运,未赛,0-0
力帆目前积27分排名积分榜第10位，辽足26分列第12位，在保级战团5支球队积分在25分至27分的复杂局面下，这场比赛就是很关键的保级战。,未赛,0-0
力帆近6战1胜1平4负，辽足则是在4连败后于近3轮取得了2胜1平战绩。从剩余赛程来看，力帆的对手均是积分榜中下游球队，但同富力、泰达的较量有可能也属保级关键战，并不好打。,未赛,0-0
辽足最后两轮将过招申花与上港，显然需要提前积累保级分数。因此这场比赛对于双方均很显重要。,未赛,0-0
力帆本赛季主场战绩为3胜3平6负，辽足客场战绩为1胜4平7负。本赛季首回合，辽足主场1-1战平力帆。这些数据情况表明，力帆此战抢分可能性相对更大。,未赛,0-0
重 庆力帆： 17-隋维杰；18-刘宇、14-阿杜阿、15-孙继海、35-莱伊尔、21-陈雷；30-谭望嵩、6-王栋、11-吴庆、32-费尔南多；33-吉利奥 蒂 　　替补：4-罗歆、19-冯劲、22-崔永哲、23-张磊、24-维埃拉、25-彭欣力、27-程谋义,未赛,0-0
辽宁宏运： 1-张鹭；20-金泰延、5-杨善平、27-王博、32-丁海峰；16-杨超声、26-秦升、13-埃里克、4-孙世林、35-丁捷；14-保罗·恩里克 　　替补：3-吴高俊、8-张野、10-波利、11-郑涛、18-倪玉崧、19-张靖洋、29-刘旸,未赛,0-0
球员步入球场,未赛,0-0
双方队长进行挑边,未赛,0-0
比赛马上开始,未赛,0-0
上半场比赛开始,上半场 1',0-0
宏运率先开球,上半场 1',0-0
力帆中场断球回传被恩里克断了,上半场 1',0-0
埃里克左路的射门被封堵,上半场 1',0-0
宏运左路传中，后点头球顶出了底线,上半场 2',0-0
费尔南多上抢踢倒了秦升,上半场 2',0-0
任意球发出,上半场 3',0-0
宏运后场控球,上半场 3',0-0
王栋后场断球中场分球到右侧,上半场 4',0-0
费尔南多中场转移左路,上半场 4',0-0
陈雷斜传禁区，吉利奥蒂想打凌空，踢空了,上半场 4',0-0
宏运反击，恩里克带球到禁区被踢出底线,上半场 4',0-0
丁海峰角球开出，第一点被顶出来，秦升外围半转身凌空打门，球飞的有些离谱,上半场 5',0-0
隋维杰大脚开出门球直接出了边线,上半场 6',0-0
力帆右路直塞被踢出来,上半场 6',0-0
宏运后场犯规，力帆前场右侧定位球,上半场 7',0-0
王栋任意球送到禁区，莱伊尔禁区内头球攻门高出,上半场 7',0-0
埃里克前场右侧拿球匆忙捅了一脚，被力帆控制住,上半场 8',0-0
杨超声右路拿球回敲,上半场 9',0-0
宏运中场球丢了,上半场 9',0-0
力帆前场传球出了边线,上半场 9',0-0
宏运后场控球,上半场 10',0-0
开场之后宏运打的还是比较谨慎的,上半场 11',0-0
费尔南多右路拿球被断下来,上半场 11',0-0
中场混战之后宏运拿球进攻,上半场 11',0-0
秦升直塞球，金泰延拿球丢了,上半场 11',0-0
王栋前场往禁区传，张鹭出来控制住,上半场 12',0-0
杨超声底线附近回传，禁区内被力帆解围,上半场 13',0-0
进球了,上半场 13',0-0
杨超声右路低平球传到禁区，秦升点球点附近打门被隋维杰扑出，恩里克补射将球打进,上半场 14',0-1
宏运客场先拔头筹,上半场 14',0-1
力帆前场长传禁区，王栋顶了一下，球出了底线,上半场 15',0-1
费尔南多前场断球犯规,上半场 16',0-1
杨超声在和裁判说着什么,上半场 17',0-1
力帆中场控球,上半场 17',0-1
力帆右路低平球到禁区，被踢出来,上半场 18',0-1
右路再斜传，丁海峰直接挡住了,上半场 18',0-1
刘宇拼抢放倒了恩里克,上半场 18',0-1
恩里克倒在了地上，右手好像受了点伤,上半场 19',0-1
杨超声中场停球失误，费尔南多拿球想横敲被挡出边线,上半场 20',0-1
费尔南多左路传中，谭望嵩后点往中路传，被宏运解围出边线,上半场 20',0-1
秦升中场长传球被力帆控制住,上半场 21',0-1
孙继海后场球给到右路,上半场 22',0-1
右路直接往禁区送，被宏运控制住,上半场 22',0-1
吴庆放倒了孙世林,上半场 22',0-1
秦升大力手抛球掷到禁区被顶出来,上半场 24',0-1
丁海峰直接起脚送禁区，杨超声包抄慢了，球出了底线,上半场 25',0-1
孙继海分球右路，右路传到禁区，费尔南多停球打门，球打在后卫身上，有个变线被张鹭没收,上半场 26',0-1
刘宇前场左路被丁捷踢倒在地,上半场 27',0-1
力帆获得位置不错的定位球,上半场 27',0-1
王栋任意球直接低平球打门了,上半场 28',0-1
球从人墙脚底穿过，张鹭倒地压在身下,上半场 28',0-1
丁捷后场犯规,上半场 29',0-1
孙继海任意球送到禁区，第一点被顶出来,上半场 29',0-1
恩里克带球反击，中圈被孙继海铲倒在地,上半场 29',0-1
孙继海吃到一张黄牌,上半场 30',0-1
恩里克又是倒地接受治疗,上半场 30',0-1
恩里克到场边再接受治疗,上半场 31',0-1
比赛继续,上半场 31',0-1
力帆右路进攻，谭望嵩底线往里带被断了,上半场 31',0-1
宏运后场连续传球被断，费尔南多右路被踢倒在地,上半场 32',0-1
王栋任意球开出，横敲点球点附近，吉利奥蒂打门被封堵,上半场 33',0-1
力帆连续往禁区送，都被宏运化解了,上半场 33',0-1
埃里克前场拼抢犯规,上半场 33',0-1
吴庆左路突破内切被干倒在地,上半场 34',0-1
王栋任意球直接往球门去了，球高出了横梁,上半场 35',0-1
力帆右路传中，吉利奥蒂顶了一下，杨超声赶紧解围出边线,上半场 36',0-1
力帆前场直接开回了自己的后场,上半场 36',0-1
力帆后场长传右路，谭望嵩底线附近传中被解围出底线,上半场 36',0-1
角球开出，第一点被宏运解围,上半场 37',0-1
力帆外围继续控制球,上半场 37',0-1
吴庆左路传中，吉利奥蒂禁区内甩头攻门被张鹭扑出,上半场 38',0-1
宏运后场断球反击,上半场 38',0-1
埃里克前场回做被力帆抢断,上半场 38',0-1
在丢球之后，力帆加强了进攻，暂时压制住了宏运,上半场 39',0-1
王栋禁区内打门，接球越位了,上半场 39',0-1
孙继海拿球分到左路,上半场 40',0-1
刘宇左路斜传禁区，球直接出了底线,上半场 40',0-1
力帆头球回摆被恩里克断了，恩里克拿球突破面对双人包夹，球队了,上半场 41',0-1
恩里克后场拿球，刘宇拉人犯规,上半场 41',0-1
丁捷后场倒地，裁判没有理会,上半场 42',0-1
吉利奥蒂倒在了禁区内,上半场 43',0-1
裁判给了个角球,上半场 43',0-1
王栋角球开出，张鹭出击扑空了,上半场 44',0-1
还好力帆没能有机会射门,上半场 44',0-1
秦升后场被侵犯倒地,上半场 44',0-1
宏运中场犯规,上半场 45',0-1
力帆快发定位球，力帆左路斜传禁区,上半场 45',0-1
乱战中，费尔南多禁区前沿转身打门偏出,上半场 45',0-1
王宝山也是一脸遗憾,上半场 45',0-1
上半场补时2分钟,上半场 45',0-1
力帆右路往禁区弧顶传，吴庆转身直接打门了，没有踢正，球飞出了底线,上半场 46',0-1
孙继海后场大脚到前场,上半场 47',0-1
球直接出了底线,上半场 47',0-1
上半场比赛结束了,上半场 47',0-1
宏运凭借恩里克的进球，暂时客场1-0领先主场的力帆,中场,0-1
上半场比赛，双方打的并不保守，宏运把握关键机会的能力更强一些,中场,0-1
在被进球之后，力帆加强了进攻，并在短时间内压制住了宏运，形成围攻之势，可惜最后一击上把握稍差,中场,0-1
稍事休息，过会为大家带来下半场双方的较量,中场,0-1
球员陆续回到球场,中场,0-1
宏运换人了，郑涛上场替下丁海峰,中场,0-1
下半场比赛开始,下半场 1',0-1
力帆同时也换人了，彭欣力替补登场,下半场 1',0-1
力帆后场转移球差点失误啊,下半场 1',0-1
陈雷下场了,下半场 1',0-1
杨善平后场回敲，张鹭大脚开出,下半场 2',0-1
秦升后场右路被撞翻在地,下半场 2',0-1
彭欣力右路接球被踢倒了,下半场 3',0-1
张涛阻挡快发球被出示了黄牌,下半场 3',0-1
孙继海任意球送到禁区，后点莱伊尔头球攻门偏出,下半场 4',0-1
恩里克右路拿球内切横传被解围,下半场 4',0-1
丁捷中场倒地了,下半场 4',0-1
刚刚中场争顶，被对手扛了一下,下半场 5',0-1
比赛继续,下半场 5',0-1
恩里克中场转移到左侧,下半场 6',0-1
再转移回来，宏运右路斜传禁区被顶出,下半场 6',0-1
谭望嵩右路斜传禁区，没能过前点,下半场 7',0-1
埃里克左路带球回敲,下半场 7',0-1
进球了,下半场 7',0-1
吉利奥蒂带了两步外围直接爆射，皮球飞进球门右上角,下半场 8',1-1
双方回到了同一起跑线,下半场 8',1-1
金泰延前场倒地了,下半场 9',1-1
比赛继续,下半场 9',1-1
吉利奥蒂横传，彭欣力往禁区塞，张鹭拿到了,下半场 10',1-1
阿杜阿往禁区塞被拦截了,下半场 11',1-1
恩里克右路带球反击，莱伊尔拦截出边线,下半场 11',1-1
杨超声也是有些受伤，坐在地上,下半场 12',1-1
波利准备上了,下半场 12',1-1
力帆后场长传被顶出,下半场 13',1-1
埃里克带球反击被孙继海拦截,下半场 14',1-1
费尔南多左路传到禁区，孙世林勉强顶出来,下半场 14',1-1
孙世林倒在了地上,下半场 14',1-1
宏运换人，波利上场替下杨超声,下半场 14',1-1
宏运是接连有球员受伤,下半场 15',1-1
宏运再次换人，张野上场替下孙世林,下半场 15',1-1
波利后场将球护出边线,下半场 16',1-1
孙继海前场被踢倒了,下半场 17',1-1
力帆外围控球,下半场 17',1-1
恩里克前场拼抢撞倒了孙继海,下半场 18',1-1
宏运后场断球,下半场 18',1-1
埃里克左路自己带出了边线,下半场 19',1-1
彭欣力前场被波利踢倒了,下半场 19',1-1
王栋右路传球，球打在防守球员身上后被不防队员解围,下半场 20',1-1
郑涛后场将球踢出边线,下半场 21',1-1
刘宇左侧斜传后点，郑涛飞身将球顶出底线,下半场 21',1-1
王栋角球开出，第一点被宏运解围,下半场 22',1-1
秦升对费尔南多犯规吃到一张黄牌,下半场 23',1-1
孙继海任意球开出，后点吉利奥蒂打门高出,下半场 23',1-1
莱伊尔中路后蹭，吉利奥蒂后点插上打门啊，错失了破门良机,下半场 23',1-1
金泰延又是倒地了,下半场 24',1-1
被彭欣力铲了一下,下半场 24',1-1
张野在和裁判理论时被出示了一张黄牌,下半场 25',1-1
秦升发出界外球,下半场 26',1-1
宏运加速下底被阿杜阿断下,下半场 26',1-1
宏运又有队员倒地不起,下半场 27',1-1
宏运获得角球机会,下半场 28',1-1
角球开到前点，被解围出边线,下半场 28',1-1
界外球掷到禁区又是被解围出来,下半场 29',1-1
再往禁区掷，被顶出，外围秦升打门被封堵，秦升示意球打在了对方手上,下半场 30',1-1
恩里克后场带球出了边线,下半场 31',1-1
金泰延后场解围打在对方身上，还是宏运球员控制,下半场 31',1-1
力帆断球，费尔南多禁区外打门，被张鹭没收,下半场 32',1-1
刘宇前场犯规,下半场 33',1-1
力帆换人，罗歆上场替下谭望嵩,下半场 33',1-1
波利左路想转移，直接踢给了对方,下半场 33',1-1
费尔南多前场被秦升踢倒在地,下半场 34',1-1
力帆中场控球,下半场 34',1-1
王栋挑传禁区，吴庆和郑涛撞在了一起,下半场 35',1-1
裁判给了角球,下半场 35',1-1
王栋角球开出，被宏运解围,下半场 35',1-1
孙继海长传郑涛顶出，波利左路拿球被断了,下半场 36',1-1
力帆前场挑传禁区，吴庆接球越位了,下半场 37',1-1
波利前场犯规吃到一张黄牌,下半场 37',1-1
力帆右路直塞，波利抢先卡住身位，罗歆背后拉人犯规,下半场 39',1-1
宏运转移球直接出了边线,下半场 39',1-1
罗歆右路接球越位,下半场 40',1-1
王栋中场被侵犯倒地,下半场 41',1-1
长传禁区右侧，罗歆将球碰出了边线,下半场 41',1-1
彭欣力前场争抢对波利犯规了,下半场 42',1-1
宏运右路直塞，球丢了,下半场 43',1-1
费尔南多中场被埃里克铲倒了,下半场 43',1-1
力帆中场将球解围出边线,下半场 44',1-1
比赛来到了尾声阶段,下半场 44',1-1
秦升手抛球掷到禁区被隋维杰拿到,下半场 45',1-1
下半场补时5分钟,下半场 45',1-1
费尔南多直塞左侧被断了,下半场 45',1-1
金泰延中场自己来被断掉,下半场 46',1-1
恩里克左路拿球面对双人被断,下半场 46',1-1
力帆前场犯规,下半场 47',1-1
宏运中场丢球，王栋直塞禁区被张鹭拿到,下半场 47',1-1
费尔南多禁区前沿拿球想往禁区塞，球打在对方身上变向后被张鹭抱住,下半场 48',1-1
吉利奥蒂外围左脚打门偏出,下半场 49',1-1
补时来到最后一分钟,下半场 49',1-1
金泰延和埃里克前场抢断孙继海,下半场 50',1-1
力帆将球解围出边线,下半场 50',1-1
全场比赛结束,下半场 50',1-1
在宏运率先取得进球的情况下，力帆下半场由吉利奥蒂打进扳平比分一球,完赛,1-1
力帆坐镇主场，占据一定优势，无奈宏运防守比较稳健,完赛,1-1
在各自取得一分之后，主队力帆积分达到28分，追平了杭州绿城，暂时离降级区有一场球的差距,完赛,1-1
宏运积分达到27分钟，暂时追平了泰达，离降级区的贵州人和有两分差距,完赛,1-1
两队的保级之路还在继续,完赛,1-1
本场比赛的直播就到这里，感谢收看，我们下次再见,完赛,1-1
