欢迎来到精彩的新浪15赛季中超联赛直播室,未赛,0-0
本场为大家带来的是重庆力帆主场迎战上海申鑫的比赛,未赛,0-0
申鑫上一轮0-4不敌国安之后已经提前降级,未赛,0-0
目前力帆积31分排在积分榜第十，比倒数第二的贵州多了6分,未赛,0-0
本场面对已经降级的申鑫，力帆只要拿到三分即可提前两轮保级成功,未赛,0-0
本场比赛的球市也非常火热，球迷们渴望到现场见证球队成功保级,未赛,0-0
申鑫虽已降级，但球队上下还是表达了继续打好剩余比赛的斗志,未赛,0-0
两队在上半赛季的交锋中，申鑫主场0-1不敌力帆,未赛,0-0
大家晚上好，欢迎来到新浪体育赛事直播间,未赛,0-0
即将送上的是中超第28轮，重庆力帆主场和上海申鑫的比赛,未赛,0-0
申鑫上轮输球之后，已经提前三轮锁定一个降级名额,未赛,0-0
力帆目前8胜7平12负积31分位列积分榜第10位，领先倒数第二的人和6分之多,未赛,0-0
而本轮人和的比赛已经战罢，其客场2-5不敌鲁能，积分还是在25分,未赛,0-0
力帆本场只要不输球，将提前2轮保级成功！！！,未赛,0-0
目前双方的首发名单已经公布，我们先睹为快,未赛,0-0
力帆首发：隋维杰；罗歆、阿杜阿、孙继海、莱伊尔、刘宇；谭望嵩、王栋、吴庆、费尔南多；吉利奥蒂,未赛,0-0
替补：19-冯劲、21-陈雷、22-崔永哲、23-张雷、24-维埃拉、25-彭欣力、27-程谋义,未赛,0-0
申鑫首发：张迅伟；张文涛、邹仲霆、乔尼、孙凯；杨家威、于涛、贾天子、叶重秋、吴毅臻；丹尼尔,未赛,0-0
替补：8-池忠国、14-张一诺、21-刘峻楠、28-陈灏、29-黄威、38-刘亦超、40-段杰毅,未赛,0-0
双方球员已经进场，比赛一触即发,未赛,0-0
上半场比赛开始,上半场 1',0-0
红衣红裤的力帆开球，从画面的左侧向右进攻,上半场 1',0-0
力帆中场的斜传转移球到左路,上半场 2',0-0
刘宇左路拿球，强突被回防的杨家威撞翻在地,上半场 2',0-0
力帆获得前场左路的任意球机会,上半场 2',0-0
王栋任意球斜传禁区到前点，阿杜阿的垫射，打在边网上,上半场 3',0-0
申鑫右路的直塞球，丹尼尔背身拿球，莱伊尔上抢推人犯规,上半场 6',0-0
申鑫获得前场右路的任意球机会,上半场 6',0-0
申鑫的任意球斜传禁区，直接被隋维杰出击拿到,上半场 6',0-0
丹尼尔前场拿球，单骑闯关，进入禁区,上半场 7',0-0
孙继海和罗歆的回防，夹击将球拦截,上半场 7',0-0
只要力帆本场拿到1分就可保级，但开局踢得还是积极主动啊,上半场 7',0-0
孙继海后场拿球，横传给到回撤接应的阿杜阿,上半场 8',0-0
阿杜阿的直塞找前场的吴庆，被申鑫球员拦截,上半场 8',0-0
申鑫的反击，右路45度斜传球到后点,上半场 8',0-0
刘宇回防，抢在丹尼尔之前头球解围,上半场 9',0-0
叶重秋中场拿球，挑传打身后找丹尼尔,上半场 9',0-0
丹尼尔停球一拨，摆脱上抢的孙继海,上半场 10',0-0
丹尼尔拿球内切，禁区内遭遇夹击，再分，力量轻了，被力帆球员拦截,上半场 10',0-0
于涛中场的过顶球给到前场右路的杨家威,上半场 11',0-0
杨家威停球回带，接着起球到禁区，可惜后点没有队友接应啊,上半场 11',0-0
刘宇之前反击中强突到禁区，张文涛回防放铲破坏，裁判没理会,上半场 11',0-0
谭望嵩右路拿球，横传找费尔南多，失误啦,上半场 12',0-0
叶重秋拿球反击，过顶找吴毅臻,上半场 12',0-0
吴毅臻拿球横切，被断啦,上半场 13',0-0
力帆的进攻，王栋中场拿球，叶重秋上抢犯规,上半场 13',0-0
力帆前场进攻，吉利奥蒂左路强突进入禁区，左脚劲射，被张迅伟封堵,上半场 14',0-0
球弹起后，在队友的保护下，张迅伟将球收入怀中,上半场 14',0-0
吴庆左路拿球，强突被杨家威破坏出边线,上半场 14',0-0
丹尼尔回撤中场拿球，外脚背分球想给杨家威，被刘宇拦截,上半场 15',0-0
费尔南多拿球进攻，分球给到王栋,上半场 15',0-0
王栋起球到禁区找吴庆，力量大了点，被张迅伟控制,上半场 16',0-0
力帆的中场斜传球到右路找谭望嵩,上半场 17',0-0
谭望嵩停球没能停好，先出了边线,上半场 17',0-0
费尔南多中场拿球，面对逼抢，回传罗歆,上半场 17',0-0
罗歆再给莱伊尔，莱伊尔分球王栋,上半场 18',0-0
王栋给到吴庆，吴庆拿球内切，被贾天子放倒在地,上半场 19',0-0
力帆获得前场左路的任意球机会，可惜并未形成威胁,上半场 19',0-0
申鑫后场起球，莱伊尔争抢头球，身后撞翻了丹尼尔，犯规,上半场 19',0-0
上半场比赛20分钟，比分依旧是0-0,上半场 20',0-0
场面上来看，力帆稍稍占据了主动,上半场 20',0-0
孙凯后场接应队友横传，被上抢的谭望嵩铲翻在地,上半场 21',0-0
申鑫获得后场的任意球机会,上半场 21',0-0
乔尼拿球，给到于涛,上半场 21',0-0
于涛再给贾天子，贾天子面对逼抢，回传乔尼,上半场 22',0-0
乔尼后场过顶长传找左前场的吴毅臻，力量大了点，直接出边线,上半场 22',0-0
力帆获得了点球！！！,上半场 22',0-0
刘宇左路拿球，强突到禁区往底线带，被回防的张文涛从身后勾倒在地,上半场 23',0-0
吉利奥蒂主罚点球，一蹴而就！！,上半场 24',1-0
吉利奥蒂助跑，右脚低射球门左下角，尽管张迅伟判断对了方向，但球速太快，鞭长莫及啊,上半场 24',1-0
这也是吉利奥蒂本赛季个人打进的第15粒进球,上半场 25',1-0
吉利奥蒂中场拿球，短传给到吴庆,上半场 25',1-0
吴庆拿球转身，滑倒前的起脚吊门，直接飞出了底线,上半场 26',1-0
申鑫右路45度的斜传球到禁区找丹尼尔,上半场 26',1-0
丹尼尔胸部停球，准备打门，裁判鸣哨,上半场 27',1-0
原来边裁举旗，丹尼尔越位在先,上半场 27',1-0
丹尼尔对于判罚很不满，对着裁判大声怒吼，领回一张黄牌！！！,上半场 27',1-0
这也是本场比赛的第一张黄牌！！！,上半场 27',1-0
费尔南多左路拿球，强突下底后挑传门前,上半场 28',1-0
可惜包抄的两名队友抢在了一起，没能顶到,上半场 28',1-0
丹尼尔左路拿球，内切后横传中间找吴毅臻,上半场 29',1-0
王栋回防将球拦截，给到谭望嵩,上半场 29',1-0
力帆中场失误，杨家威右路背身拿球，罗歆上抢犯规,上半场 30',1-0
申鑫获得前场右路的任意球机会,上半场 30',1-0
孙凯的任意球斜传禁区，乔尼的头球，太正，被隋维杰拿到,上半场 30',1-0
力帆的进攻，王栋禁区外的远射，打偏了一点点,上半场 31',1-0
杨家威右前场拿球，面对逼抢，脚下打滑，摔倒在地，球出边线,上半场 32',1-0
2-0！！！,上半场 32',2-0
费尔南多的推射建功！！！,上半场 33',2-0
进球的后费尔南多很兴奋，乾坤翻庆祝！！！,上半场 33',2-0
力帆中场抢断，直塞球给到前场的费尔南多，费尔南多反越位成功，单刀赴会，面对出击的张迅伟和回追的乔尼、邹仲霆，一脚推射打进球门右下角！！,上半场 34',2-0
贾天子前场拿球，阿杜阿身后上抢放倒了贾天子，犯规,上半场 35',2-0
申鑫获得前场左路的任意球机会,上半场 35',2-0
任意球斜传禁区，隋维杰出击，在丹尼尔头顶将球稳稳拿到,上半场 35',2-0
吴庆后场拿球，横传给到阿杜阿,上半场 36',2-0
阿杜阿再给莱伊尔，莱伊尔直塞找吴庆,上半场 37',2-0
吴庆停球转身，被上抢的乔尼伸腿绊倒在地,上半场 37',2-0
力帆获得前场中路的任意球机会,上半场 37',2-0
王栋任意球斜传禁区，第一点被申鑫球员解围,上半场 38',2-0
孙凯右路拿球，莱伊尔前场反抢，放铲犯规,上半场 38',2-0
丹尼尔前场中路拿球，强突到禁区弧顶被罗歆绊倒在地,上半场 39',2-0
申鑫获得大禁区弧顶的任意球机会,上半场 39',2-0
贾天子的任意球攻门，被隋维杰封堵,上半场 40',2-0
丹尼尔跟进补射，再被隋维杰收入怀中,上半场 40',2-0
不过主裁判也鸣哨了，吹罚了丹尼尔的越位,上半场 40',2-0
莱伊尔后场拿球，贾天子上抢，亮鞋底，直接踩在了莱伊尔的脚面上,上半场 42',2-0
贾天子被主裁判出示了黄牌警告！！！,上半场 42',2-0
莱伊尔受伤倒地，队医进场检查伤情,上半场 42',2-0
莱伊尔被担架抬出场外接受治疗，孙继海任意球开出到前场,上半场 43',2-0
费尔南多左路拿球，横切后分球给吉利奥蒂,上半场 43',2-0
吉利奥蒂再分球左路给上来的刘宇,上半场 43',2-0
刘宇得球下底传中，被申鑫球员解围,上半场 44',2-0
申鑫的反击，后场长传找丹尼尔,上半场 44',2-0
丹尼尔拿球进攻，罗歆回防，身后放铲，带倒了丹尼尔，犯规,上半场 44',2-0
申鑫获得前场右路的任意球机会,上半场 44',2-0
任意球斜传禁区，丹尼尔的头球攻门，顶偏了一点点啊,上半场 45',2-0
丹尼尔前场拿球，孙继海上抢犯规,上半场 45',2-0
上半场比赛补时1分钟,上半场 46',2-0
申鑫获得前场右路的任意球机会,上半场 46',2-0
贾天子任意球斜传到后点，吴毅臻头球摆渡,上半场 46',2-0
叶重秋的头球接力攻门，打在王栋头上出底线,上半场 46',2-0
申鑫获得右侧角球，开出到禁区，混战中，丹尼尔的打门，被隋维杰拿到,上半场 47',2-0
上半场比赛结束，力帆主场2-0暂时领先申鑫,中场,2-0
刘宇突破到禁区被张文涛放倒赢得点球，吉利奥蒂一蹴而就，先拔头筹！！,中场,2-0
之后费尔南多单刀赴会，推射扩大比分,中场,2-0
整个上半场力帆占据了绝对主动，力帆也有几次机会，可惜未能把握,中场,2-0
本场不输球，就将保级，半场来看，力帆全队上下信心十足,中场,2-0
我们稍事休息，再回来继续双方的下半场比赛,中场,2-0
双方球员回来，下半场比赛马上开始,中场,2-0
下半场比赛开始,下半场 1',2-0
黄衣白裤的申鑫开球，从画面的左侧向右进攻,下半场 1',2-0
吴毅臻前场中路拿球，挑传禁区找丹尼尔,下半场 2',2-0
力量稍大一点，被隋维杰出击拿到,下半场 2',2-0
下半场开场，申鑫的进攻明显加强了,下半场 3',2-0
申鑫后场失误，费尔南多抢断,下半场 3',2-0
费尔南多的斜传球到禁区，第一点被乔尼头球解围,下半场 4',2-0
谭望嵩右路上来再拿，孙凯放铲将球解围出边线,下半场 4',2-0
吴庆前场拿球，横切后远射，打在防守球员身上出底线,下半场 4',2-0
力帆获得左侧角球机会，王栋主罚,下半场 4',2-0
战术角球开出，王栋接到回传，左路起球到后点，直接被张迅伟出击拿到,下半场 5',2-0
申鑫的反击，杨家威右路拿球，内切到禁区,下半场 5',2-0
穿裆给到中路跟进的吴毅臻，吴毅臻倒地铲射，没能踢上力量，被隋维杰挡出,下半场 6',2-0
张文涛禁区弧顶再抢，撞翻了莱伊尔，犯规,下半场 6',2-0
申鑫前场进攻，叶重秋的远射，打偏,下半场 7',2-0
中场休息回来，下半场这几分钟来看，节奏明显没有上半场快,下半场 8',2-0
申鑫前场进攻，赢得右侧角球机会,下半场 9',2-0
角球开出到后点，可惜没能形成威胁,下半场 9',2-0
力帆的反击，吴庆起球到禁区，费尔南多停球，推射，被张迅伟出击封堵,下半场 9',2-0
申鑫回防球员不敢怠慢，出脚解围,下半场 10',2-0
力帆换人：21号陈雷上，换下35号莱伊尔,下半场 10',2-0
力帆后场抢断，吉利奥蒂拿球反击，被乔尼身后放倒在地,下半场 11',2-0
杨家威右路拿球，强突到禁区，回传禁区弧顶找丹尼尔,下半场 12',2-0
丹尼尔跟进迎球低射，被回防的阿杜阿干扰，打偏,下半场 12',2-0
吉利奥蒂！！！差一点啊,下半场 13',2-0
阿杜阿右路起球到禁区，吉利奥蒂头球攻门，顶偏,下半场 13',2-0
力帆中场起球到前场，费尔南多争抢头球，被吹对孙凯的犯规,下半场 15',2-0
费尔南多争抢中受伤，被担架抬出场外接受治疗,下半场 15',2-0
王栋中场拿球，直塞打身后想找吉利奥蒂,下半场 16',2-0
乔尼紧逼防守，出脚将球破坏出边线,下半场 16',2-0
申鑫这边有人受伤倒地，队医进场检查伤情,下半场 16',2-0
费尔南多头部挂彩，场边经过包扎后准备登场，铁血汉子啊,下半场 17',2-0
罗歆右路拿球，强突被贾天子放铲破坏出边线,下半场 19',2-0
陈雷左路拿球，直塞给到费尔南多,下半场 19',2-0
费尔南多拿球没机会，回传陈雷,下半场 19',2-0
陈雷转移球到右路，吴庆拿球,下半场 19',2-0
吴庆带球进禁区，急停一扣，摆脱上抢的张文涛,下半场 20',2-0
吴庆挑传球到门前，吉利奥蒂头球，顶偏了一点点,下半场 20',2-0
丹尼尔前场拿球，内切到禁区，转身强突，被孙继海拦截,下半场 21',2-0
费尔南多争抢中再次被撞倒在地,下半场 23',2-0
力帆换人：头缠绷带的费尔南多被换下场，换上19号冯劲,下半场 23',2-0
吴庆前场中路拿球，直塞给到吉利奥蒂,下半场 24',2-0
吉利奥蒂停球一趟，禁区线上起脚低射，被张迅伟倒地没收,下半场 24',2-0
杨家威前场中路拿球，刘宇上抢拉人犯规,下半场 25',2-0
申鑫获得前场中路的任意球机会,下半场 25',2-0
任意球斜传禁区，混战中球被力帆球员出脚解围,下半场 25',2-0
孙凯左路拿球，内切后的横传，被断,下半场 26',2-0
申鑫中场抢断，邹仲霆尝试远射，打飞,下半场 26',2-0
申鑫换人：38号刘亦超上，换下15号张文涛,下半场 27',2-0
吴毅臻左路拿球，内切被王栋拉倒在地,下半场 28',2-0
申鑫左路的过顶直传，前插的孙凯被吹越位在先,下半场 29',2-0
于涛中场拿球，摆脱防守，直接大脚长传到前场找丹尼尔,下半场 30',2-0
孙继海补防，将球从丹尼尔脚下拦截,下半场 30',2-0
杨家威右路拿球，面对双人围抢，球丢啦,下半场 31',2-0
力帆后场传球失误，贾天子抢断，禁区线上起脚，被出击的隋维杰封堵,下半场 31',2-0
王栋中圈拿球，分球给到上来的阿杜阿,下半场 32',2-0
阿杜阿再给左路的陈雷，陈雷斜传球到禁区,下半场 33',2-0
吉利奥蒂停球，转身打门，被后卫挡出,下半场 33',2-0
杨家威右路拿球，直塞找丹尼尔,下半场 33',2-0
孙继海补防，身后推倒了丹尼尔，犯规,下半场 33',2-0
申鑫获得前场右路的任意球机会,下半场 34',2-0
贾天子主罚，横传中路找叶重秋,下半场 34',2-0
叶重秋没能停好，身后的吴毅臻拿球，起球送到禁区，直接被隋维杰拿到,下半场 34',2-0
阿德阿后场拿球，带过中线，横传给到谭望嵩,下半场 35',2-0
谭望嵩的长传球到前场左路找王栋,下半场 35',2-0
王栋底线内切后挑传到后点，可惜队友跟进慢了点,下半场 35',2-0
阿杜阿中场拿球，斜传右路找冯劲,下半场 36',2-0
冯劲拿球内切到禁区，起脚打门，被张迅伟封堵出底线,下半场 36',2-0
力帆获得右侧角球机会，王栋主罚,下半场 37',2-0
申鑫换人：40号段杰毅上，换下7号杨家威,下半场 37',2-0
王栋角球开出到禁区，吉利奥蒂头球顶偏,下半场 38',2-0
力帆中场抢断，冯劲右路拿球再突,下半场 38',2-0
冯劲右路的低平球横传禁区，被回防的邹仲霆出脚解围,下半场 38',2-0
力帆右路再攻，谭望嵩的突破，乔尼补防放铲，将球解围出边线,下半场 39',2-0
申鑫再次换人：8号池忠国上，换下19号贾天子,下半场 39',2-0
阿杜阿中场拿球，面对逼抢，回传孙继海,下半场 41',2-0
力帆中场斜传球到右路给上去的谭望嵩,下半场 41',2-0
谭望嵩停球一扣，再回传给上来的冯劲,下半场 41',2-0
乔尼上抢，出脚将球破坏,下半场 41',2-0
力帆再攻，谭望嵩和吉利奥蒂的踢墙配合，可惜谭望嵩的最后的射门，打偏啦,下半场 42',2-0
申鑫左路的直塞找丹尼尔，罗歆回防将球控制,下半场 43',2-0
丹尼尔原地逼抢，罗歆不敢怠慢，转身出脚解围出边线,下半场 43',2-0
王栋后场拿球，直塞给到前场的吴庆,下半场 43',2-0
吴庆拿球内切，再横传找禁区线上的吉利奥蒂，被后卫出脚破坏,下半场 44',2-0
下半场比赛进入尾声，比分依旧是2-0，力帆领先,下半场 44',2-0
叶重秋后场拿球，斜塞右路找上来的段杰毅,下半场 45',2-0
段杰毅停球，面对刘宇，没机会，控制一下,下半场 45',2-0
力帆换人：33号吉利奥蒂被换下，换上24号维埃拉,下半场 45',2-0
于涛右路界外球进场，刘宇上抢将球解围出边线,下半场 46',2-0
下半场比赛补时2分钟,下半场 46',2-0
阿杜阿后场抢断，拿球反击，回防的池忠国伸腿绊倒了阿杜阿,下半场 47',2-0
池忠国被主裁判出示了黄牌警告！！！,下半场 47',2-0
力帆前场进攻，吴庆禁区外的抽射，打高了一点点,下半场 47',2-0
伤停补时也已经进入倒计时,下半场 47',2-0
谭望嵩右路过顶球，被申鑫球员当吹,下半场 48',2-0
全场比赛结束，力帆主场2-0战胜申鑫！！！,完赛,2-0
刘宇造点，吉利奥蒂主罚一蹴而就，费尔南多单刀推射扩大比分,完赛,2-0
申鑫下半场尽管踢得积极主动，但真正的得分机会并不多,完赛,2-0
提前降级，但申鑫队员并未放弃，场上依旧拼的很凶,完赛,2-0
好了，本场比赛的直播就到这里，谢谢大家的陪伴和观看，再见！,完赛,2-0
