各位新浪网友大家好，欢迎来到新浪体育观看精彩的直播节目,未赛,0-0
本次直播给大家带来的是2015赛季中超联赛第27轮的一场比赛，由长春亚泰主场迎战杭州绿城,未赛,0-0
亚泰目前积31分，基本已完成保级任务，所以本场压力不大。本赛季亚泰主场战绩为5胜3平5负，成绩一般，需提升主场表现力,未赛,0-0
本轮过后亚泰将客场对申花、主场对上港、客场对人和，这3场比赛各有难度，因此对亚泰最为理想的情况就是在本轮抢足分数，尽可能提前上岸,未赛,0-0
绿城的期待也是提前上岸，因此上轮主场狂攻未果战平永昌的结果有些遗憾,未赛,0-0
绿城目前积28分仍处在保级战场内，本轮过后绿城将主场对辽足、客场对舜天、主场对申鑫，赛程上看存在一定利好,未赛,0-0
绿城本赛季客场战绩3胜3平7负，客场总共打入8球为中超最少这和球队的打法有一定关系，本场他们的目标将是保平争胜,未赛,0-0
中超交锋史上亚泰对绿城4胜7平6负处于下风，其中亚泰主场对绿城1胜4平3负，本赛季首回合亚泰凭借胡斯蒂的入球客场1-0战胜绿城,未赛,0-0
两队积分仅差3分，排名第九的亚泰位置比较尴尬，不进则退的他们若还想冲击前八就要拿出赢球的态度，而绿城还未上岸，仍需抢分,未赛,0-0
各怀心思的两支球队都寄望于取下3分，谁能笑到最后让我们拭目以待,未赛,0-0
大家好，欢迎来到直播间观看精彩的中超联赛,未赛,0-0
欢迎广大网友提出对于本场比赛您所感兴趣的问题，我们将挑选一些有代表性的进行解答和探讨！,未赛,0-0
双方先发阵容已经出炉，亚泰全主力，绿城安塔尔缺阵,未赛,0-0
长春亚泰首发：门将：1-吴亚轲，后卫：16-蒋哲、15-孙捷、5-伊斯梅洛夫、23-张笑非，前卫：10-胡斯蒂、25-阿克斯、8-杜震宇、6-裴帅、24-阎峰，前锋：9-莫雷罗,未赛,0-0
亚泰替补名单：7-韩德明、17-马晓磊、20-何超、22-李尚、30-祎凡、31-马祖、32-李光,未赛,0-0
杭州绿城首发：门将：1-顾超，后卫：22-王林、13-曹轩、34-斯皮拉诺维奇、16-范晓冬，前卫：14-冯刚、31-博桑季奇、10-阿甘、18-赵宇豪、17-陈柏良，前锋：9-拉蒙,未赛,0-0
绿城替补：3-葛振、4-臧一锋、5-弋腾、11-谢鹏飞、12-罗竞、25-黄希扬、27-黄远东,未赛,0-0
本场的主裁判是李海河,未赛,0-0
在大多数长春球迷眼里，长春亚泰只要拿下杭州绿城即可上岸，可在主帅马里奥·托特心中，上岸并不是最终目标,未赛,0-0
马里奥表示，今年的联赛竞争非常激烈，我们现在的状态不错，希望今年的成绩能排在第7名到第9名间,未赛,0-0
不过，最近5个赛季，长春亚泰主场打杭州绿城的战绩不太理想——2平3负。此外，本赛季杭州绿城的防守不错，成为失球第5少的球队。,未赛,0-0
双方球员已经出场，现场正在进行升旗仪式,未赛,0-0
主场作战的亚泰身穿红色战袍，作客的绿城是绿色队服,未赛,0-0
李海河一声哨响，上半场开始,上半场 1',0-0
作客的绿城率先开球，他们从左侧向右侧进攻,上半场 1',0-0
主场作战的亚泰是从右向左进攻,上半场 1',0-0
绿城赵宇豪一记长传，找锋线上的拉蒙,上半场 1',0-0
拉蒙倚住伊斯梅洛夫，转身没有控制住,上半场 2',0-0
裴帅中场拿球，斜传过渡给大了,上半场 2',0-0
绿城后场控制，王林右路敲给中间的斯皮拉诺维奇,上半场 2',0-0
陈柏良右侧拿球，选择一记直塞，被亚泰大脚破坏掉,上半场 3',0-0
右路蒋哲拿球，分给回来接应他的阎峰,上半场 3',0-0
中路裴帅梳理一下，交给左侧插上的张笑非,上半场 4',0-0
张笑非直塞给前场的阿克斯,上半场 4',0-0
阿克斯再往前交，被斯皮拉诺维奇破坏出边线,上半场 4',0-0
亚泰还是攻左路，再交杜震宇，曹轩补防到位把球破坏,上半场 4',0-0
张笑非左路界外球给到杜震宇，杜震宇直接传中到禁区弧顶外,上半场 5',0-0
阎峰跟进凌空一脚远射，偏出不少,上半场 5',0-0
本场过后中超将迎来本赛季最后一个间歇期，亚泰拿下这场比赛间歇期后将毫无压力，所以他们急于想拿下,上半场 6',0-0
拉蒙前场背身拿球，直接做给右路陈柏良，被对方识破,上半场 6',0-0
亚泰后场的反击，杜震宇的直传，给到左路插上的胡斯蒂,上半场 7',0-0
胡斯蒂调整之后的传中，打在王林身上，弹出禁区,上半场 7',0-0
主场作战的亚泰屯兵中场，力拼对手,上半场 7',0-0
阿克斯中圈附近得球，大范围的转移找左路杜震宇，被王林在中间拦截下来,上半场 8',0-0
拉蒙回撤拿球，孙捷逼抢犯规,上半场 8',0-0
亚泰右路进攻上来，蒋哲传中，亚泰两点包抄到位,上半场 9',0-0
莫雷罗禁区内胸部一停，紧跟一脚爆射，绿城两名后卫飞身堵枪眼，把球挡下,上半场 10',0-0
外围杜震宇横敲中路，阎峰调整之后远射，有个弹地,上半场 10',0-0
顾超侧扑把球稳稳压在身下,上半场 10',0-0
胡斯蒂左路突破，面对王林的防守，身体接触之后摔倒了,上半场 11',0-0
裁判鸣哨，没有判王林犯规，而是吹了胡斯蒂倒地时候手球犯规,上半场 11',0-0
阿甘前场凶狠的拼抢撞倒了阎峰,上半场 11',0-0
裁判没有响哨，比赛继续，绿城的进攻,上半场 12',0-0
转移给左侧的范晓冬，出了边线,上半场 12',0-0
刚才把阎峰撞倒的不是阿甘，是另外一位锋线外援拉蒙,上半场 12',0-0
亚泰后场倒脚，张笑非给到伊斯梅洛夫,上半场 12',0-0
后者一记长传，直接找莫雷罗,上半场 13',0-0
亚泰前场连续的配合，杜震宇蝎子摆尾给到胡斯蒂，胡斯蒂头球后蹭在传莫雷罗，莫雷罗越位,上半场 13',0-0
赵宇豪分边给范晓冬,上半场 13',0-0
范晓冬左路直塞给阿甘，阿甘回给套上的范晓冬,上半场 13',0-0
范晓冬助攻上前，一脚传中，制造一个角球,上半场 14',0-0
冯刚开出左路角球,上半场 14',0-0
前点造成混乱，还是亚泰的球员，蒋哲抢在赵宇豪之前挡出底线,上半场 14',0-0
冯刚再次开出角球，又是前点，这次赵宇豪抢到落点，俯身的冲顶，偏了,上半场 15',0-0
亚泰右路的进攻，胡斯蒂交给身旁的阿克斯,上半场 15',0-0
阿克斯挑传到禁区，被对方破坏出来,上半场 16',0-0
绿城反击，左路的突破，过渡给中间的阿甘,上半场 16',0-0
阿甘分右路到陈柏良脚下，陈柏良和张笑非相撞，双双倒地,上半场 16',0-0
陈柏良倒地前把球分到了右路套边的王林,上半场 17',0-0
王林突破被杜震宇放倒在地,上半场 17',0-0
张笑非和陈柏良都接受了治疗,上半场 17',0-0
绿城前场的定位球机会，博桑季奇主罚,上半场 17',0-0
博桑季奇给到禁区内，斯皮拉诺维奇小禁区包抄，抢在孙捷之前捅到球，可惜垫射打高,上半场 18',0-0
亚泰前场的直塞，同伴之间传接没有想到一块，直接飞出底线,上半场 18',0-0
绿城颇具威胁的一次攻势,上半场 19',0-0
右路陈柏良一扣，过掉了张笑非，自己有机会小角度攻门，但没有贪功，选择传给角度更好的博桑季奇,上半场 19',0-0
博桑季奇插入禁区，直接一脚推射，射的比较离谱呀,上半场 20',0-0
阿甘左路发挥了自己爆发力强的特点，三个大步，就趟过了防守队员,上半场 21',0-0
阿甘瞄了一眼中间的拉蒙，低传门前，伊斯梅洛夫切断路线，把球解围出底线,上半场 21',0-0
绿城战术角球没有形成威胁,上半场 21',0-0
阿甘的特点和亚泰替补席上的马祖非常相似，只不过阿甘综合实力要比马祖略强一些,上半场 22',0-0
绿城又制造一次左路的角球,上半场 22',0-0
冯刚主罚这次给到禁区中央，吴亚轲出击，双拳把球打出,上半场 22',0-0
绿城中场把球控制好，赵宇豪在交给右路的陈柏良,上半场 22',0-0
陈柏良交给禁区右侧的拉蒙,上半场 23',0-0
拉蒙传中到后点，被孙捷头球解围,上半场 23',0-0
亚泰直接一个大脚反击，给前场杜震宇,上半场 23',0-0
杜震宇随着年岁的增加，已不如从前那样快了,上半场 23',0-0
杜震宇眼看无法继续突击，选择脚后跟一磕，想交给身后跟进的同伴,上半场 24',0-0
可惜亚泰的后排队员包抄的不够快，被回防的绿城球员堵个正着,上半场 24',0-0
赵宇豪后场把球拦截，分给左路的阿甘,上半场 24',0-0
阿甘和范晓冬寻求配合,上半场 24',0-0
阿甘沿着左路强突，被孙捷连人带球都扫倒在地,上半场 25',0-0
绿城前场左路的定位球，还是交给小将冯刚来罚,上半场 25',0-0
上半场打了25分钟，作客的绿城似乎表现更加抢眼一些,上半场 25',0-0
冯刚任意球吊入禁区内，速度不够快，吴亚轲从容出击把球揽入怀中,上半场 26',0-0
杜震宇回撤过渡给张笑非，亚泰后场控球，交给伊斯梅洛夫,上半场 26',0-0
伊斯梅洛夫右路的大脚斜传,上半场 27',0-0
胡斯蒂杜震宇阿克斯，三个人连续的配合,上半场 27',0-0
胡斯蒂最后的传中，被曹轩挡出,上半场 27',0-0
阎峰中场组织，亚泰阵型压上,上半场 27',0-0
阎峰突然一记直塞要交给莫雷罗，中路赵宇豪保护到位，漂亮的铲抢,上半场 28',0-0
绿城顺势反击，长传拉蒙，吴亚轲跑出禁区，把球解围,上半场 28',0-0
胡斯蒂左侧带球，看准莫雷罗的位置，搓入禁区,上半场 29',0-0
莫雷罗停球之后半转身突施冷箭，打偏了,上半场 29',0-0
莫雷罗这记打门虽然显得比较灵巧，但难度太大,上半场 30',0-0
杜震宇中路分给阎峰，交给边路张笑非,上半场 30',0-0
亚泰连续的倒脚，阿克斯想交给阎峰，但却打在张笑非的脚后跟，失误,上半场 31',0-0
球弹到了绿城的脚下,上半场 31',0-0
绿城组织反击，阿甘左路下底，自己强突,上半场 31',0-0
亚泰多人合围把球抢下来,上半场 31',0-0
亚泰前场丢球之后就地逼抢很坚决，不给绿城反击的时间,上半场 32',0-0
绿城后场左路拿球，迟迟没有传出来，阿甘边路拿球被对方放倒在地,上半场 32',0-0
绿城进攻传球出现失误,上半场 32',0-0
亚泰简单明了的一个大脚反击找胡斯蒂,上半场 33',0-0
在胡斯蒂的紧逼下范晓冬不敢怠慢，把球解围向边线,上半场 33',0-0
胡斯蒂在球出界前把球控制下来，倒三角回给大禁区边缘的裴帅,上半场 33',0-0
裴帅大禁区右上角的位置没有选择传球，而是直接抬脚打门，高了,上半场 34',0-0
双方这30多分钟的时间都没有获得很好的机会，更多还是在中场绞杀,上半场 34',0-0
阿克斯左路交给胡斯蒂，胡斯蒂隐蔽的直塞给到插上的杜震宇,上半场 35',0-0
杜震宇左路下底，传中到门前，亚泰包抄的点太少啊,上半场 35',0-0
亚泰右路拿球，裴帅想来个大范围的转移，直接飞出底线了，脚法不够精准呀,上半场 36',0-0
斯皮拉诺维奇横敲曹轩，绿城在后场控一控,上半场 36',0-0
绿城选择走右路，陈柏良受到张笑非的严防，只得在回敲,上半场 37',0-0
冯刚中路梳理一下，回敲给斯皮拉诺维奇,上半场 37',0-0
右路王林直接一脚搓到前场的拉蒙脚下，拉蒙停球失误，漏掉了,上半场 38',0-0
胡斯蒂左路得球，交给身后的阿克斯,上半场 38',0-0
阿克斯在分边给插上的张笑非,上半场 38',0-0
张笑非在传胡斯蒂的时候被对方碰了一下，改变了线路,上半场 39',0-0
杜震宇后场的防守犯规了,上半场 39',0-0
杜震宇防守王林手上有动作,上半场 39',0-0
绿城定位球位置不错,上半场 40',0-0
博桑季奇一脚传到禁区中央，吴亚轲出击，单拳一打，解围不远,上半场 40',0-0
冯刚把球拦下，马上两名队员跟防到位,上半场 40',0-0
冯刚一个假动作之后往外线带,上半场 41',0-0
冯刚传中时候支撑脚没有站住，摔倒了，倒地手球犯规,上半场 41',0-0
亚泰反击，莫雷罗的好机会,上半场 41',0-0
莫雷罗禁区内一扣，闪开了防守，自己一脚打门，碰到防守队员之后出了底线,上半场 42',0-0
莫雷罗处理的有些独了，禁区内两个点都有包抄,上半场 42',0-0
亚泰的角球没有制造出威胁，反倒给了绿城一次反击,上半场 42',0-0
阿甘速度很快，禁区前沿的混战，亚泰把球捅出底线,上半场 42',0-0
冯刚的角球，中路吴亚轲出击，稳稳把球摘下,上半场 43',0-0
胡斯蒂左路斜吊禁区，杜震宇跟上，禁区内两名队员夹防下，杜震宇想用外脚背把球领到身前,上半场 44',0-0
想法虽然不错，但没有领过来，球被曹轩拦下,上半场 44',0-0
冯刚中前场的一次过顶挑传，被出击的吴亚轲再次没收,上半场 44',0-0
杜震宇和胡斯蒂应该是有一个换位，给绿城的防守带来了一定的影响,上半场 45',0-0
亚泰前场3名外援之间的配合造成一次威胁,上半场 45',0-0
阿克斯向前分给胡斯蒂，胡斯蒂巧妙的直塞,上半场 45',0-0
禁区内的莫雷罗有机会就果断起脚，低射被顾超得到,上半场 45',0-0
上半场补时1分钟,上半场 45',0-0
阿甘左路接过同伴的长传，横敲到弧顶给博桑季奇,上半场 46',0-0
博桑季奇有些犹豫，被阎峰从身后上抢破坏,上半场 46',0-0
亚泰的反击机会，裴帅塞给身前的杜震宇,上半场 47',0-0
裴帅出球的瞬间被博桑季奇踩了一下，痛苦倒地,上半场 47',0-0
亚泰的球员看到裴帅倒地，把球踢出了边线,上半场 47',0-0
裴帅问题不大，比赛继续,上半场 47',0-0
亚泰中场拿球，这个时候上半场的补时时间已经到了,上半场 47',0-0
主裁李海河一声哨响，略显沉闷的上半场结束了,上半场 47',0-0
感觉上半场好和谐啊，没有黄牌，也没有令人兴奋的进攻，只有你来我往却并不激烈的拼抢,中场,0-0
相比于亚泰，作客的绿城踢的更从容一些，右路陈柏良依靠个人能力曾制造了两个前场定位球和一次被博桑季奇浪费的准助攻,中场,0-0
亚泰这边主攻边路，胡斯蒂，杜震宇，阿克斯轮番给锋霸莫雷罗输送炮弹,中场,0-0
莫雷罗也是一有机会就果断打门，但效果都不理想，没有给顾超造成麻烦,中场,0-0
两队重兵屯于后防都显得很保守，希望下半场两队能够在进攻上做出一些改变，让比赛好看起来,中场,0-0
双方球员重新回来，下半场马上开始,中场,0-0
李海河哨响，下半场开战,下半场 1',0-0
亚泰开球，第一攻给到左侧张笑非,下半场 1',0-0
张笑非给到胡斯蒂，在往前交到裴帅，给的有点短,下半场 1',0-0
裴帅拼抢撞人犯规了,下半场 2',0-0
亚泰后场起球，长传到锋线上的莫雷罗,下半场 2',0-0
莫雷罗被后卫挡住，追赶不及，球被顾超没收,下半场 2',0-0
亚泰下半场一上来加强了进攻,下半场 3',0-0
阎峰的中路渗透被对手踢出来,下半场 3',0-0
亚泰外围把球控制好，重新在组织,下半场 3',0-0
左路吊入禁区内，胡斯蒂跟进，胸部一停，想回做给杜震宇，没有成功,下半场 4',0-0
亚泰继续在左边路发难,下半场 4',0-0
张笑非的下底传中，被王林挡出底线,下半场 4',0-0
胡斯蒂开出角球，莫雷罗抢到落点，顶出一记反弹球到门前,下半场 5',0-0
蒋哲顺势一垫，高了，打在球网顶端,下半场 5',0-0
亚泰左路大范围的吊向禁区内，莫雷罗后点想顶一个弧线球，奔向大门上角,下半场 6',0-0
想法不错，但顶的效果一般，顾超回撤两步把球摘下,下半场 6',0-0
亚泰下半场攻势显得很迅猛,下半场 6',0-0
又是左路，胡斯蒂张弓搭箭，传向禁区,下半场 6',0-0
莫雷罗后插上，冲顶，可惜没有抢过曹轩,下半场 7',0-0
阿克斯中场梳理一下，张笑非左路上来接应,下半场 7',0-0
在给到胡斯蒂，胡斯蒂突破面对两个人，没办法，只能转身向后,下半场 8',0-0
张笑非插上，低球给到禁区内的莫雷罗,下半场 8',0-0
莫雷罗回做给阎峰，阎峰射门疲软，被后卫挡出来,下半场 8',0-0
绿城后场拿球，曹轩横敲斯皮拉诺维奇，在分右路给王林,下半场 9',0-0
王林交给回撤接应的陈柏良，陈柏良背身拿球被对方踢翻在地,下半场 9',0-0
博桑季奇前场过渡给到范晓冬，范晓冬回敲赵宇豪,下半场 9',0-0
赵宇豪险些被胡斯蒂断下啊，危险,下半场 9',0-0
冯刚中路拿球，横敲赵宇豪，赵宇豪过渡之后给到右侧,下半场 10',0-0
绿城十分耐心的传递，交到王林这边,下半场 10',0-0
王林送出一个长传想找拉蒙，给大了,下半场 10',0-0
绿城阵地进攻的办法确实不多,下半场 11',0-0
亚泰右路传蒋哲，范晓冬不敢大意，把球踢出边线,下半场 11',0-0
亚泰前场进攻，杜震宇弧顶附近拿球，对方逼抢上来,下半场 11',0-0
杜震宇交给阿克斯，阿克斯送出直塞，给的不错,下半场 12',0-0
胡斯蒂禁区内横向盘带，在交给莫雷罗，莫雷罗回敲给杜震宇，杜震宇打门被后卫挡出,下半场 12',0-0
阿克斯外围的过顶球传入禁区后点，胡斯蒂在前面一晃，后点莫雷罗停球失误，打在手臂上,下半场 13',0-0
阿克斯连续两脚传递都送的不错，威胁很大,下半场 13',0-0
绿城前场传递出现失误,下半场 13',0-0
阿克斯中场突破遭到对手犯规,下半场 13',0-0
亚泰快发找到莫雷罗,下半场 13',0-0
莫雷罗分左路交给胡斯蒂,下半场 14',0-0
胡斯蒂下底传中，莫雷罗中路抢点，没有碰到,下半场 14',0-0
绿城换人了，罗竞替下了博桑季奇,下半场 14',0-0
裴帅中路得球，拉球过人，给到杜震宇,下半场 15',0-0
杜震宇在送直塞给插上的张笑非,下半场 15',0-0
张笑非下底，低球给到门前，莫雷罗插上，位置不错,下半场 15',0-0
但还是被回防的后卫抢先铲出底线,下半场 16',0-0
亚泰的角球开入禁区中央，顾超单拳把球打出禁区,下半场 16',0-0
外围亚泰拿到第二点再把球顶入禁区，伊斯梅洛夫接力在顶到小禁区范围,下半场 17',0-0
裴帅再抢，抬脚过高犯规,下半场 17',0-0
张笑非左路防守罗竞，吃到了一张黄牌,下半场 17',0-0
罗竞也是被重重的踢倒在地,下半场 17',0-0
绿城任意球开到后点，拉蒙把球停好，面对张笑非，闪出空当，在传向门前,下半场 18',0-0
蒋哲争抢头球，解围出禁区,下半场 18',0-0
外围冯刚来一脚，偏出不少啊,下半场 18',0-0
亚泰前场逼抢非常紧迫，绿城选择开大脚长传,下半场 19',0-0
左路的进攻范晓冬再把球往中间交，被阻断,下半场 19',0-0
胡斯蒂拿球转身，被斯皮拉诺维奇挡出边线,下半场 19',0-0
双方下半场的进攻依然只是雷声大雨点小，都没有打出多少威胁,下半场 20',0-0
亚泰继续猛攻左路,下半场 20',0-0
胡斯蒂弯刀传中，莫雷罗跟进抢点，又是差了半步,下半场 21',0-0
胡斯蒂左路过渡到中间，裴帅视野开阔，在交右路蒋哲,下半场 21',0-0
范晓冬防守到位，一个铲抢，踢在蒋哲身上出了边线,下半场 22',0-0
孙捷后场横拨到伊斯梅洛夫面前,下半场 22',0-0
阎峰回撤接应，在给到阿克斯脚下,下半场 22',0-0
左路张笑非插上助攻，拿球想来个人球分过，没有成功,下半场 23',0-0
亚泰进球了,下半场 23',1-0
15号中后卫孙捷的进球,下半场 23',1-0
亚泰右路制造攻势，蒋哲直塞给禁区内下底的胡斯蒂，胡斯蒂传中到门前，曹轩抢在莫雷罗之前解围出底线,下半场 24',1-0
亚泰正是利用这个角球形成了破门,下半场 25',1-0
胡斯蒂角球开出，前点伊斯梅洛夫吸引防守，后点顾超出击没有拿到，孙捷弹腿把球垫入大门,下半场 26',1-0
亚泰进球之后来了气势，连续的组合拳攻击对方,下半场 26',1-0
左路裴帅送出直塞，胡斯蒂禁区内小角度的打门，顾超倒地把球挡出,下半场 26',1-0
斯皮拉诺维奇第二点补一脚，解围出底线,下半场 27',1-0
胡斯蒂角球又来，造成巨大威胁,下半场 27',1-0
角球前点砸到伊斯梅洛夫身上，到了中间，莫雷罗倒地扫射，结果变成传球，孙捷门前1米的位置打门被王林在门线上挡住,下半场 28',1-0
这个球几乎就要打进了，王林立了一功啊,下半场 28',1-0
右路胡斯蒂这次的角球，没有造成威胁,下半场 28',1-0
亚泰左路反击的机会,下半场 28',1-0
又是一个直塞，给到莫雷罗，莫雷罗漂亮的反越位,下半场 29',1-0
不过边裁举旗了，判了莫雷罗的越位，慢镜头来看，这是个不折不扣的误判,下半场 29',1-0
亚泰中场拿球，距离大门60多米外突然的一记超远吊门,下半场 30',1-0
来自中卫伊斯梅洛夫，吊门非常靠谱啊，顾超后退到门线前，不知道是否碰了一下，但球是砸中了横梁,下半场 31',1-0
亚泰的进攻高潮一浪高过一浪,下半场 31',1-0
绿城中场控球，又被亚泰迅速抢断,下半场 32',1-0
左路直传，杜震宇杀到角旗附近,下半场 32',1-0
杜震宇把球护住，王林上来一记扫堂腿，连人带球都不放过，犯规,下半场 32',1-0
亚泰任意球给到门前，前点，斯皮拉诺维奇头球一蹭解围出来,下半场 33',1-0
亚泰外围斜吊禁区内，杜震宇插上头球没有蹭到,下半场 33',1-0
王林右路拿球，杜震宇逼抢犯规了,下半场 33',1-0
杜震宇手上有些动作，招致了绿城的不满,下半场 34',1-0
绿城中路渗透，禁区中央阿甘停球稍大，被对方一个关门,下半场 34',1-0
裴帅左路防守王林犯规,下半场 34',1-0
绿城快开任意球，罗竞右路插上，内切到禁区内,下半场 35',1-0
罗竞选择了自己起脚，但禁区右侧的角度不是很好，射门稍稍打偏,下半场 35',1-0
绿城再次获得一个前场的定位球,下半场 36',1-0
左路一阵乱战，但球还是传到了禁区之内,下半场 36',1-0
拉蒙背身倚住后卫，想把球卸下，但是滑倒了,下半场 36',1-0
想要点球吗，裁判并没有吹,下半场 36',1-0
比赛已经过了80分钟，绿城算上补时也就只有10分钟左右了,下半场 37',1-0
绿城抓紧进攻，赵宇豪中路给到冯刚，冯刚往右路转移,下半场 38',1-0
绿城右路突破，罗竞隐蔽的直塞，传入禁区内,下半场 38',1-0
拉蒙顺势插上，但吴亚轲出击快了一步，抢先把球得到，拉蒙收脚不及，带到了吴亚轲,下半场 39',1-0
吴亚轲受伤倒地，接受治疗,下半场 39',1-0
这个时候亚泰终于是换人了,下半场 39',1-0
李光替补上来，换下阎峰,下半场 39',1-0
对位的换人，老将阎峰体力消耗殆尽，生力军李光上来增加防守强度,下半场 40',1-0
杜震宇在中圈附近又是倒地受伤,下半场 40',1-0
和罗竞对脚的时候受伤,下半场 41',1-0
杜震宇起身自己活动一下，问题不大,下半场 41',1-0
王林边路和杜震宇的对位又是比较火爆啊，两个人都有些火气,下半场 42',1-0
两人争夺球权出界，裁判吹给了亚泰的球权,下半场 42',1-0
杜震宇和王林还是有些小摩擦，主裁判给了王林一张黄牌,下半场 43',1-0
王林气急败坏啊，一直投诉裁判，还指着杜震宇,下半场 43',1-0
全场球迷一阵嘘声，队长曹轩也是赶紧上来拉开了王林，对绿城来说时间紧迫,下半场 44',1-0
亚泰再次换人，马晓磊替补上来，换下杜震宇,下半场 44',1-0
绿城左路进攻，阿甘被吹越位,下半场 44',1-0
蒋哲右路助攻上前，传中落点比较靠外,下半场 45',1-0
不过左路球权还在亚泰手中,下半场 45',1-0
下半场补时4分钟,下半场 45',1-0
绿城断球立即组织进攻,下半场 45',1-0
左路阿甘制造了一个前场的定位球,下半场 46',1-0
绿城把球送入禁区内，落点很刁钻，但还是被亚泰抢先解围,下半场 46',1-0
亚泰这个球解围不远，绿城外围第二点又顶在亚泰的球员身上,下半场 47',1-0
罗竞禁区内把球停下，禁区内人数众多，无法起脚,下半场 47',1-0
最后的打门还是被后卫所挡出,下半场 47',1-0
莫雷罗前场潇洒的停球，慢悠悠的护住球，往边路带,下半场 48',1-0
范晓冬身后情急之下出现急躁情绪，下黑脚踢翻莫雷罗,下半场 49',1-0
范晓冬吃到黄牌一张,下半场 49',1-0
亚泰再次换人，李尚替下胡斯蒂,下半场 49',1-0
胡斯蒂下场有拖延时间的嫌疑被黄牌警告,下半场 50',1-0
不过胡斯蒂依然是慢悠悠，结果阿甘火气来了，阿甘上来推了胡斯蒂一把,下半场 50',1-0
场上出现小规模冲突,下半场 51',1-0
主裁判并没有给阿甘任何的惩罚,下半场 51',1-0
比赛继续，左路绿城把球挑给阿甘，蒋哲一个飞腿直接踢到阿甘头上，把阿甘踢翻在地,下半场 51',1-0
蒋哲也吃到黄牌,下半场 51',1-0
不过这次更加引发了冲突，刚才的小规模冲突出现升级,下半场 51',1-0
连顾超都跑了过来,下半场 51',1-0
冲突中拉蒙也吃到了一张黄牌,下半场 51',1-0
绿城左路任意球，这是最后的机会了,下半场 51',1-0
任意球直接吊入禁区，第一点还是亚泰球员先抢到,下半场 51',1-0
绿城抢下第二点在传，越位了,下半场 51',1-0
这个时候主裁判李海河吹响了全场结束的哨音,完赛,1-0
比赛最后阶段竞争非常的激烈，最后时刻还引发了冲突,完赛,1-0
最终，亚泰主场1-0力擒来访的绿城，实现赛季双杀的同时也保证了自己提前3轮保级成功,完赛,1-0
绿城在输掉这场之后积分停留在28分，保级的形势稍显严峻起来，好在他们赛程还不错，只要把握好后面的比赛，主动权依然还在自己手里,完赛,1-0
亚泰在获得这场重要胜利之后，球员们也是手拉手绕场一周进行谢场，看得出提前完成保级任务球员们也是非常高兴，如释重负,完赛,1-0
最后祝愿亚泰在最后三轮能够再接再厉获得更好的名次，也祝福绿城能够打好接下来的比赛顺利保级,完赛,1-0
好了，本场比赛就为大家直播到这里，非常感谢大家的陪伴，祝大家中秋节快乐，我们下次直播再见！,完赛,1-0
