各位新浪网友大家好，欢迎来到新浪体育观看精彩的直播节目,未赛,0-0
本次直播给大家带来的是2015赛季中超联赛第21轮，长春亚泰主场迎战上海申鑫的比赛,未赛,0-0
亚泰近6轮2胜2平2负，虽然缺少连胜抢分的表现，但亚泰的积分达到24分，保持住了对榜尾战团的积分优势（亚泰少赛一场）,未赛,0-0
本赛季亚泰前9个主场战绩为4胜1平4负，打入14球失13球。此战面对申鑫是必须拿下的，这场战役对后半段的收尾意义重大,未赛,0-0
申鑫近6轮取得了1胜3平2负的战绩，对照本赛季整体走势总算是有所反弹，但目前仅积10分仍落后其他中超球队至少8分，形势非常严峻,未赛,0-0
赛程仅剩三分之一，能否尽快地形成持续抢分，直接决定着申鑫是否还有保级希望，五轮之内必须迎头赶上，否则收官阶段对申鑫将失去意义,未赛,0-0
本赛季申鑫前11个客场战绩为1胜2平8负，打入12球失球多达30个，客场如此糟糕的成绩不禁让人替申鑫本场的前景捏了一把汗,未赛,0-0
中超交锋史上亚泰对申鑫5胜1平5负，而亚泰主场对阵申鑫1胜4负，这个数据能提振申鑫在客场的斗志，但本赛季首回合亚泰在客场4-1大胜申鑫,未赛,0-0
申鑫本场发布的海报有一个副标题：“逆水行舟，一篙不可放缓；滴水穿石，一滴不可弃滞”，这样的想法也昭示申鑫全队希望通过努力完成保级重任,未赛,0-0
亚泰VS申鑫，亚泰面对在生死线上挣扎的申鑫能否在主场顺利过关，申鑫能否打出水平让人们看到保级的曙光，25日19点，我们准时相约在这里,未赛,0-0
大家好，欢迎来到直播间观看精彩的中超联赛！,未赛,0-0
欢迎广大网友提出对于本场比赛您所感兴趣的问题，我们将挑选一些有代表性的进行解答和探讨！,未赛,0-0
双方首发已经出炉，马祖替补，宋振瑜因伤继续缺阵， 锋线上莫雷罗PK丹尼尔,未赛,0-0
亚泰先发：门将：1-吴亚轲 ，后卫：16-蒋哲、15-孙捷、5-伊斯梅洛夫、23-张笑非，中场：10-胡斯蒂、24-阎峰、25-阿克斯、6-裴帅、8-杜震宇，前锋：9-莫雷罗,未赛,0-0
亚泰替补：7-韩德明、14-邵帅、17-马晓磊、22-李尚、30-祎凡、31-马祖、32-李光,未赛,0-0
申鑫先发：门将：14-张一诺，后卫：30-陈伟、29-黄威、26-乔尼、2-胡鸣飞，中场：5-姜嘉俊、16-于涛、33-巴兰特斯、8-池忠国、7-杨家威，前锋：27-丹尼尔,未赛,0-0
申鑫替补：11-艾弗顿、15-张文涛、18-叶重秋、20-吴毅臻、22-林祥、28-陈灝、31-崔仁,未赛,0-0
今天的主裁判是王哲,未赛,0-0
在联赛还有十轮的情况下，长春亚泰希望在主场抢分，早早上岸，而上海申鑫要想创造保级奇迹，每一场都要全力争胜,未赛,0-0
赛前仪式都已经结束了，比赛马上开始,未赛,0-0
王哲一声哨响，上半场比赛开始,上半场,0-0
客场作战的申鑫率先开球,上半场 1',0-0
今天客场作战的申鑫身穿蓝色战袍，从画面左侧向右侧进攻,上半场 1',0-0
主场作战的亚泰则是传统红色球衣从右侧向左侧进攻,上半场 1',0-0
今天长春下了一下午的雨，场地肯定是比较湿滑的，现场的温度比较凉爽,上半场 2',0-0
申鑫右路进攻被断,上半场 2',0-0
亚泰右侧的反击，创造了角球的机会,上半场 3',0-0
胡斯蒂角球送入禁区内，第一下被顶出来,上半场 3',0-0
第二下再送进去，进攻队员越位,上半场 3',0-0
申鑫的进攻， 直接找到丹尼尔,上半场 4',0-0
申鑫破门了，梦幻开局,上半场 4',0-1
来自妖锋丹尼尔,上半场 4',0-1
丹尼尔杀入禁区面对孙捷，轻巧一扣，晃过孙捷，面对出击的吴亚轲小角度推射破近角,上半场 5',0-1
亚泰也是打出一次精彩的攻势,上半场 5',0-1
胡斯蒂右路突施冷箭，击中立柱滚出底线,上半场 6',0-1
失球后的亚泰持续给对手压力,上半场 6',0-1
申鑫反击丹尼尔突破被放倒在地,上半场 7',0-1
今天丹尼尔身体状态非常不错啊,上半场 7',0-1
亚泰边路的进攻在创造一个角球,上半场 7',0-1
刚才网络出现了一些问题，耽误了一小会，请大家见谅,上半场 13',0-0
亚泰的角球开出，裴帅外围的远射，打高,上半场 14',0-1
丹尼尔这边禁区内头球回做，池忠国的一脚爆射，被后卫挡出来,上半场 14',0-1
申鑫今天的进攻效率很高,上半场 14',0-1
申鑫的角球，左侧角球给到后点,上半场 14',0-1
丹尼尔后点远射，阎峰在门线上把球解围，，太危险了,上半场 15',0-1
亚泰扳平了比分,上半场 15',1-1
来自前锋莫雷罗,上半场 15',1-1
莫雷罗的进球和丹尼尔那个如出一辙,上半场 15',1-1
右后卫黄威底线附近处理球拖沓被莫雷罗直接断下，莫雷罗杀入禁区，乔尼补防上来，莫雷罗直接小角度打门，张一诺没有封堵住近角,上半场 17',1-1
申鑫前场定位球机会,上半场 23',1-1
禁区内乔尼和丹尼尔等头球高手都埋伏进去,上半场 23',1-1
球给到后点，吴亚轲出击,上半场 23',1-1
亚泰的进攻很耐心，从中路渗透,上半场 24',1-1
申鑫后场出球被断,上半场 24',1-1
亚泰就地的反击,上半场 24',1-1
胡斯蒂直接起脚了，兜射远角，出了底线,上半场 24',1-1
申鑫的防线漏洞比较大啊,上半场 25',1-1
蒋哲前场拿球，右路斜传禁区,上半场 25',1-1
禁区内杜震宇后点包抄，不等球落地，直接一脚凌空，高了,上半场 28',1-1
申鑫的防守在哪里呀,上半场 28',1-1
杜震宇左路一次精彩的突破，圆月弯刀传中,上半场 28',1-1
莫雷罗中路的鱼跃头球，高了,上半场 28',1-1
主场作战的亚泰扳平之后气势逐渐上来了，申鑫的防守比较吃力,上半场 29',1-1
比赛的节奏打的比较快，不知不觉30分钟了,上半场 29',1-1
阎峰中路抢断，巴兰特斯急躁的一次拼抢，动作比较大,上半场 29',1-1
王哲毫不犹豫的对他出示一张黄牌,上半场 30',1-1
申鑫的一次长传，打身后,上半场 30',1-1
陈伟右侧插入禁区肋部，危险了,上半场 30',1-1
吴亚轲出击非常迅猛，抢在陈伟之前把球解围出来,上半场 30',1-1
吴亚轲也是受伤倒在地上,上半场 31',1-1
简单治疗后没有问题,上半场 31',1-1
比赛继续进行，亚泰右路高效的配合传递,上半场 31',1-1
蒋哲传中到后点，杜震宇在端到中央,上半场 31',1-1
乔尼把球解围出来,上半场 32',1-1
亚泰左路继续猛攻，杜震宇直塞，张笑非下底,上半场 32',1-1
张笑非跑早了，越位,上半场 32',1-1
亚泰继续在两个边路做文章，右路的过顶传球被乔尼挡出底线,上半场 33',1-1
胡斯蒂角球开出，前点头球攻门，被对手碰了一下有个变线,上半场 33',1-1
球出了底线，另一侧的角球，亚泰继续攻,上半场 33',1-1
伊斯梅洛夫的身材非常高大，站在禁区内非常显眼,上半场 34',1-1
杜震宇角球开进去，莫雷罗后点把球拿住,上半场 34',1-1
莫雷罗脚腕一抖，在给到门前,上半场 36',1-1
伊斯梅洛夫铲射，差之毫厘，危险啊,上半场 38',1-1
申鑫右边路进攻，就是找丹尼尔，丹尼尔内切之后的射门，偏出远角,上半场 38',1-1
阿克斯禁区左侧突破，姜嘉俊防守犯规,上半场 38',1-1
亚泰的定位球给入禁区，没有造成威胁,上半场 39',1-1
胡斯蒂左路盘带，闪开一个空当，直接传进去,上半场 39',1-1
后点莫雷罗凌空弹射，却变成一记传中,上半场 39',1-1
杜震宇中路顺势头球一顶，高了,上半场 39',1-1
亚泰右路在起斜传，后点杜震宇包抄到位,上半场 40',1-1
黄威抢在杜震宇身前后蹭解围出底线,上半场 40',1-1
裁判没有给角球，而是先吹了杜震宇的越位,上半场 40',1-1
阎峰中场争顶犯规，压倒了陈伟,上半场 41',1-1
上半场接近尾声了,上半场 41',1-1
丹尼尔前场交给巴兰特斯，巴兰特斯视野非常开阔,上半场 41',1-1
巴兰特斯大范围转移到左侧插上的胡鸣飞,上半场 44',1-1
胡鸣飞的传中没有掌握好，直接飞出底线,上半场 44',1-1
于涛右路争抢头球和黄威撞在一起,上半场 46',1-1
裁判吹停了比赛，黄威接受治疗,上半场 46',1-1
上半场补时1分钟,上半场 46',1-1
黄威简单治疗之后回到场内，胡斯蒂友好的把球权踢还给申鑫,上半场 46',1-1
申鑫重新组织进攻，长传找丹尼尔,上半场 46',1-1
孙捷紧盯丹尼尔，手上有轻微的拉人动作，比较隐蔽,上半场 46',1-1
吴亚轲出击把球摘下,上半场 46',1-1
双方中场绞杀，亚泰把球碰出了边线,上半场 46',1-1
申鑫中场倒脚，中路送直塞，被断,上半场 46',1-1
随着申鑫的这次进攻失败主裁王哲顺势吹响了半场结束的哨音,中场,1-1
上半场双方锋霸各入一球，暂时1-1打平，莫雷罗和丹尼尔都是凭借个人能力攻入了精彩入球,中场,1-1
申鑫开场闪电得分彻底激起了主队的斗志，亚泰先丢一球之后展开猛烈反击，并且获得了很多好机会,中场,1-1
申鑫上半场场面上还是处于劣势，尤其后防有些混乱，好几次禁区内盯人不紧被对方抢点攻门,中场,1-1
申鑫若想有所建树，先要解决好后防问题,中场,1-1
亚泰这边下半场肯定会继续加强攻势，主场面对副班长必须无条件拿下,中场,1-1
申鑫可以抓住主队急于取胜的心态先稳住防守，拼耐心，利用反击寻求机会,中场,1-1
休息回来，下半场马上开始,中场,1-1
下半场开始了，双方易边再战,下半场 1',1-1
双方主帅按兵不动，都暂时没有换人,下半场 1',1-1
莫雷罗杀入禁区摔倒了，主裁表示比赛继续,下半场 1',1-1
申鑫后场起球，丹尼尔动作太大，直接飞铲踢翻蒋哲,下半场 2',1-1
丹尼尔这个球亮了鞋底，双脚离地的飞铲,下半场 2',1-1
王哲甚至连黄牌都没有出示，这个不应该,下半场 2',1-1
亚泰左路进攻，禁区内张笑非一扣，在交给裴帅,下半场 3',1-1
裴帅回做，王哲鸣哨，裴帅进攻犯规,下半场 3',1-1
丹尼尔拿球，杀入禁区面对伊斯梅洛夫,下半场 3',1-1
丹尼尔过掉了伊斯梅洛夫，吴亚轲迅速的出击，扑了一下丹尼尔脚下球,下半场 4',1-1
孙捷控制第二落点，把球解围,下半场 5',1-1
申鑫换人，姜嘉俊下，张文涛上,下半场 6',1-1
申鑫角球给到后点，被亚泰解围,下半场 6',1-1
亚泰进攻来到左侧，莫雷罗禁区左角凌空一记爆射,下半场 6',1-1
.莫雷诺打出世界波，一记天外飞仙击中横梁，好精彩的一脚射门,下半场 7',1-1
亚泰本场一次横梁一次门柱啊,下半场 7',1-1
池忠国中路组织进攻,下半场 11',1-1
突然一记过顶，给到右侧,下半场 11',1-1
右路的同伴没有停好，出了底线,下半场 11',1-1
巴兰特斯中路的直塞球，被挡出来,下半场 12',1-1
亚泰右路反击的机会,下半场 12',1-1
裴帅出球慢了，被断,下半场 12',1-1
申鑫再送长传找丹尼尔，申鑫本场的唯一战术就是交给丹尼尔来冲击,下半场 12',1-1
丹尼尔速度非常快，把后卫甩开，突入禁区内，吴亚轲出击很快,下半场 13',1-1
吴亚轲的出击干扰了丹尼尔，丹尼尔最后的射门偏出,下半场 13',1-1
胡斯蒂左路也是杀入了禁区,下半场 13',1-1
胡斯蒂左侧角度太小，传中被张一诺挡出底线,下半场 13',1-1
亚泰的角球踢前点，被解围下来,下半场 14',1-1
杨家威反击，自己中路带球,下半场 14',1-1
孙捷后场把球断下来,下半场 14',1-1
莫雷罗右路回撤接应，出球被乔尼挡出边线,下半场 14',1-1
莫雷罗今天状态非常棒,下半场 15',1-1
亚泰前场获得一记定位球,下半场 15',1-1
蒋哲和胡斯蒂都站在球前,下半场 15',1-1
胡斯蒂直接打门，被人墙挡出,下半场 15',1-1
亚泰进攻在给入禁区，胡斯蒂回做，裴帅抽射，稍稍偏出远角,下半场 16',1-1
亚泰左路角球，前点被解围，继续角球,下半场 16',1-1
亚泰角球再次开出，禁区中间张文涛解围失误，直奔自家门前,下半场 17',1-1
亚泰队门前抢点冲撞了张一诺,下半场 17',1-1
申鑫长传反击，杨家威被吹越位,下半场 17',1-1
申鑫不断利用长传发动进攻,下半场 20',1-1
申鑫的战术非常简单就是找丹尼尔和巴兰特斯,下半场 20',1-1
申鑫右路突破，传中制造险情，蒋哲解围受伤,下半场 20',1-1
蒋哲这个解围很关键啊,下半场 21',1-1
亚泰右路反越位，莫雷罗突破到禁区内,下半场 21',1-1
莫雷罗没有射门角度，横向推给中间，被解围,下半场 21',1-1
丹尼尔中场拼抢拉人犯规,下半场 22',1-1
申鑫换人，吴毅臻替下了陈伟,下半场 22',1-1
亚泰左路传中低球给到中间，裴帅包抄的打门被张一诺封堵,下半场 22',1-1
亚泰在补射第二点，没有抢到,下半场 23',1-1
亚泰也换人，韩德明替下裴帅,下半场 23',1-1
亚泰左路角球机会,下半场 24',1-1
给到中央，阿克斯中路头球顶高了,下半场 24',1-1
申鑫前场获得一个定位球机会,下半场 24',1-1
池忠国假跑，巴兰特斯传入禁区，没有给好,下半场 25',1-1
申鑫右路反击，突破传中，吴亚轲稳健的没收,下半场 25',1-1
亚泰马上组织反击，今天双方的节奏很快，比赛也很好看,下半场 25',1-1
阎峰禁区外有远射的机会，重炮轰门，被张一诺封堵,下半场 26',1-1
申鑫反击还是老样子，长传找丹尼尔,下半场 26',1-1
丹尼尔面对两名后卫努力的追，速度很快,下半场 26',1-1
蒋哲最后时刻飞身一铲，把球交回给吴亚轲,下半场 26',1-1
胡鸣飞左路拿球，一记斜传直接给禁区内，力量过大，飞出底线,下半场 27',1-1
胡鸣飞这脚草率的传中有些失水准,下半场 28',1-1
孙捷后场长传，莫雷罗禁区边缘头球一点，给到中间杜震宇,下半场 28',1-1
杜震宇爆杆打门，高了,下半场 28',1-1
今天亚泰围绕着申鑫的大门狂轰乱炸啊,下半场 29',1-1
从场面来看申鑫一直比较被动，不过申鑫的反击随时可能致命,下半场 29',1-1
申鑫快攻，一脚直塞球丹尼尔杀入禁区单刀机会,下半场 31',1-1
又是表现神勇的吴亚轲，迅速出击，饿虎扑食啊，从丹尼尔脚下把球搂走,下半场 32',1-1
吴亚轲今天真是表现很好，注意力集中，出击也把握的很好,下半场 32',1-1
丹尼尔摔倒在地，一直没有起来，刚才被吴亚轲这下饿虎扑食给弄伤了,下半场 35',1-1
比赛继续，亚泰边路的推进被断,下半场 35',1-1
申鑫的反击，伊斯梅洛夫解围，申鑫角球机会,下半场 36',1-1
申鑫继续换人，派上了陈灏，加强进攻,下半场 36',1-1
亚泰左侧传中，韩德明前点精彩的鱼跃头球，被张一诺封出底线,下半场 36',1-1
亚泰用李光替下阿克斯,下半场 38',1-1
申鑫边路的进攻，还是丹尼尔单枪匹马在突,下半场 38',1-1
丹尼尔面对三名后防球员选择回做,下半场 38',1-1
陈灏跟进一脚射门，贴地箭稍稍偏出,下半场 39',1-1
亚泰这边迅速进攻到前场，胡斯蒂杀入禁区，还在带,下半场 39',1-1
胡斯蒂摔倒，裁判给了后场球，吹了进攻的犯规,下半场 40',1-1
双方白刃战啊，两边都是打快，迅速通过中场,下半场 40',1-1
申鑫右路下底，传中被吴亚轲没收,下半场 40',1-1
亚泰反击创造角球,下半场 40',1-1
.杜震宇被马祖替下，双方都用完了换人名额,下半场 41',1-1
亚泰战术角球，左侧胡斯蒂传中,下半场 41',1-1
禁区内孙捷头球一蹭，马祖后点垫射，偏出,下半场 41',1-1
双方大开大合啊，都不甘于平局,下半场 41',1-1
申鑫前场阵地战，丹尼尔拉边到左侧,下半场 42',1-1
丹尼尔斜传禁区，想给插上的陈灏，没有把握好,下半场 42',1-1
亚泰中路渗透，在分到边路,下半场 44',1-1
边路张笑非回做短了,下半场 44',1-1
双方这个时候体能都不足了，都咬牙坚持,下半场 44',1-1
韩德明左路突破被对方拉倒,下半场 44',1-1
亚泰把球给入禁区，后点伊斯梅洛夫摆渡到门前,下半场 45',1-1
中间没有队友跟进,下半场 45',1-1
亚泰左侧大范围传球，右侧马祖速度很快,下半场 45',1-1
张一诺坚决的出击，抢先把球摘下,下半场 46',1-1
韩德明左路快速带球被张文涛拉倒,下半场 46',1-1
亚泰再次把球送入禁区，孙捷头球攻门，被张一诺摘下,下半场 46',1-1
今天亚泰的攻门次数非常多啊，就是只开花不结果,下半场 46',1-1
下半场补时3分钟,下半场 46',1-1
亚泰还是选择左路来攻,下半场 47',1-1
传中时候马祖越位了,下半场 47',1-1
申鑫左侧推进，胡鸣飞给到陈灏,下半场 47',1-1
申鑫把球过渡到右路,下半场 48',1-1
右路张文涛得球，一脚传中，给的太离谱，直接交给吴亚轲了,下半场 48',1-1
亚泰抓紧最后几十秒，长传被申鑫顶回到中场,下半场 48',1-1
双方中场争抢，都没有能够拿住球,下半场 49',1-1
这个时候王哲吹响了比赛结束的哨音,完赛,1-1
全场比赛结束，凭借上半场莫雷罗和丹尼尔的各入一球双方1-1最终握手言和，遗憾写满了双方球员的脸上,完赛,1-1
亚泰目前的分数来看保级压力不算大，所以主场取得1分虽显得遗憾但也能够接受,完赛,1-1
相比于亚泰，对于申鑫来说这1分不够解渴，他们确实落后太多，这场平局不能解决问题，他们只能盼望身前球队不要在拉大差距,完赛,1-1
申鑫本场也有一定的机会，而且早早就取得了领先，但他们仅靠一个丹尼尔是解决不了问题的,完赛,1-1
进攻过于简单粗暴，没有战术可言，申鑫这么踢下去绝对不是办法，希望他们能够找到适合自己的打法，好好把握余下的比赛吧,完赛,1-1
亚泰全场24脚射门，几乎是对手的两倍，没有拿下来确实很遗憾，一次横梁一次门柱甚为可惜,完赛,1-1
但亚泰毕竟还少赛一场，下周中超间歇期亚泰将完成和永昌之间的补赛，如果能够顺利拿下亚泰很有希望杀入前八,完赛,1-1
最后祝福申鑫接下来的比赛好运，保级虽然已经困难重重，希望他们能够创造奇迹吧,完赛,1-1
好了，本场比赛就为大家直播到这里，非常感谢大家的陪伴，祝大家周末愉快，我们下次直播再见！,完赛,1-1
