各位新浪网友大家好，欢迎来到新浪体育观看精彩的直播节目,未赛,0-0
本次直播给大家带来的是2015赛季中超联赛第23轮，长春亚泰主场迎战天津泰达队的比赛,未赛,0-0
22轮过后亚泰积26分，距离保级区有一定优势。但算上8月1日与永昌的补赛，亚泰近4场联赛3平1负，4场比赛仅得3分争胜的需求在持续放大,未赛,0-0
亚泰本赛季前11个主场战绩为4胜2平5负。泰达本赛季前11个客场战绩为3胜1平7负。,未赛,0-0
泰达近9轮2平7负，目前仅积21分列积分榜倒数第3位，惨淡的走势让球迷们极为担忧，保级形势已迫在眉睫,未赛,0-0
中超交锋史上亚泰对泰达9胜6平4负，其中亚泰主场对泰达4胜4平1负优势甚为明显。,未赛,0-0
本赛季首回合，泰达主场1-1战平亚泰。主场之利有望放大亚泰此战的抢分希望,未赛,0-0
泰氏兄弟的一场厮杀，两队都急于摆脱低迷的现状，看看究竟谁能抓住这反弹的机会,未赛,0-0
大家好，欢迎来到直播间观看精彩的中超联赛！,未赛,0-0
欢迎广大网友提出对于本场比赛您所感兴趣的问题，我们将挑选一些有代表性的进行解答和探讨！,未赛,0-0
亚泰方面本场发布了“有一种声音叫加油”的主题海报，一方面激励亚泰球员在比赛中团结协作，全力争胜。另一方面，希望天津人民在灾难面前团结一致，共度难关,未赛,0-0
场上是对手，场下我们乃至全国人民都与天津人在一起，大难面前展现吉林人的大爱无疆！,未赛,0-0
连续4轮不胜，让亚泰提前上岸计划推迟。亚泰仅比排名倒数第三的泰达高出5分，稍有不慎就会让保级压力骤增,未赛,0-0
上轮客战富力，打进扳平关键进球的杜震宇吃到黄牌，累计4张黄牌无缘本轮比赛。不过胡斯蒂、阎峰复出，补强了球队的攻击力和防守力,未赛,0-0
长春亚泰首发：门将：29-宋振瑜，后卫：16-蒋哲、15-孙捷、5-伊斯梅洛夫、23-张笑非，前卫：10-胡斯蒂、32-李光、31-马祖、6-裴帅、24-阎峰，前锋：9-莫雷罗,未赛,0-0
亚泰替补名单：1-吴亚轲、3-阎世鹏、7-韩德明、14-邵帅、19-曹紫珩、22-李尚、25-阿克斯,未赛,0-0
天津泰达首发：门将：29-杨启鹏，后卫：19-白岳峰、4-卢卡斯、3-普拉利甘吉、25-苑维玮，前卫：8-胡人天、32-瓦格纳、33-周通、6-周海滨、22-郭皓，前锋：9-巴尔克斯,未赛,0-0
泰达替补名单：1-宗磊、2-杨泽翔、13-王秋明、14-周燎、28- 范柏群、30-吕伟、31-塔纳塞,未赛,0-0
本场的主裁判是艾堃,未赛,0-0
现场画面非常令人感动，全场的球迷拿出了手机点亮看台为天津祈福，现场放着《给所有知道我名字的人》,未赛,0-0
双方球员已经入场，赛前有个默哀仪式，默哀天津爆炸去世的民众,未赛,0-0
这场比赛承载的意义太多了，希望双方球员都能够加油,未赛,0-0
艾堃哨响，上半场开始,上半场,0-0
做客的天津身穿白色战袍，从左侧向右侧进攻,上半场 1',0-0
主队亚泰身穿一身红衣，从右侧向左侧进攻,上半场 1',0-0
天津中场组织进攻，阎峰拼抢犯规,上半场 1',0-0
泰达的任意球直接吊向禁区,上半场 2',0-0
门将宋振瑜出击把球没收,上半场 2',0-0
蒋哲右路拿球，回敲给中间的伊斯梅洛夫,上半场 2',0-0
伊斯梅洛夫长传，给的略微高了一些，胡斯蒂头球一点，出界,上半场 2',0-0
泰达前场右侧的攻势，周海滨分边找白岳峰，出了边线,上半场 3',0-0
郭皓后场抢断，泰达顺势的长传,上半场 3',0-0
亚泰后场断球，裴帅急于向前，结果趟大,上半场 4',0-0
两队开场踢的比较开放，拿球之后向前的意识都很强,上半场 4',0-0
周通左路的突破，直塞海盗巴尔克斯,上半场 5',0-0
巴尔克斯被亚泰的后卫重点照顾，难以控下来,上半场 5',0-0
李光中路交给阎峰，在给胡斯蒂来组织,上半场 5',0-0
胡斯蒂发动长传，找右路的马祖，马祖启动早了，越位,上半场 6',0-0
巴尔克斯回撤接应，配合同伴组织进攻,上半场 6',0-0
泰达不着急，中场回敲一下给到卢卡斯,上半场 7',0-0
卢卡斯长传没有给准,上半场 7',0-0
泰达重新组织，右路卢卡斯直塞给白岳峰,上半场 7',0-0
白岳峰不停顿，直接在给周海滨，周海滨转身被对手拉倒,上半场 8',0-0
泰达右路打穿了亚泰的防线,上半场 8',0-0
周通迅速下底，速度很快,上半场 8',0-0
周通传中到后点，巴尔克斯头球攻门被后卫挡了一下落到禁区中央,上半场 9',0-0
伊斯梅洛夫反应很快，补防过来大脚踢出底线,上半场 9',0-0
泰达左路角球开出，禁区内普拉里干吉头球争抢对张笑非犯规,上半场 10',0-0
泰达组织进攻，亚泰摆好阵型迎战,上半场 10',0-0
中场莫雷罗的抢断，自己选择直接来一个吊射,上半场 11',0-0
结果吊射没有打出来，变成劲射，偏出左门柱，还是太远了,上半场 11',0-0
胡人天的右路突破，没能够把握好,上半场 12',0-0
亚泰进攻打左路，还是找核心胡斯蒂，胡斯蒂搓过顶交给同伴,上半场 12',0-0
亚泰左路下底传中，苑维玮把球解围,上半场 13',0-0
双方中场厮杀，缠斗比较激烈,上半场 13',0-0
亚泰今天的战术比较明确，得球之后主攻左路,上半场 14',0-0
裴帅失误传出界外,上半场 14',0-0
马祖右路得球，转身摆脱，苑维玮及时一挡，阻止了对手,上半场 15',0-0
胡斯蒂左路长传，精确找到右路助攻上来的蒋哲,上半场 15',0-0
蒋哲直接把球端给莫雷罗，郭皓手球犯规,上半场 16',0-0
亚泰获得一个右路的定位球机会,上半场 16',0-0
胡斯蒂传中，落点非常霸道，泰达防守漏掉了孙捷,上半场 16',0-0
孙捷小禁区前的头球后蹭，居然偏出远门柱，浪费机会啊,上半场 17',0-0
亚泰继续进攻，阎峰右路横敲，李光送直塞给禁区边缘的马祖,上半场 18',0-0
马祖拼抢对普拉里干吉犯规了,上半场 18',0-0
泰达中场比较盲目的长传，拱手把球权送到了宋振瑜面前,上半场 18',0-0
亚泰这边的进攻也是草草了事,上半场 19',0-0
泰达中路组织，交给瓦格纳，在直传给郭皓,上半场 20',0-0
郭皓分边到周通脚下，周通传中被顶出,上半场 20',0-0
泰达的进攻难觅良机，所以他们还是尽量在中场把球传起来，调度对方,上半场 21',0-0
亚泰左边交给张笑非，张笑非直接传到禁区前沿的莫雷罗,上半场 21',0-0
莫雷罗面对3，4名后卫，单枪匹马没法转身,上半场 21',0-0
阎峰右路给到李光，李光和蒋哲的配合,上半场 22',0-0
李光禁区边缘突破摔倒，裁判未予理睬,上半场 22',0-0
泰达任意球快发,上半场 23',0-0
左路周通下底,上半场 23',0-0
底线倒三角横传到禁区，中路包抄的同伴没有够到,上半场 23',0-0
巴尔克斯外围把球控制下来，突破被胡斯蒂铲出边线,上半场 24',0-0
亚泰后场抢断反击，胡斯蒂速度很快,上半场 24',0-0
泰达战术犯规,上半场 24',0-0
亚泰的进攻打到前场，边路横敲一下，莫雷罗中路有机会,上半场 25',0-0
莫雷罗起脚远射，被卢卡斯挡出,上半场 25',0-0
周海滨和胡斯蒂在中路拼抢，周海滨放铲没有碰到球,上半场 25',0-0
郭皓补防过来，胡斯蒂拼抢犯规,上半场 26',0-0
上半场踢了25分钟，场面十分乏善可陈,上半场 26',0-0
两队的进攻能力都是比较欠缺,上半场 26',0-0
亚泰左路来了一记天外飞仙，差点破门,上半场 27',0-0
张笑非左路在防守队员干扰下强行传中，但有点没踢好，结果直奔球门而去，砸中横梁,上半场 27',0-0
张笑非左侧界外球扔给胡斯蒂脚下,上半场 28',0-0
胡斯蒂转身往里走被周海滨撞翻,上半场 28',0-0
亚泰左侧底线附近，挨着大禁区线的位置，获得定位球,上半场 28',0-0
胡斯蒂给进去，伊斯梅洛夫包抄甩头，偏出立柱,上半场 29',0-0
泰达的长传，孙捷争顶在身后对巴尔克斯犯规,上半场 29',0-0
泰达传出一记过顶，宋振瑜出击把球踢出边线,上半场 30',0-0
巴尔克斯禁区前沿拿球面对好几名防守球员，妙传禁区内,上半场 30',0-0
胡人天斜侧里杀出，但慢了一步，被出击的宋振瑜先得到,上半场 31',0-0
从这个球就能看出巴尔克斯这个威胁确实很大啊，算是胡人天，天津这次进攻也就只有他们俩人参与,上半场 31',0-0
亚泰长传找莫雷罗，莫雷罗处在越位位置,上半场 32',0-0
天津这边的进攻，巴尔克斯停球出现了失误,上半场 32',0-0
场地比较湿滑，两队都不是很适应，传球也都不太准,上半场 33',0-0
长春下午淅淅沥沥下了好一阵的雨,上半场 33',0-0
莫雷罗拉边控球，胡斯蒂前插，莫雷罗没给，选择回敲,上半场 33',0-0
亚泰转移到右侧，阎峰被郭皓在身后踢倒,上半场 34',0-0
胡斯蒂来操刀这个定位球,上半场 34',0-0
胡斯蒂给到禁区前点，找马祖,上半场 34',0-0
马祖头球没有蹭到,上半场 35',0-0
泰达的反击，郭皓挑球过人，李光被迫选择战术犯规，踢倒对方,上半场 35',0-0
李光毫无悬念的吃到一张黄牌，这个球只能球过，不能人过啊,上半场 36',0-0
泰达前场推进到右侧，再次获得一个定位球,上半场 36',0-0
瓦格纳主罚，宋振瑜出击，双龙出海把球挡出,上半场 37',0-0
马祖左路的防守再次犯规,上半场 37',0-0
泰达定位球再一次吊向禁区内，伊斯梅洛夫控制了第一点,上半场 37',0-0
亚泰快速反击的机会，但是传递给到了死角，，没有了,上半场 38',0-0
泰达进球了,上半场 38',0-1
泰达抓住亚泰防线的一次失误，由胡人天破门,上半场 38',0-1
泰达的一个左路长传，本来威胁不大，但后防应该是孙捷出现了冒顶，球被巴尔克斯得到,上半场 40',0-1
，巴尔克斯带到禁区边缘横敲中路的瓦格纳，瓦格纳在塞入禁区右侧胡人天插上一脚低射，打了一个穿裆，攻破宋振瑜的大门,上半场 40',0-1
亚泰左路直塞，胡斯蒂迅速下底，传中高度不够,上半场 41',0-1
进球后泰达全体将士都双手指天，为天津祈福,上半场 42',0-1
泰达的反击，右路白岳峰赢得一个定位球,上半场 42',0-1
泰达传中到后点，普拉里干吉争顶落地时候崴脚了,上半场 43',0-1
普拉里干吉被担架抬出场,上半场 43',0-1
亚泰横向调动一下，右路的蒋哲起球给马祖,上半场 44',0-1
给大了，马祖没能追上，出了底线,上半场 44',0-1
上半场接近尾声了,上半场 44',0-1
亚泰扳平比分,上半场 45',1-1
禁区内的一通乱战，由莫雷罗打进,上半场 45',1-1
半场结束前，亚泰及时的扳平比分,上半场 45',1-1
亚泰右路传中，莫雷罗倒钩没有踢上，旁边的马祖接力也是一个倒钩，没有踢正但却弹到莫雷罗面前，莫雷罗迅速起身，外脚背撩射，杨启鹏反应不及,上半场 46',1-1
上半场补时2分钟,上半场 47',1-1
亚泰利用一次不是机会的机会扳平了比分，这个球有点乱拳打死老师傅的意思,上半场 47',1-1
阎峰后场防守，一个铲抢，干脆的把球断下,上半场 47',1-1
亚泰有反击的机会，一记跨半场的直塞，找插上的马祖,上半场 48',1-1
马祖速度非常的快，但还是杨启鹏出击把球拿到,上半场 48',1-1
艾堃吹响了半场结束的哨音,上半场 48',1-1
半场战罢，不算精彩的上半场，但双方都抓住了不多的机会，各自攻入一球,中场,1-1
泰达的进攻迟迟难以打出威胁，但亚泰后防一次解围踢呲帮助了他们,中场,1-1
亚泰这边，进攻多以左路为主，但进球却来自右路的一次策动，连续两个倒钩没有踢正，但却欺骗了泰达的防线,中场,1-1
在保级形势日益紧张的时候，亚泰与泰达的相互支持给这场如此重要的比赛增添不了不少温情。,中场,1-1
中场休息，亚泰的主场又放了一首我的好兄弟，“前方大路一起走，哪怕是河也一起过。”，感人至深的歌词，此时全场的球迷已经不再分主客,中场,1-1
休息回来，下半场马上开始,中场,1-1
亚泰有换人调整，裴帅下场，李尚替补登场,下半场,1-1
亚泰双胞胎兄弟，李光，李尚再次同场竞技,下半场,1-1
艾堃哨响，下半场比赛开始了,下半场 1',1-1
亚泰左路长传，给到莫雷罗,下半场 1',1-1
莫雷罗背身停好，在回做一下,下半场 1',1-1
亚泰从容的把球交给右侧,下半场 1',1-1
马祖斜传禁区，杨启鹏出击摘下,下半场 1',1-1
泰达前场赢得一个定位球,下半场 2',1-1
郭皓主罚，给入禁区内,下半场 2',1-1
第一点孙捷把球顶出,下半场 2',1-1
外围瓦格纳一脚打门，偏出,下半场 2',1-1
亚泰还是左翼的进攻，还是中后场的长传,下半场 3',1-1
李尚停球之后离身体稍远被断,下半场 3',1-1
李尚就地拼抢犯规了,下半场 3',1-1
泰达进攻交给中路的瓦格纳,下半场 4',1-1
瓦格纳带球突破被阎峰拉倒,下半场 4',1-1
泰达前场的这个定位球大概在30米开外，也属射程内,下半场 4',1-1
今天泰达获得了不少前场定位球了,下半场 4',1-1
瓦格纳直接打门了，放了高射炮,下半场 5',1-1
亚泰右路进攻，马祖下底，低传到禁区内,下半场 5',1-1
卢卡斯把球挡出,下半场 5',1-1
亚泰外围继续组织，右路李光和马祖的配合,下半场 5',1-1
马祖斜传禁区，落点不够精确,下半场 5',1-1
泰达的反击，右路胡人天拿球被补防的孙捷破坏掉,下半场 6',1-1
瓦格纳前场护球被李光从身后绊倒,下半场 6',1-1
泰达前场右路的定位球机会,下半场 6',1-1
泰达把球送入禁区，马祖冲顶解围,下半场 7',1-1
李光后场分边，胡斯蒂推进到中场,下半场 7',1-1
泰达断球反击,下半场 8',1-1
伊斯梅洛夫上抢犯规,下半场 8',1-1
泰达又是一个前场的定位球,下半场 8',1-1
瓦格纳吊向禁区内，又是马祖的解围,下半场 8',1-1
亚泰展开反击，泰达前场就地的战术犯规,下半场 9',1-1
裁判掏牌了，但是具体给的谁没有看清楚，因为犯规之后这名球员马上就跑回了后场,下半场 10',1-1
马祖右路突破，大步迈开，狂奔下底,下半场 10',1-1
马祖这个速度确实快，不过技术也是粗糙了一些啊,下半场 10',1-1
带到底线附近传中被挡，结果弹回自己身上出界，门球,下半场 10',1-1
泰达右路胡人天的下底传中,下半场 11',1-1
中间比较危险啊，只有孙捷一人在盯防巴尔克斯,下半场 11',1-1
不过还是宋振瑜出击，把球摘下,下半场 11',1-1
亚泰前场来回的传递，在右路找到突破口,下半场 12',1-1
还是分给马祖处理，马祖又是一个箭步下底,下半场 12',1-1
低平球传中，前点就被挡出,下半场 12',1-1
马祖这个传中的脚法有些不恰当，禁区内人数众多的情况下还是打上三路更明智,下半场 13',1-1
场地还是比较湿滑，双方停球多次出现支撑脚滑倒的情况,下半场 14',1-1
亚泰进攻走中路，李尚转身带球摔倒了,下半场 15',1-1
这个球应该是一个犯规动作，但裁判每吹,下半场 15',1-1
亚泰的反击，马祖右路带过半场,下半场 15',1-1
莫雷罗上前接应，马祖出球晚了，被对手回追断下,下半场 16',1-1
亚泰这次进攻从左侧来打，下底的传中，想交给前点李尚,下半场 16',1-1
普拉里干吉大脚解围出来,下半场 17',1-1
李尚组织进攻，一脚穿透力很强的直塞,下半场 18',1-1
右侧胡斯蒂反越位上来，杨启鹏出击了,下半场 18',1-1
胡斯蒂右路把球停下来，有吊门的机会，但选择了传中,下半场 19',1-1
后点莫雷罗没有够到，身前的卢卡斯先得到球权，解围出来,下半场 19',1-1
泰达的反击，李光一个飞铲，但没有阻挡住对手的势头,下半场 20',1-1
裁判示意进攻有利，比赛继续,下半场 20',1-1
前场巴尔克斯拿球，蒋哲又是一个凶狠的犯规,下半场 20',1-1
艾堃吹停比赛，给了蒋哲一张黄牌,下半场 21',1-1
同时也补给李光一个黄牌,下半场 21',1-1
李光两黄变一红，被罚下了,下半场 21',1-1
泰达用王秋明换下了周通,下半场 22',1-1
亚泰后场断球，有反击的机会，一个直塞给李尚,下半场 22',1-1
李尚挑过逼抢上来的郭皓,下半场 23',1-1
郭皓情急之下一个飞铲亮鞋底，踢翻李尚,下半场 23',1-1
郭皓也是两黄变一红，被罚下,下半场 23',1-1
瓦格纳对裁判判罚不服，挑衅裁判也是吃到黄牌一张,下半场 24',1-1
感觉这个时候比赛才真正开始啊,下半场 24',1-1
短短几分钟，双方各自被罚下一人,下半场 24',1-1
亚泰右路的进攻，马祖传中，前点莫雷罗俯身轰炸，偏出了,下半场 25',1-1
亚泰继续猛攻,下半场 25',1-1
右路再次起球，普拉里干吉解围踢呲，险些打入自家大门，角球,下半场 25',1-1
亚泰的角球传入禁区，滑门而过，比较危险,下半场 26',1-1
泰达的进攻也有机会，瓦格纳禁区前沿的打门，被宋振瑜压在身下,下半场 27',1-1
郭皓被罚下的同时自己也受伤不轻，在场边一直没有起来,下半场 27',1-1
救护车甚至都开到了场边,下半场 27',1-1
阎峰的防守犯规也吃到一张黄牌,下半场 28',1-1
泰达右路进攻，周海滨组织一下交给瓦格纳,下半场 29',1-1
泰达不急于向前，一直在中后场倒脚,下半场 29',1-1
双方现在都是10人应战,下半场 29',1-1
泰达渗透到禁区前沿，摔倒了,下半场 29',1-1
艾堃没有响哨，胡斯蒂的反击,下半场 30',1-1
胡斯蒂选择自己带，泰达两人围堵把球抢下,下半场 30',1-1
巴尔克斯禁区前沿得球，护球下来，自己横切,下半场 31',1-1
巴尔克斯脚下没有交待清楚，球打在手上，犯规,下半场 31',1-1
泰达制造险情,下半场 31',1-1
右路的斜传打穿亚泰防线，胡人天自己小角度打门，被宋振瑜挡出,下半场 32',1-1
中间有补射的机会，幸亏亚泰的防守球员比较多，挡住落点,下半场 32',1-1
亚泰反超了比分,下半场 33',2-1
又是莫雷罗，梅开二度,下半场 33',2-1
亚泰的反击，马祖右路插上被出击的杨启鹏破坏出边线，亚泰正是利用这个界外球形成破门,下半场 34',2-1
胡斯蒂下底的传中，低平球给到后点，莫雷罗舒服的把球停住，面对逼上来的后卫，假射真扣，调整到位，一记爆射，距离太近杨启鹏根本反应不过来,下半场 35',2-1
莫雷罗今天非常高效啊,下半场 35',2-1
留给泰达的时间还有10多分钟，泰达要展开反扑了,下半场 36',2-1
左路的进攻，直塞有点操之过急，越位了,下半场 36',2-1
泰达右路再攻，传中威胁不大，但宋振瑜没有拿好，出了底线,下半场 36',2-1
泰达角球给进去，落点不错,下半场 36',2-1
伊斯梅洛夫人高马大，抢先解围,下半场 37',2-1
中路巴尔克斯回撤拿球，交给瓦格纳,下半场 37',2-1
瓦格纳远射，打在防守队员身上，角球,下半场 38',2-1
泰达换人苑维玮下场，换上吕伟,下半场 38',2-1
塔纳塞上来，替下卢卡斯,下半场 38',2-1
连续调整两个位置，泰达要殊死一搏了,下半场 39',2-1
亚泰的反击，长传很犀利,下半场 39',2-1
马祖来到左侧，突破到禁区内，被普拉里干吉铲出底线,下半场 39',2-1
亚泰要用阿克斯替下莫雷罗,下半场 40',2-1
但莫雷罗示意，这个角球踢完再换,下半场 40',2-1
胡斯蒂给入禁区，伊斯梅洛夫前点抢得落点，头球高出横梁,下半场 40',2-1
阿克斯上，替下了进球功臣莫雷罗,下半场 41',2-1
亚泰左路拿球，张笑非的直塞,下半场 41',2-1
马祖掉入越位陷阱,下半场 41',2-1
莫雷罗下去了，速度奇快的马祖顶在箭头位置,下半场 42',2-1
泰达右路斜传禁区,下半场 42',2-1
宋振瑜出击双拳打出来,下半场 42',2-1
外围瓦格纳的远射打偏,下半场 42',2-1
宋振瑜开门球拖沓，被艾堃黄牌警告了一下,下半场 43',2-1
蒋哲中场和塔纳塞争顶，蒋哲摔倒在地,下半场 43',2-1
普拉里干吉迫不及待，冲上来想把蒋哲抱起来,下半场 44',2-1
蒋哲还是难以起身，到场边治疗一下,下半场 45',2-1
泰达前场定位球，瓦格纳传中，宋振瑜没收,下半场 45',2-1
泰达的进攻还是交给瓦格纳，瓦格纳视野很开阔,下半场 45',2-1
右侧给到插上的周海滨,下半场 45',2-1
周海滨大力抽射，踢出一个反弹球，被宋振瑜没收,下半场 46',2-1
泰达扳平了比分,下半场 46',2-2
进球的是巴尔克斯,下半场 46',2-2
亚泰终究还是没有防守住巴尔克斯,下半场 46',2-2
泰达右路的直塞，给到胡人天，胡人天下底传中，半高球给入禁区，亚泰防守漏人，巴尔克斯俯身冲顶，打入远角,下半场 47',2-2
胡人天今天一个进球，一个助攻啊,下半场 47',2-2
下半场补时5分钟,下半场 47',2-2
泰达左侧的角球,下半场 47',2-2
打了一个战术角球，传到中间，找巴尔克斯，但被亚泰先解围,下半场 48',2-2
泰达继续猛攻，扳平之后气势大盛,下半场 48',2-2
右侧的斜传，巴尔克斯禁区抢点，压人犯规,下半场 48',2-2
补时这会儿亚泰的防守好像突然崩溃，被泰达打的有点蒙,下半场 49',2-2
泰达左路再次赢得一个角球,下半场 49',2-2
亚泰再次换人，曹紫珩上来，替下胡斯蒂,下半场 49',2-2
泰达角球给前点，蒋哲把球顶出，还是角球,下半场 50',2-2
再次罚向前点，依然是亚泰抢先破坏，角球继续,下半场 50',2-2
瓦格纳再发前点，亚泰这次头球解围出禁区,下半场 50',2-2
边路找到胡人天，李尚把球挡出底线,下半场 50',2-2
泰达应该是最后一次进攻机会了,下半场 51',2-2
瓦格纳角球传进去，险些造就绝杀啊,下半场 51',2-2
禁区内人非常多，小禁区中央泰达争到落点，甩头攻门被宋振瑜勉强挡出,下半场 51',2-2
后卫第一时间把球解围出来,下半场 51',2-2
这个时候艾堃吹响了全场结束的哨音,下半场 51',2-2
最终，一波三折的比赛，双方各入两球2-2握手言和,完赛,2-2
双方都继续不胜的颓势，亚泰连续的平局，虽然拿分不多，但保级的压力还不算很大，1分尚能接受,完赛,2-2
泰达这边，倒数第三的位置拿1分显然不够解渴，随时可能被身后的辽宁追上，保级警报已然拉响，当需尽快走出不胜怪圈,完赛,2-2
好了，本场比赛就为大家直播到这里，非常感谢大家的陪伴，祝大家周末愉快，我们下次直播再见！,完赛,2-2
