大家好，欢迎收看新浪体育为您带来的英超第3轮 阿森纳VS利物浦,未赛,0-0
阿森纳在上轮英超联赛中2比1客场击败水晶宫，取得首胜,未赛,0-0
此番回到酋长球场，温格的目标是拿到新赛季主场的首胜,未赛,0-0
在首轮他们主场0比2负于西汉姆联队，这个结果也让球迷非常失望,未赛,0-0
在英超前两轮比赛中，利物浦以两个1比0分别击败斯托克城和伯恩茅斯,未赛,0-0
值得注意的是，利物浦此前的两场胜利均是1比0的最小优势，攻击力如何加强将是红军面临的课题,未赛,0-0
历史上双方共有216次交锋记录，利物浦81胜56平79负稍占上风，进298球失281球,未赛,0-0
阿森纳主场对阵利物浦战绩为51胜34平24负，进159球失96球,未赛,0-0
两队最近3次交锋，阿森纳2胜1平保持不败,未赛,0-0
目前两队首发阵容已经公布,未赛,0-0
阿森纳首发：33-切赫；24-贝莱林，21-钱伯斯，5-加布里埃尔，18-蒙雷亚尔；34-科奎林，19-卡拉索；16-拉姆塞，11-厄齐尔，17-桑切斯；12-吉鲁,未赛,0-0
利物浦首发：22-米尼奥莱；2-克莱因，37-斯科特尔，6-洛夫伦，12-戈麦斯；23-埃姆雷-詹，7-米尔纳，21-卢卡斯；11-菲尔米诺，9-本特克 ，10-库迪尼奥,未赛,0-0
阿森纳近16战利物浦仅负2场,未赛,0-0
近16次联赛对阵利物浦也仅负2场,未赛,0-0
默特萨克和科斯切尔尼因伤病缺阵，钱伯斯和加布里埃尔入替,未赛,0-0
利物浦新援菲尔米诺首发出场，卢卡斯替换受伤的亨德森首发,未赛,0-0
让我们来到比赛现场,未赛,0-0
双方球员已经入场了,未赛,0-0
利物浦身穿黑色的球衣,未赛,0-0
上半场比赛开始！,上半场 1',0-0
首先开球的是阿森纳,上半场 1',0-0
利物浦中场拿球给到边路,上半场 1',0-0
转移的时候出现了失误,上半场 1',0-0
阿森纳前场拿球送到禁区弧顶,上半场 1',0-0
两人是抢到了一起,上半场 1',0-0
米尔纳拿球给到了右路,上半场 1',0-0
队友底线准备传到禁区,上半场 2',0-0
球直接被阿森纳球员拦截下来,上半场 2',0-0
利物浦左路策动攻势,上半场 2',0-0
本特克停球不做调整直接打门,上半场 3',0-0
这球稍稍打偏了,上半场 3',0-0
本特克右路禁区内拿球横敲到中路,上半场 3',0-0
库迪尼奥不做调整直接大力抽射,上半场 3',0-0
球击中了横梁下沿后弹了出来！！,上半场 3',0-0
利物浦上来是反客为主啊，把阿森纳给压住了,上半场 4',0-0
利物浦中场控球下来，稳一下,上半场 4',0-0
阿森纳开场后也是连续的丢球,上半场 4',0-0
阿森纳前场拿球给右路,上半场 5',0-0
贝莱林套边上来给中路,上半场 5',0-0
阿森纳将球在给左路,上半场 5',0-0
厄齐尔拿球选择回敲,上半场 5',0-0
边路阿森纳起送禁区中路,上半场 5',0-0
阿森纳边路停球被戈麦斯破坏,上半场 7',0-0
阿森纳前场禁区前沿做撞墙配合,上半场 7',0-0
厄齐尔这边拿球被干扰,上半场 8',0-0
但利物浦这边也是忙中出错,上半场 8',0-0
桑切斯禁区内也是险些抓住机会,上半场 8',0-0
只是横扫的时候没有打上力量,上半场 8',0-0
阿森纳这边攻势渐渐上来,上半场 8',0-0
阿森纳这边进球了！！,上半场 8',0-0
边裁这边举旗了，越位！！,上半场 9',0-0
慢镜头显示，这球没有越位！,上半场 9',0-0
阿森纳禁区前沿送直塞，拉姆塞前插形成单刀，禁区内低射近角破门，但边裁这边误判了,上半场 9',0-0
本特克这边也有机会,上半场 9',0-0
禁区内外线低射远角被切赫得到,上半场 10',0-0
贝莱林右路低平球送禁区,上半场 10',0-0
球被利物浦解围出来,上半场 10',0-0
上半场打了10分钟，两队都有机会,上半场 11',0-0
卡拉索禁区弧顶拿球给到左路,上半场 11',0-0
桑切斯禁区内停球后一扣摆脱防守,上半场 11',0-0
再打门的时候被后卫又挡了一下,上半场 11',0-0
拉姆塞前场的塞球又是大了,上半场 12',0-0
阿森纳右路斜传球送禁区,上半场 13',0-0
吉鲁这边并没有抢到,上半场 14',0-0
阿森纳后场失误了,上半场 14',0-0
米尔纳禁区内抽射将球打偏,上半场 14',0-0
阿森纳的后防也是让人不放心,上半场 15',0-0
科奎林刚刚的防守也是受伤了,上半场 15',0-0
经过队医的检查，问题并不大,上半场 15',0-0
利物浦这边角球机会,上半场 15',0-0
角球送中路，队友头球攻门顶正了,上半场 15',0-0
但球的运行轨迹上有阿森纳的球员,上半场 16',0-0
阿森纳左路进攻给到厄齐尔,上半场 17',0-0
厄齐尔底线一扣被对方带出底线,上半场 17',0-0
阿森纳的角球,上半场 18',0-0
角球送后点，队友头球顶到,上半场 18',0-0
这球没有顶上力量,上半场 18',0-0
米尼奥莱这边也是很轻松将球拿到,上半场 18',0-0
米尔纳中场放铲铲倒了蒙雷亚尔,上半场 19',0-0
阿森纳中场长传打身后,上半场 19',0-0
拉姆塞底线直接传球被挡出,上半场 19',0-0
阿森纳继续获得角球机会,上半场 20',0-0
角球送后点,上半场 20',0-0
埃姆雷-詹头球解围出来,上半场 20',0-0
利物浦这边大脚长传反击,上半场 20',0-0
阿森纳这边也是不敢怠慢将球解围出去,上半场 20',0-0
利物浦前场又是一个抢断,上半场 22',0-0
本特克禁区前沿带球被科奎林铲倒,上半场 22',0-0
这球科奎林应该是先铲倒了球,上半场 23',0-0
裁判并没有吹犯规,上半场 23',0-0
科奎林这边已经两次救险,上半场 24',0-0
库迪尼奥前场断球给到禁区里,上半场 24',0-0
米尔纳停球后摆脱防守,上半场 24',0-0
小角度推射被切赫封出底线,上半场 25',0-0
利物浦角球打了一个配合,上半场 25',0-0
结果底线的配合失误了,上半场 25',0-0
但阿森纳这边后防也是失误,上半场 25',0-0
左路的下底给到中路,上半场 25',0-0
阿森纳将球先解围出来,上半场 25',0-0
大禁区前沿，本特克倒钩打门将球打高,上半场 25',0-0
但裁判这边先吹了本特克的推人,上半场 25',0-0
利物浦前场拿球给到右路,上半场 26',0-0
克莱因禁区外围的打门被后卫挡出底线,上半场 26',0-0
斯科特尔也是来到了禁区,上半场 27',0-0
利物浦角球还是打一个配合,上半场 27',0-0
克莱因起球送后点,上半场 27',0-0
切赫预判后将球得到,上半场 27',0-0
阿森纳前场传中路想打身后,上半场 28',0-0
这球并没有给好,上半场 28',0-0
阿森纳这段时间有些被动,上半场 29',0-0
利物浦在猛攻,上半场 29',0-0
本特克中场带球挤过去了,上半场 30',0-0
禁区内的分球被拦截了,上半场 30',0-0
桑切斯边路出球的时候先越位,上半场 31',0-0
阿森纳前场拿球给到边路,上半场 32',0-0
贝莱林边路的传球被挡出底线,上半场 32',0-0
桑切斯右路拿球被卡住身位,上半场 32',0-0
阿森纳长传，球弹地后直接出了底线,上半场 32',0-0
利物浦中场头球摆渡下来,上半场 33',0-0
库迪尼奥接球形成反越位,上半场 33',0-0
阿森纳这边全力回追将球破坏,上半场 34',0-0
阿森纳后场送直塞给到前场左路,上半场 35',0-0
边路直接起球送中间,上半场 35',0-0
斯科特尔前点先勾了一下化解险情,上半场 36',0-0
比赛到了上半场的后半段，两队球员都有些走神,上半场 36',0-0
利物浦前场拿球走中间,上半场 38',0-0
在三人的包夹下将球传了出来,上半场 38',0-0
底线附近，库迪尼奥再回敲，没有威胁,上半场 38',0-0
阿森纳后场传球太随意被拦截,上半场 39',0-0
库迪尼奥左路低平球横扫门前,上半场 39',0-0
后点，本特克推射被切赫用指尖将球挡出底线！！,上半场 39',0-0
利物浦的角球机会,上半场 39',0-0
角球给到了前点，队友的低射被切赫再次用脚挡出底线,上半场 40',0-0
这段时间，阿森纳太被动了,上半场 40',0-0
卢卡斯后场防守厄齐尔的时候犯规,上半场 41',0-0
阿森纳右路任意球送禁区后点,上半场 41',0-0
这球送的太深被米尼奥莱得到,上半场 41',0-0
本特克禁区前沿接球时候先越位,上半场 42',0-0
吉鲁前场拿球转移给到左路,上半场 43',0-0
边路的传球往禁区里送,上半场 43',0-0
利物浦这边头球先解围出来,上半场 43',0-0
克莱因右路助攻上来,上半场 44',0-0
边路的传球送禁区内,上半场 44',0-0
本特克只是蹭了一下,上半场 44',0-0
库迪尼奥禁区内打门击中了立柱！！,上半场 45',0-0
库迪尼奥左路禁区内拿球，摆脱防守后抽射远角，切赫指尖蹭了一下，球直接打在立柱上弹出！,上半场 46',0-0
米尔纳底线挑传,上半场 46',0-0
球被防守球员碰了一下后被切赫拿到,上半场 46',0-0
上半场比赛结束！,中场,0-0
经过45分钟的激战，阿森纳0-0与利物浦暂时打成了平局,中场,0-0
上半场比赛，利物浦这边库迪尼奥先后击中横梁和立柱,中场,0-0
而阿森纳这边，拉姆塞进球被判越位，但其实并不越位,中场,0-0
上半场比赛阿森纳的后防失误太多,中场,0-0
而切赫的表现也是没有让人失望,中场,0-0
让我们稍事休息，一会儿为您带来双方下半场的比赛,中场,0-0
让我们回到比赛现场,中场,0-0
下半场的比赛马上开始,中场,0-0
下半场比赛开始！,下半场 1',0-0
下半场比赛由利物浦开球,下半场 1',0-0
利物浦中场拿球给到左路,下半场 2',0-0
戈麦斯拿球给到埃姆雷-詹,下半场 2',0-0
利物浦边路起球送禁区,下半场 2',0-0
钱伯斯大脚将球解围出去,下半场 2',0-0
阿森纳后场控球下来,下半场 5',0-0
利物浦这边上抢的也是很靠前,下半场 5',0-0
厄齐尔中场拿球往前走,下半场 5',0-0
禁区前沿的传递没有给好,下半场 6',0-0
利物浦前场又是一次抢断,下半场 6',0-0
埃姆雷-詹边路接球被绊了一下,下半场 7',0-0
鞋都被裁掉了,下半场 7',0-0
但裁判没有吹犯规，而是给了界外球,下半场 7',0-0
阿森纳右路传球送前点,下半场 8',0-0
吉鲁的推射被后卫碰出底线,下半场 8',0-0
阿森纳角球送前点,下半场 8',0-0
本特克头球顶了出来,下半场 8',0-0
蒙雷亚尔左路拿球没调整好,下半场 9',0-0
再传的时候被后卫挡出底线,下半场 9',0-0
卡拉索角球送前点被破坏,下半场 9',0-0
本特克前场边路拿球,下半场 11',0-0
假动作扣过去了,下半场 11',0-0
这球还是没有造成威胁,下半场 11',0-0
裁判把米尔纳叫过来跟米尼奥莱沟通,下半场 13',0-0
有些拖延时间的嫌疑,下半场 13',0-0
阿森纳这段时间攻势很猛,下半场 13',0-0
厄齐尔中场拿球绕了两圈，自己没有找到球,下半场 14',0-0
卡拉索前场拿球分边,下半场 15',0-0
卡拉索左路拿球给到禁区中路,下半场 15',0-0
吉鲁倒地传球给到插上的桑切斯,下半场 16',0-0
桑切斯禁区内劲射打在门柱的外侧！,下半场 16',0-0
今天的门框跟两队都过不去啊,下半场 16',0-0
桑切斯拿球被斯科特尔放倒,下半场 16',0-0
斯科特尔得到一张黄牌！,下半场 16',0-0
本场比赛的第一张黄牌,下半场 17',0-0
卡拉索任意球送前点,下半场 17',0-0
阿森纳这边没有拿到第一点,下半场 17',0-0
利物浦换人，菲尔米诺下，艾比上！,下半场 18',0-0
加布里埃尔中场拦截的时候拉人犯规,下半场 20',0-0
加布里埃尔得到一张黄牌！,下半场 20',0-0
埃姆雷-詹这边铲球犯规,下半场 21',0-0
埃姆雷-詹起身后也是很不满,下半场 22',0-0
埃姆雷-詹得到一张黄牌！,下半场 22',0-0
下半场也打了20分钟，比分还是0-0,下半场 22',0-0
厄齐尔左路起球送禁区内,下半场 22',0-0
落点还可以，队友没有顶到,下半场 23',0-0
阿森纳前场突然送直塞到底线,下半场 23',0-0
队友横敲到前点,下半场 23',0-0
吉鲁跟进打门被后卫挡出,下半场 23',0-0
阿森纳右路传球送禁区内,下半场 24',0-0
吉鲁停球后倒地滑铲被米尼奥莱飞身扑出！！,下半场 25',0-0
近在咫尺的攻门啊,下半场 25',0-0
两队的门将今天的表现都是非常出色,下半场 25',0-0
桑切斯这边想玩花活失误了,下半场 25',0-0
米尔纳禁区外围打远射,下半场 26',0-0
切赫稳稳的将球抱在怀里,下半场 26',0-0
拉姆塞禁区外围搓远角弧线,下半场 27',0-0
这球米尼奥莱飞身将球摘得,下半场 27',0-0
阿森纳换人，吉鲁下，沃尔科特上！,下半场 28',0-0
利物浦中场拦截的时候手球了,下半场 29',0-0
利物浦这边又要准备换人,下半场 29',0-0
桑切斯禁区前沿拿球被断,下半场 29',0-0
利物浦换人，卢卡斯下，因斯上！,下半场 30',0-0
不好意思，换上的是罗斯特尔,下半场 31',0-0
利物浦中场送直塞，这球送的不好,下半场 31',0-0
利物浦这边获得角球机会,下半场 33',0-0
角球送中路，阿森纳头球后蹭,下半场 33',0-0
结果后点这边漏人了,下半场 33',0-0
比较危险,下半场 33',0-0
利物浦另外一侧角球,下半场 34',0-0
角球送后点被破坏,下半场 34',0-0
戈麦斯后场边路拉人犯规,下半场 34',0-0
戈麦斯得到一张黄牌！,下半场 34',0-0
阿森纳这边又要准备换人,下半场 35',0-0
张伯伦要准备上场,下半场 35',0-0
库迪尼奥前场左路拿球将球转移出来,下半场 35',0-0
艾比带球突破被破坏,下半场 36',0-0
库迪尼奥左路带球到了禁区,下半场 36',0-0
打近角被切赫封了出来,下半场 36',0-0
阿森纳换人，科奎林下，张伯伦上！,下半场 37',0-0
阿森纳禁区外围远射,下半场 38',0-0
球经过折射后被米尼奥莱得到,下半场 38',0-0
这球也是比较悬,下半场 38',0-0
张伯伦禁区外围低射,下半场 39',0-0
这球没有打正,下半场 39',0-0
之前张伯伦的边路的传球险些让斯科特尔自摆乌龙,下半场 40',0-0
米尼奥莱这边得到一张黄牌！,下半场 40',0-0
发球门的时候有拖延的行为,下半场 40',0-0
斯科特尔禁区内滑铲解围了对方的进攻,下半场 40',0-0
阿森纳禁区外围尝试远射将球打高,下半场 41',0-0
阿森纳这段时间比较着急,下半场 41',0-0
利物浦这边准备换人,下半场 41',0-0
莫雷诺准备上场,下半场 41',0-0
利物浦换人，库迪尼奥下，莫雷诺上,下半场 42',0-0
阿森纳右路带球突破被断,下半场 45',0-0
但很快将球反抢回来,下半场 45',0-0
比赛要进入到补时阶段,下半场 45',0-0
下半场补时4分钟,下半场 45',0-0
阿森纳前场转移直接出了边线,下半场 47',0-0
桑切斯前场横向转移被断,下半场 47',0-0
利物浦带球到了禁区弧顶,下半场 48',0-0
最后还是被断了,下半场 48',0-0
阿森纳禁区外围远射被米尼奥莱扑出,下半场 49',0-0
阿森纳角球送中路被顶了出来,下半场 49',0-0
边路再传禁区内，加布里埃尔头球攻门顶高了,下半场 49',0-0
这球门将已经出来了,下半场 49',0-0
可惜了,下半场 49',0-0
全场比赛结束！,完赛,0-0
经过90分钟的激战，两队最终打成了0-0,完赛,0-0
今天的比赛，两队的门将发挥都非常出色,完赛,0-0
而两队也是多脚射门都是被门框挡出,完赛,0-0
平局来说对两队都有些遗憾,完赛,0-0
今天的比赛就为大家解说到这里，欢迎您继续关注新浪体育为您送上的其他精彩赛事直播节目，谢谢！,完赛,0-0
