各位网友，大家好！欢迎来到新浪体育收看精彩的直播节目！,未赛,0-0
本次节目为您带来的是欧冠F组第3轮的一场比赛，由阿森纳主场迎战拜仁慕尼黑！,未赛,0-0
拜仁在前两轮强势依旧，两战全胜积6分高居榜首。相反，阿森纳面对两支不是五大联赛的球队却惨遭两连败。,未赛,0-0
对于阿森纳来说，如果本场比赛不能拿分，晋级希望将相当渺茫。,未赛,0-0
拜仁作为德甲班霸，也是欧洲足坛大耳朵杯的最有力争夺者，刚刚结束的德甲比赛拜仁又赢球了，球队已经取得了联赛开局9连胜，而且各项正赛已经连续12场比赛全部拿下对手。,未赛,0-0
并且在最近两个赛季和拜仁的交手记录来看，阿森纳主场都是输给了拜仁。,未赛,0-0
但这已经是枪手最后的机会，虽然有说枪手应该放弃欧冠传心打联赛，但对于在欧冠小组赛颇有德的温格来说，至少本场比赛一定会全力争胜。,未赛,0-0
本场比赛将于北京时间10月21日凌晨2：45开球，敬请大家到时留意收看！,未赛,0-0
各位网友，大家凌晨好！,未赛,0-0
阿森纳首发阵容：门将：33-切赫；后卫：24-贝莱林、4-默德萨克、6-科斯切尔尼、18-蒙雷尔；后腰：34-科奎林、19-卡索拉；攻击型中场：11-厄齐尔、16-拉姆塞、17-桑切斯；前锋：14-沃尔科特,未赛,0-0
拜仁慕尼黑首发阵容：门将：1-诺伊尔；后卫：21-拉姆、18-贝尔纳特、17-博阿滕、27-阿拉巴；后腰：14-阿隆索、6-蒂亚戈；攻击型中场：11-科斯塔、23-比达尔、25-穆勒；前锋：9-莱万多夫斯基,未赛,0-0
现场信号已经传入,未赛,0-0
阿森纳身穿红衣白裤，拜仁是深色球衣,未赛,0-0
双方队长都是德国人，默德萨克与拉姆,未赛,0-0
上半场比赛开始了，阿森纳中圈开球！,上半场 1',0-0
莱万多夫斯基前场断球，盘带长驱直入已经到了禁区内，最后一步趟大了,上半场 1',0-0
切赫的长传直接到对方禁区，诺伊尔将球没收,上半场 1',0-0
今天切赫取代了奥斯皮纳出任阿森纳的首发,上半场 2',0-0
之前两场欧冠首发门将都是奥斯皮纳,上半场 2',0-0
阿隆索分右路拉姆上前接应,上半场 2',0-0
穆勒过渡一下回传给拉姆再交到中路的阿拉巴,上半场 2',0-0
博阿滕的挑传失误,上半场 3',0-0
卡索拉分到右肋部，厄齐尔得球,上半场 3',0-0
回传给卡索拉,上半场 3',0-0
卡索拉直传禁区右侧，贝莱林反插上越位了,上半场 3',0-0
博阿滕长传右路，穆勒得球传给了莱万多夫斯基,上半场 4',0-0
莱万多夫斯基拉到边路下底，球被科斯切尔尼铲出底线,上半场 4',0-0
拜仁前场右路的角球机会,上半场 5',0-0
阿隆索发出角球被默德萨克顶出禁区,上半场 5',0-0
拜仁来到自己后场倒脚,上半场 5',0-0
阿隆索大范围转移到左路，科斯塔胸部停球下来被贝莱林捅走,上半场 6',0-0
博阿滕中路的直传，科斯切尔尼与默德萨克关门将球让给切赫,上半场 6',0-0
厄齐尔右路护球失误，比达尔传球也是力量大了,上半场 7',0-0
卡索拉转移到左路，默德萨克传左路,上半场 7',0-0
桑切斯高速突进斜传，厄齐尔扣过了贝尔纳特打远角被诺伊尔扑出,上半场 8',0-0
沃尔科特再补射，角度太小被博阿滕封出底线,上半场 8',0-0
阿森纳的角球没有太大的威胁,上半场 8',0-0
还是阿森纳进攻，拉姆塞传丢了,上半场 8',0-0
阿拉巴直传，莱万多夫斯基分给科斯塔,上半场 9',0-0
科斯塔变向过不了贝莱林,上半场 9',0-0
阿隆索再转移，到了右路，拉姆传中，切赫将球摘下,上半场 9',0-0
蒂亚戈分给右路的穆勒,上半场 10',0-0
拜仁还是占有中场优势,上半场 10',0-0
阿隆索分左路的科斯塔，一扣再传中被默德萨克解围,上半场 10',0-0
博阿滕压上来，分左路给得有点高，科斯塔停球出了底线,上半场 10',0-0
拜仁漂亮的中路配合，蒂亚戈与穆勒二过一到禁区内打门比较正被切赫扑出,上半场 12',0-0
穆勒的做墙传球无论时机还是线路都是世界级的,上半场 12',0-0
拉姆带球切入横传，中后卫阿拉巴也压到前场远射打在后卫身上出了底线,上半场 14',0-0
科斯塔角球低传禁区，没有队友插前点,上半场 14',0-0
控球率上，拜仁66%：345领先,上半场 15',0-0
拜仁获得前场任意球,上半场 15',0-0
阿隆索旋后点，给深了,上半场 15',0-0
科斯塔左路下底传中，被默德萨克将球挡出底线,上半场 16',0-0
科斯塔传中，默德萨克俯身将球顶出禁区,上半场 16',0-0
穆勒右路的传球，给大了，蒙雷尔将球解围,上半场 17',0-0
卡索拉带球间传球被阿隆索拦截,上半场 17',0-0
拉姆右路与穆勒配合后回传中路,上半场 18',0-0
穆勒右路传中受阻回传,上半场 18',0-0
拉姆传中还是过不了默德萨克,上半场 18',0-0
但阿森纳过半场是非常困难,上半场 18',0-0
又是找到科斯塔，晃过了贝莱林直接小角度打门被切赫扑出底线,上半场 19',0-0
切赫把守大门还是让人多一份信心,上半场 19',0-0
科斯塔角球过不了第一点,上半场 19',0-0
阿森纳反击，拉姆塞斜传被阿拉巴断下,上半场 20',0-0
卡索拉中场断球，强行带出来，接应的是厄齐尔，阿隆索防守犯规,上半场 20',0-0
卡索拉送后点，被博阿滕先蹭出禁区,上半场 21',0-0
桑切斯的传中，给得稍大了一点，球直接飞出底线,上半场 21',0-0
阿森纳将球打到禁区内，沃尔科特原地起脚打门被诺伊尔没收,上半场 23',0-0
莱万多夫斯基接应阿隆索直传再一塞，蒂亚戈没有跑到位,上半场 23',0-0
面对如此强大的拜仁，阿森纳还是很无耐,上半场 24',0-0
科斯塔左路漂亮的转身过人再变向过了贝莱林，贝莱林绊人犯规,上半场 24',0-0
蒂亚戈塞到禁区，莱万多夫斯基横带后左脚打门打飞了,上半场 25',0-0
莱万多夫斯基拉边拿球，带球间被拉姆塞踢倒,上半场 26',0-0
阿森纳后场断球，贝莱林带球差点被断了,上半场 26',0-0
裁判吹停了比赛，是比达尔受伤倒地,上半场 26',0-0
慢镜来看应该问题不大,上半场 27',0-0
主裁判坠球重新开始比赛,上半场 27',0-0
厄齐尔左路控球，交到中路的桑切斯,上半场 28',0-0
桑切斯挑传给太大了，诺伊尔将球没收,上半场 28',0-0
阿隆索斜塞，比达尔的劲射被切赫扑出,上半场 28',0-0
科斯塔左路传中，抢点的蒂亚戈打门偏出,上半场 29',0-0
沃尔科特左路起速与桑切斯配合后进了禁区遭到双人包夹强行打门打高了,上半场 30',0-0
诺伊尔传球失误，踢出了底线,上半场 30',0-0
阿森纳右路的角球机会,上半场 30',0-0
卡索拉角球传中，前点大家都漏了，桑切斯禁区边缘胸部停球接着凌空抢射，可惜没有压住皮球打飞了,上半场 31',0-0
阿隆索分右边，拉姆的直传，给大了,上半场 32',0-0
前30分钟，阿森纳防守还是做得不错,上半场 32',0-0
桑切斯左路的护球一顺，蒙雷尔传中，沃尔科特俯身头球攻门被诺伊尔神奇扑出,上半场 34',0-0
拉姆塞补射打偏了,上半场 34',0-0
阿森纳前场断球，可惜沃尔科特没有回跑，处于越位位置,上半场 35',0-0
科斯塔左路来了，交给中路,上半场 35',0-0
阿隆索转移到右路，拉姆传中质量不高,上半场 35',0-0
还是拉姆这一侧，回传给阿隆索,上半场 35',0-0
桑切斯左路来了，传到沃尔科特脚下，没能转身,上半场 36',0-0
回传出来，厄齐尔再直传，贝莱林底线传中打在后卫身上出底线,上半场 36',0-0
阿森纳获得一个右路的角球机会,上半场 36',0-0
卡索拉角球传中，莱万多夫斯基头球解围,上半场 36',0-0
沃尔科特接应长传进了禁区右脚推射被诺伊尔倒地扑住,上半场 38',0-0
阿隆索斜传失误了,上半场 39',0-0
沃尔科特右路突到禁区内传中，拉姆小禁区线上的头球回传给诺，佩服佩服,上半场 39',0-0
科斯塔左路传中，被科斯切尔尼解围,上半场 40',0-0
反击，桑切斯传右路，沃尔科特倒三角传球被比达尔断下,上半场 41',0-0
莱万多夫斯基到中场拿拿球，阿隆索接应,上半场 41',0-0
科斯切尔尼突到禁区左侧横传，弧顶没有队友,上半场 42',0-0
桑切斯传球交到了科斯塔脚下，来一脚打门高出横梁,上半场 42',0-0
科斯塔喜欢突，不过与队友的配合不算默契,上半场 43',0-0
刚才这球被切赫扑了一下，是角球,上半场 43',0-0
阿隆索传进来，莱万多夫斯基抢点头球攻门，碰对方球员身体出底线,上半场 43',0-0
科斯塔发角球过不了拉姆塞,上半场 43',0-0
科斯塔得球左路倒三角传球，蒂亚戈迎球打门被后卫挡出,上半场 44',0-0
阿隆索长传左路，默德萨克头球蹭给切赫,上半场 45',0-0
上半场比赛结束！,上半场 45',0-0
上半场双方互交白卷！,中场,0-0
拜仁的控球时间更多，不过阿森纳的反击也颇有威胁，双方的门将表现出色扑救了不少险球,中场,0-0
双方争夺要等到下半场见分晓了,中场,0-0
稍事休息，为大家带来下半场的比赛直播,中场,0-0
下半场比赛开始,下半场 1',0-0
下半场由拜仁中圈开球,下半场 1',0-0
贝尔纳特左路得球，与队友互传一下,下半场 1',0-0
阿森纳与厄齐尔争抢,下半场 1',0-0
莱万多夫斯基接应分左路，贝尔纳特传中被科斯切尔尼顶出来,下半场 2',0-0
科斯塔左路连续变向突到禁区左侧传中被科斯切尔尼挡出底线,下半场 3',0-0
拜仁左路的角球，传到外围，阿拉巴的斜传，球直接飞出底线,下半场 3',0-0
莱万多夫斯基突两步分给科斯塔,下半场 5',0-0
回传给阿隆索，阿隆索的斜传禁区给深了，切赫将球没收,下半场 5',0-0
科斯切尔尼直传，被拦截,下半场 6',0-0
科斯塔来到中路，晃开了科奎林大力爆射，球只是稍稍高出横梁,下半场 6',0-0
贝尔纳特后场盘带被绊倒,下半场 7',0-0
又是科斯塔带球，转移到右路穆勒,下半场 7',0-0
穆勒传中，默德萨克顶到第一点,下半场 8',0-0
身高还是管用,下半场 8',0-0
穆勒内切，横拔给小了,下半场 8',0-0
中场卸下球来，很快又被抢断,下半场 8',0-0
蒂亚戈交给科斯塔,下半场 8',0-0
蒂亚戈突然斜传到禁区，比达尔斜插上慢了一点,下半场 9',0-0
贝尔纳特倒三角传球，科斯塔一顺,下半场 10',0-0
莱万多夫斯基禁区左侧劲射被切赫托出横梁,下半场 10',0-0
拜仁左路的任意球机会,下半场 10',0-0
更正一下，右路的角球机会,下半场 10',0-0
战术角球，科斯塔传中被切赫直接没收,下半场 10',0-0
主裁判吹停了比赛,下半场 11',0-0
拉姆塞坐在了草坪上，他自己做了一个换人的手势,下半场 11',0-0
慢镜来看，拉姆塞是在一次急停变向中突然拉力,下半场 11',0-0
拉伤,下半场 11',0-0
应该是急停是右脚有拉滑现象，就这样拉伤了,下半场 12',0-0
阿森纳换人，15号张伯伦换下了16号拉姆塞,下半场 12',0-0
阿拉巴后场控球，阿隆索得球处理得慢了,下半场 13',0-0
厄齐尔来到左路传弧顶，科奎林的正脚背抽射，球稍稍往外飘出底线,下半场 14',0-0
科斯塔来到右路，这是瓜帅的一个变化,下半场 15',0-0
控球比率，拜仁71%：29%大幅领先,下半场 15',0-0
桑切斯后场出球慢了，被阿隆索捅一下,下半场 16',0-0
莱万多夫斯基远射打在默德萨克身上,下半场 16',0-0
阿隆索再补一脚，打偏了,下半场 16',0-0
阿拉巴斜长传到右路，比达尔分给拉姆拉姆一顺，穆勒的转身传中，传得大了一点,下半场 17',0-0
比达尔来到左路接应，一顺，传出了底线,下半场 18',0-0
贝莱林与拉姆塞在比赛中,下半场 18',0-0
穆勒断球，传中，比达尔没有停好,下半场 19',0-0
阿隆索前场反抢绊倒了桑切斯,下半场 19',0-0
本小组另一场比赛，萨格勒布与奥林匹亚克斯暂时还是打成0：0,下半场 20',0-0
桑切斯左路得球，回传给科斯切尔尼,下半场 20',0-0
科斯切尔尼斜长传被贝尔纳特顶了一下,下半场 20',0-0
还是阿森纳控球，张伯伦的直传直接传出底线,下半场 21',0-0
拉姆右路交给比达尔,下半场 21',0-0
再往左路分被贝莱林断下,下半场 21',0-0
厄齐尔带球交给桑切斯,下半场 21',0-0
桑切斯长传到禁区，诺伊尔将球没收,下半场 21',0-0
蒂亚戈的斜传到禁区，穆勒胸部停球后被科斯切尔尼破坏,下半场 23',0-0
张伯伦中路过人传左路，厄齐尔传中，沃尔科特撤步头球攻门，力量太小，诺伊尔轻松将球没收,下半场 24',0-0
蒂亚戈带球中都会玩些小技术,下半场 24',0-0
蒂亚戈斜传，蒙雷尔俯身头球顶出了底线,下半场 25',0-0
拜仁换人，32号基米希换下了14号阿隆索,下半场 25',0-0
13号拉菲尼亚换下了23号比达尔,下半场 25',0-0
张伯伦为球队赢得一个右路的角球机会,下半场 27',0-0
卡索拉传出来，过不了前点,下半场 27',0-0
还是找卡索拉，传中也是太低了,下半场 28',0-0
阿森纳使出大招，吉鲁换下了沃尔科特,下半场 28',0-0
蒂亚戈直传，科斯塔接应横传,下半场 29',0-0
莱万多夫斯基这里空了，单刀球打远角被切赫用脚挡高出底线,下半场 30',0-0
有切赫果然不同,下半场 30',0-0
穆勒前场右路直接远射，切赫倒地将球让出底线,下半场 31',0-0
这球切赫看得很准,下半场 31',0-0
阿森纳右路任意球机会,下半场 31',0-0
诺伊尔失误，吉鲁进球了,下半场 32',0-0
诺伊尔出击失误，吉鲁将球顶进空门！,下半场 33',1-0
卡索拉的传中，诺伊尔出击居然打空了，吉鲁跟进头球将球顶进空门,下半场 33',1-0
阿森纳主场球迷开始喝歌庆祝,下半场 34',1-0
蒂亚戈传给穆勒,下半场 35',1-0
分左路，科斯塔传中被贝莱林挡出边线,下半场 35',1-0
博阿滕分边给到拉菲尼亚,下半场 36',1-0
回传中路，裁判吹停了比赛,下半场 36',1-0
给了拜仁一个前场任意球机会,下半场 36',1-0
蒂亚戈将球吊向禁区，球直接飞出底线,下半场 37',1-0
再看进球慢镜，前点穆勒与科斯切尔尼争顶大家都没顶着,下半场 37',1-0
阿森纳换人，3号吉布斯换下了17号桑切斯,下半场 37',1-0
贝莱林下底传中被阿拉巴伸脚挡出底线,下半场 38',1-0
阿森纳右路的角球机会,下半场 38',1-0
卡索拉传到禁区内，吉鲁的甩头攻门顶得太正了，诺伊尔将球抱住,下半场 39',1-0
诺伊尔抱着球准备开大脚时被吉鲁拉了一下,下半场 39',1-0
主裁判向吉鲁果断出示黄牌,下半场 39',1-0
贝尔纳特左路传中，球划门过而,下半场 39',1-0
科斯塔后点拿球传中也是太低了,下半场 39',1-0
厄齐尔左路斜长传到右路，莱林头球点点下来，太深了,下半场 40',1-0
阿森纳左路的配合，吉布斯下底传中，阿拉巴停球后差点被吉鲁抢断,下半场 41',1-0
下半场过了40分钟,下半场 41',1-0
博阿滕斜长传找到贝尔纳特,下半场 41',1-0
传中被蒙雷尔顶出底线,下半场 41',1-0
拜仁右路的角球机会,下半场 42',1-0
科斯塔传后点，切赫将球打出底线,下半场 42',1-0
战术角球到外围，拉菲尼亚传中被默德萨克顶出禁区,下半场 42',1-0
吉鲁是被激活了，差点又断下球来,下半场 43',1-0
博阿滕也压过了半场，直传，给大了,下半场 43',1-0
蒂亚戈跑动中来一脚远射被切赫没收,下半场 44',1-0
瓜迪奥拉不断看大钟,下半场 45',1-0
切赫长传上来，吉鲁头球回传，没有队友呀,下半场 45',1-0
下半场比赛补时4分钟,下半场 45',1-0
博阿滕长传左路，穆勒回传,下半场 47',1-0
吉布斯断球交给厄齐尔,下半场 47',1-0
厄齐尔带球延误时间，带球出边线了,下半场 47',1-0
基米希直传,下半场 47',1-0
莱万多夫斯基脚尖一拧然后转身，科斯切尔尼翻身还是快没有让莱万多夫斯基起脚打门,下半场 48',1-0
科斯切尔尼将球让出底线,下半场 48',1-0
科斯塔断球，横传被科奎林断下,下半场 49',1-0
科奎林高速带球到右肋部传中，厄齐尔近距离打门被诺伊尔扑出，但门线裁判判这球已经越过门线,下半场 49',2-0
电视慢镜来看进球没有问题,下半场 49',2-0
全场比赛结束！,下半场 50',2-0
阿森纳主场2：0击败拜仁慕尼黑！,完赛,2-0
阿森纳取得了本届欧冠首场胜利,完赛,2-0
好了，本场比赛的直播就到这里结束。,完赛,2-0
感谢大家的收看，再见！,完赛,2-0
