北京时间8月21日，中超联赛第24轮，上海申鑫主场对阵广州恒大,未赛,0-0
上轮在主场负于舜天，直接打击了申鑫刚刚形成的反弹希望。23轮过后申鑫积14分垫底，其身前有3支球队为22分，要在剩余7轮中弥补落后8分的差距，难度非常之大。本轮在主场对阵恒大，直观判断上申鑫的抢分希望比较有限，有可能申鑫在本轮过后的落后形势还会加剧。,未赛,0-0
但就如申鑫此战海报所强调的“初心不改”，如果能对恒大形成阻击，对申鑫的激励效果也是极大的。,未赛,0-0
　恒大本赛季前9个客场取得了7胜1平1负战绩，这9战共失6球。上轮于主场战平申花后，恒大仅在榜首位置停留一轮就被上港反超。恒大的主观积极性必须努力调动，比赛中能体现出怎样的心态很值得关注。,未赛,0-0
冯潇霆本轮累计黄牌停赛，恒大必须要调配后防线。刚刚复出的埃尔克森腿伤反复，据悉要再休战一段时间。加之郜林还处在禁赛期内，恒大如何提振中前场表现是重要看点。,未赛,0-0
　自2011赛季来，申鑫（前南昌队）对恒大2平7负；申鑫前两次主场对阵恒大均战为1-1，但近两次主场对阵恒大均告落败。本赛季首回合恒大主场6-1大胜申鑫，高拉特上演帽子戏法，于汉超梅开二度。,未赛,0-0
上海申鑫：14-张一诺；2-胡鸣飞、26-乔尼、29-黄威、12-孙凯；20-吴毅臻、16-于涛、33-巴兰特斯、18-叶重秋、30-陈伟；27-丹尼尔,未赛,0-0
广州恒大：19-曾诚；5-张琳芃、3-梅方、28-金英权、25-邹正；10-郑智、48-保利尼奥；27-郑龙、11-高拉特、20-于汉超；56-罗比尼奥,未赛,0-0
比赛即将开始了,未赛,0-0
双方球员已经入场,未赛,0-0
比赛开始了,未赛,0-0
罗比尼奥突破被绊倒,未赛,0-0
恒大左路起球，到门前，张一诺没收了,未赛,0-0
申鑫后场传球，场地里面有积水，恒大断球成功,未赛,0-0
申鑫获得有路角球机会，角球到门前前点被定出来，外围再打被曾诚没收,上半场 4',0-0
恒大门前出现险情,上半场 4',0-0
外围一脚直塞，梅方抢先解围出底线,上半场 5',0-0
申鑫有路角球机会被解围出边线,上半场 5',0-0
申鑫界外球开出，外围叶重秋一脚远射稍稍偏出,上半场 6',0-0
这段时间恒大门前风声鹤唳啊,上半场 6',0-0
罗比尼奥前场突破后横敲，郑龙跟进推射打在了边网上,上半场 10',0-0
张琳芃右路突破下底横传，对方防守挡出,上半场 11',0-0
恒大这边，郑龙的射门打在边网上,上半场 12',0-0
郑龙近几轮表现非常不错,上半场 12',0-0
丹尼斯左边路带球突破，梅方阻挡犯规了,上半场 13',0-0
申鑫得到前场左侧任意球，巴兰特斯直接将球罚出了底线,上半场 15',0-0
巴兰特斯拿到直塞分球右路的丹尼尔，被金英权补防拦截,上半场 17',0-0
外围郑龙打空门打偏了,上半场 19',0-0
罗比尼奥禁区右侧拿球后分给中路的高拉特，高拉特分到门前,上半场 19',0-0
保利尼奥铲射与门将撞在一起弹出，外围郑龙打空门打偏了,上半场 19',0-0
现在双方在中场拼抢,上半场 20',0-0
申鑫有路拿球被断下了,上半场 20',0-0
右路助攻的张琳芃斜传禁区右肋，禁区内被黄威解围,上半场 21',0-0
恒大进球了！,上半场 21',0-1
张琳芃！,上半场 21',0-1
张琳芃禁区外大力抽射破门，世界波,上半场 21',0-1
张琳芃外围大禁区右侧一脚爆射破门，张琳芃伤愈复出之后取得的首粒入球,上半场 22',0-1
先丢一球，对深陷保级区的上海申鑫队来说不好打了,上半场 23',0-1
申鑫前场左侧斜传禁区，曾诚出击将球得到,上半场 24',0-1
恒大右边路突破后斜传禁区，于汉超头球抢点攻门被门将挡出，郑龙外围再射被挡出底线,上半场 24',0-1
申鑫打的非常被动,上半场 25',0-1
恒大左侧角球，皮球罚向禁区，第一点被解围出去，外围再次斜传禁区，还是被解围,上半场 26',0-1
恒大右边路突破后斜传禁区，于汉超头球抢点攻门被门将挡出，郑龙外围再射被挡出,上半场 26',0-1
丹尼斯禁区外摆脱梅方和郑智的防守，大力抽射造成了曾诚的脱手，邹正解围出边线,上半场 26',0-1
郑智背后踢倒叶重秋，黄牌,上半场 27',0-1
申鑫前场左侧任意球，皮球罚向前点找乔尼，张琳芃抢到落点顶出来,上半场 28',0-1
保利尼奥外围距门30米外一脚大力撩射，稍稍偏出左立柱出界,上半场 30',0-1
保利尼奥中场挑传禁区，高拉特没有争到头球，张一诺将球得到,上半场 30',0-1
高拉特中路断球长驱直入，孙凯背后先出一脚解围,上半场 33',0-1
罗比尼奥右侧内切后距门25米外一脚斜射，被门将张一诺扑到,上半场 35',0-1
双方球员目前都去场边补水了,上半场 36',0-1
丹尼斯禁区右侧摆脱后横传中路，两名后卫都漏球了，梅方解围出去,上半场 37',0-1
丹尼斯禁区右侧摆脱后横传中路，两名后卫都漏球了，梅方解围出去,上半场 39',0-1
邹正上抢踢到了陈伟的身上犯规,上半场 42',0-1
邹正被黄牌警告,上半场 42',0-1
中场申鑫敲中路的叶重秋组织也没成功,上半场 45',0-1
于汉超前场插上被判越位,上半场 45',0-1
上半场补时2分钟,上半场 45',0-1
主裁判吹响了上半场结束的哨声,中场,0-1
上半场结束，客场作战的恒大1-0领先申鑫。,中场,0-1
稍事休息，马上回来,中场,0-1
下半场，恒大换人，黄博文替下郑智,下半场 1',0-1
申鑫换人，池忠国替下陈伟,下半场 1',0-1
张琳芃右边路斜传被孙凯挡出边线,下半场 2',0-1
恒大继续进行，罗比尼奥禁区外射门打在后卫身上出了底线,下半场 3',0-1
恒大右侧战术角球，皮球罚向禁区，乔尼顶出来,下半场 4',0-1
丹尼斯带球突入禁区，摔倒在禁区，主裁判没有理会,下半场 4',0-1
申鑫前场右路斜传禁区，张琳芃力压巴兰特斯头球解围,下半场 8',0-1
吴益臻上抢踢到了倒地的张琳芃的头部，犯规了,下半场 8',0-1
申鑫的打法还是一味的找丹尼斯，梅方解围出边线,下半场 9',0-1
球进了！进球的是罗比尼奥,下半场 13',0-2
罗比尼奥带球突破后分到右路的于汉超，于汉超再分到左边，罗比尼奥盘过上抢的乔尼，低射打穿了张一诺的小门入网,下半场 14',0-2
申鑫这边扳回一球,下半场 15',0-2
进球的是巴兰特斯,下半场 15',1-2
乔尼禁区前沿做球，巴兰特斯跟进大力轰门入网得分,下半场 17',1-2
恒大前场反击制造一个角球,下半场 17',1-2
罗比尼奥主罚战术角球，左路横传禁区，直接从后点偏出底线,下半场 17',1-2
恒大换人，王上源替下郑龙,下半场 19',1-2
恒大任意球，罗比尼奥罚向门前，高拉特抢点攻门被挡出,下半场 20',1-2
王上源回追拉倒了叶重秋，黄牌,下半场 21',1-2
王上源禁区右侧大力射门，皮球高出横梁,下半场 23',1-2
恒大获得右侧角球,下半场 24',1-2
罗比尼奥罚向后点，防守球员解围出大禁区,下半场 24',1-2
恒大角球机会，罗比尼奥罚角球向禁区的后点，防守球员挡出来,下半场 26',1-2
保利尼奥和于汉超的二过一配合被踢出界外,下半场 27',1-2
吴毅臻在左边路反越位突破杀到禁区，小角度射门被挡出,下半场 27',1-2
高拉特中场送出直传，于汉超启动稍慢一步,下半场 27',1-2
恒大战术角球，黄博文斜传禁区，乔尼前点解围出去,下半场 29',1-2
吴益臻左边路与队友撞墙配合，张琳芃铲出边线,下半场 29',1-2
申鑫换人，张文涛替下黄威,下半场 30',1-2
进球了,下半场 31',1-3
于汉超,下半场 31',1-3
恒大中场直传身后，邹正前插下底传中，于汉超抢点推射空门得手,下半场 32',1-3
高拉特前场直传禁区，罗比尼奥插上面对门将推射小门得手,下半场 35',1-4
双方这是进球大战啊,下半场 35',1-4
高拉特斜传配合，罗比尼奥右侧带球一路杀到禁区右肋冷静推射破门,下半场 36',1-4
罗比尼奥梅开二度啊,下半场 36',1-4
罗比尼奥梅开二度，还连打了门将两次穿裆破门,下半场 36',1-4
申鑫换人，贾天子换下叶重秋,下半场 36',1-4
比赛已经没有悬念了,下半场 36',1-4
吴毅臻左边路抽射球门，曾诚将球得到，丹尼斯补射踢在了曾诚身上，主裁判口头警告一下,下半场 38',1-4
罗比尼奥右路突破后横敲，荣昊跟进抽射打在了横梁上弹出底线,下半场 39',1-4
恒大错失扩大比分的机会啊,下半场 40',1-4
荣昊外围一脚劲射，被门将得到,下半场 41',1-4
申鑫获得点球机会,下半场 41',1-4
丹尼斯右路突入禁区传中，张琳芃推人犯规被判点球,下半场 42',1-4
巴兰特斯点球一蹴而就,下半场 42',2-4
巴兰特斯点球打右侧，被曾诚判断对了方向，但是皮球球速很快打入,下半场 44',2-4
巴兰特斯也是梅开二度,下半场 44',2-4
全场补时3分钟,下半场 47',2-4
张琳芃右路突破斜传门前，荣昊抢点攻门碰到自己的身体出界,下半场 47',2-4
胡鸣飞再分前面挑传丹尼斯太大出界,下半场 47',2-4
主裁判吹响了全场比赛结束的哨声,完赛,2-4
最终恒大4-2战胜申鑫，恒大在与上海球队的对决中5年未尝败绩。,完赛,2-4
恒大在与上海球队的对决中保持19胜5平，5年未尝败绩。,完赛,2-4
这场比赛就为您直播到这里！,完赛,2-4
