大家好，欢迎进入由新浪体育为您带来的精彩赛事直播节目！,未赛,0-0
即将为您带来的是巴萨客场对阵鲍里索夫的比赛，欢迎你的收看,未赛,0-0
欧冠小组赛明晨开始第3轮较量，卫冕冠军巴塞罗那客场挑战白俄罗斯冠军鲍里索夫,未赛,0-0
2011-2012赛季在欧冠小组赛，巴萨在客场和主场双杀鲍里索夫，比分是5比0和4比0,未赛,0-0
尽管鲍里索夫主帅叶尔马科维奇今晨表态说自己和弟子们现在毫无压力，但巴萨还是有望最少以两球优势获胜,未赛,0-0
鲍里索夫堪称欧冠“主场龙”，上轮比赛在主场以3比2力克意甲亚军罗马，只用了30分钟就以3比0领先,未赛,0-0
巴萨本赛季在西甲和欧冠表现不算很理想，西甲8轮比赛已有多达11个失球，上赛季在前8轮西甲没有失球,未赛,0-0
在欧冠，巴萨在前两轮仅取得1胜1平，两场都有失球,未赛,0-0
虽然巴萨排在E组榜首，但是身后的勒沃库森和鲍里索夫同积3分,未赛,0-0
为避免在欧冠陷入形势复杂的缠斗，对巴萨主帅恩里克和弟子们来说，明晨这场比赛不仅需要全力争胜，而且要尽量多拿净胜球,未赛,0-0
大家好，欢迎进入由新浪体育为您带来的精彩赛事直播节目！,未赛,0-0
即将为您带来的是巴萨客场对阵鲍里索夫的比赛，欢迎你的收看,未赛,0-0
先来看下两队的首发,未赛,0-0
鲍里索夫：门将切尔尼克，后卫加杜奇克、米鲁诺夫、波利亚科夫、姆拉德诺维奇，中场戈德丘克、沃洛德科、尼克尼奇、沃洛季科、斯塔舍维奇，前锋西格涅维奇,未赛,0-0
巴塞罗那：门将施特根，后卫阿尔巴、巴尔特拉、皮克、阿尔维斯，中场布斯克茨、马斯切拉诺、罗贝托，前锋穆尼尔、内马尔、苏亚雷斯,未赛,0-0
好了，两队球员已经出场~比赛一触即发,未赛,0-0
鲍里索夫身穿蓝色的主场球衣,未赛,0-0
巴萨则是一身黄色客场球衣,未赛,0-0
白俄罗斯的天气已经很冷了,未赛,0-0
上半场比赛开始了~,上半场 1',0-0
客场作战的巴萨开球,上半场 1',0-0
巴萨方面的首发阵容跟上一场比赛相比从门将到后卫、中场和前锋位置都有所变化,上半场 1',0-0
梅西依旧无法登场,上半场 2',0-0
而中场位置除了布斯克茨之外，马斯切拉诺和罗贝托都不是中场的铁打主力,上半场 2',0-0
似乎恩里克有些轻敌,上半场 3',0-0
巴萨在场上控球,上半场 3',0-0
近期的场场丢球让恩里克的样子也焦虑了不少,上半场 3',0-0
阿尔维斯转移到内马尔脚下,上半场 4',0-0
内马尔~~变向内切！！！,上半场 4',0-0
一脚射门打得太正啦,上半场 4',0-0
门将将球抱入怀中,上半场 4',0-0
鲍里索夫没能将球传过中场,上半场 5',0-0
罗贝托把球捅给了皮克,上半场 5',0-0
两队之间并不陌生,上半场 5',0-0
巴萨曾经在11/12赛季跟鲍里索夫相遇,上半场 5',0-0
两回合比赛下来巴萨两战全胜，进了9球丢0球,上半场 6',0-0
内马尔左路回敲~~,上半场 6',0-0
布教授迎球怒射~~~低平球偏出了左侧立柱,上半场 6',0-0
巴萨不断的发动进攻,上半场 6',0-0
苏亚雷斯被洛夫季科抱住，裁判吹了犯规,上半场 7',0-0
巴萨还在前场控球,上半场 7',0-0
内马尔长传转移~,上半场 8',0-0
阿尔维斯底线传中~还是出界了,上半场 8',0-0
到了欧冠赛场的巴萨似乎焕发了精神,上半场 8',0-0
比赛开始到现在鲍里索夫的控球时间甚至没有连续超过10秒钟,上半场 9',0-0
内马尔摆脱防守之后给到左路,上半场 9',0-0
阿尔巴传中~罗贝托的头球顶了一个见高不见远,上半场 10',0-0
巴萨制造了一个角球,上半场 10',0-0
内马尔来处理,上半场 10',0-0
传中到点球点附近~巴尔特拉的头球攻门！！！,上半场 10',0-0
切尔尼克将球托出了底线,上半场 10',0-0
继续开角球,上半场 10',0-0
低平球传中~~~很显然是个可以安排的战术配合,上半场 11',0-0
苏亚雷斯左脚射门~~被门将扑了一下,上半场 11',0-0
又是角球,上半场 11',0-0
内马尔的这次角球传中被门将击出禁区,上半场 11',0-0
球还在巴萨的控制下,上半场 12',0-0
巴萨牢牢控制住了场面,上半场 12',0-0
施特根还没有看到过对方的进攻球员,上半场 12',0-0
鲍里索夫长传转移到右路,上半场 13',0-0
巴萨展开了高位逼抢,上半场 13',0-0
巴尔特拉将球踢出了界外,上半场 13',0-0
鲍里索夫右边路传中~被前点的巴尔特拉头球解围,上半场 14',0-0
鲍里索夫总算是看到了禁区,上半场 14',0-0
鲍里索夫连续在右边路尝试配合,上半场 15',0-0
巴萨断球反击~,上半场 15',0-0
苏亚雷斯在左路~,上半场 16',0-0
想要交给内马尔~后卫先出一脚将球断走,上半场 16',0-0
马斯切拉诺一次横传球出现了失误,上半场 17',0-0
罗贝托似乎受伤了,上半场 17',0-0
坐在了场上，巴萨准备换人,上半场 18',0-0
4号拉基蒂奇替补出场,上半场 18',0-0
罗贝托有可能是被拉伤了肌肉,上半场 18',0-0
他自己走出了场地,上半场 18',0-0
罗贝托有些不幸,上半场 18',0-0
近期他的状态非常不错,上半场 19',0-0
内马尔45度斜传送入禁区~太靠近门将了,上半场 19',0-0
回到中场巴萨将球断下,上半场 20',0-0
长传到禁区~阿尔维斯面对出击的门将！！,上半场 20',0-0
传中球被门将拍出了禁区,上半场 20',0-0
巴萨的角球进攻没能形成威胁,上半场 20',0-0
穆尼尔面对姆拉德诺维奇的防守，过人没能成功,上半场 21',0-0
巴萨重新控制了球权,上半场 22',0-0
慢动作在回放刚才禁区内一幕，鲍里索夫的防守球员其实手球了,上半场 22',0-0
不过裁判似乎并没有看见,上半场 22',0-0
今天的裁判组来自于葡萄牙,上半场 23',0-0
布斯克茨前场铲球被吹了犯规,上半场 23',0-0
裁判还给了他一张黄牌,上半场 23',0-0
慢动作来看布斯克茨铲球的时候手球了,上半场 24',0-0
不过裁判的这次吹罚看起来过于严厉,上半场 24',0-0
球穿裆之后正好打在了他支撑身体的左手上~,上半场 26',0-0
波利亚科夫边路进攻，自己带球带丢了,上半场 26',0-0
内马尔禁区内摆脱了对方三名后卫的防守之后传中~,上半场 27',0-0
球被碰了一下，门将出击将球没收,上半场 27',0-0
恩里克站在场边大声的指挥球员,上半场 28',0-0
比赛打了快半个小时,上半场 28',0-0
控球时间方面巴萨占到了70%,上半场 28',0-0
总感觉巴萨很快就会进球,上半场 29',0-0
内马尔轻松的加速摆脱，波利亚科夫身后拉人犯规了,上半场 29',0-0
裁判给了他一张黄牌,上半场 29',0-0
目前两队各有一人领到了黄牌,上半场 29',0-0
巴萨定位球开出~~,上半场 30',0-0
布教授小角度凌空射门~~,上半场 30',0-0
球划过门前~~差点儿,上半场 30',0-0
门将已经毫无反应,上半场 30',0-0
只要门前有巴萨的球员这球必进无疑,上半场 30',0-0
阿尔维斯被对方球员从身后放倒，裁判吹了犯规,上半场 31',0-0
阿尔维斯带球又被放倒,上半场 32',0-0
在缺少梅西的配合之下，阿尔维斯近几场的表现并不好,上半场 32',0-0
内马尔将球挑入禁区~~~,上半场 33',0-0
拉基蒂奇的停球处理大了点，被后卫挡出了底线,上半场 33',0-0
角球传中~对方后卫头球顶出,上半场 33',0-0
穆尼尔前场争抢犯规了,上半场 34',0-0
阿尔巴左路低平球回敲~并没有找到队友,上半场 36',0-0
巴尔特拉尝试了一脚远射~~~,上半场 36',0-0
打的有些偏,上半场 36',0-0
迟迟无法进球，主场球迷自娱自乐做起了人浪,上半场 38',0-0
内马尔~内切之后的射门打在了米卢诺维奇的身上,上半场 39',0-0
阿尔维斯传中落点不错~~,上半场 40',0-0
前点的苏亚雷斯已经拉开了防守他的中后卫,上半场 40',0-0
后排插上的拉基蒂奇头球攻门~~,上半场 40',0-0
无人防守之下的拉基蒂奇头球顶高了,上半场 40',0-0
拉基蒂奇这个赛季的进攻能力似乎有些退化,上半场 40',0-0
阿尔维斯铲球犯规，领到了一张黄牌,上半场 41',0-0
鲍里索夫的边路定位球,上半场 42',0-0
传中出来~施特根出击将球没收,上半场 42',0-0
裁判示意要重新罚定位球,上半场 42',0-0
这是个什么情况,上半场 42',0-0
定位球开出~左边路的下底传中划过禁区，谁都没碰到,上半场 43',0-0
沃洛季科故意阻挡阿尔维斯开定位球,上半场 43',0-0
裁判给了他一张黄牌,上半场 44',0-0
巴萨战术定位球开出,上半场 44',0-0
苏亚雷斯~禁区内左脚传中,上半场 44',0-0
被鲍里索夫的球员将球护出了底线,上半场 44',0-0
巴萨有反击的机会,上半场 45',0-0
内马尔带到禁区前沿~搓射打远角！！！,上半场 45',0-0
偏了不少,上半场 45',0-0
内马尔无疑还是巴萨阵中威胁能力最大的球员,上半场 46',0-0
上半场补时1分钟,上半场 46',0-0
上半场比赛结束了~,中场,0-0
45分钟比赛两队互交白卷,中场,0-0
巴萨牢牢控制了比赛节奏,中场,0-0
不过始终无法打破对方球门,中场,0-0
鲍里索夫这边上半场甚至没有一次射门,中场,0-0
巴萨运气不好，又折损了一名球员,中场,0-0
开场仅十多分钟罗贝托就因伤被拉基蒂奇换下,中场,0-0
休息一下~稍后为您带来精彩的下半场,中场,0-0
欢迎回来~,中场,0-0
下半场比赛开始了~,下半场 1',0-0
巴萨制造了一个角球,下半场 2',0-0
两队在中场休息阶段都没有换人,下半场 2',0-0
内马尔传中到前点~皮克的头球攻门！！,下半场 2',0-0
稍稍高出了横梁,下半场 2',0-0
这球是被对方后卫碰出去的，继续角球,下半场 3',0-0
巴萨的这次角球进攻没有形成威胁,下半场 3',0-0
拉基蒂奇~~~,下半场 3',0-1
巴萨利用一次反击的机会~内马尔内切之后的横敲~拉基蒂奇无人防守之下禁区弧顶的劲射~球直挂球门左上角,下半场 4',0-1
拉基蒂奇还是得要在这种角度这种位置更容易进球,下半场 5',0-1
打破了僵局的巴萨应该可以进更多的球,下半场 5',0-1
慢动作来看刚才拉基蒂奇的进球，完美的射门~将球打向了死角,下半场 6',0-1
巴萨在中场抢球犯规,下半场 6',0-1
球队取得了进球之后，恩里克看起来也不那么焦虑了,下半场 8',0-1
穆尼尔上半场几乎处于消失状态,下半场 8',0-1
下半场这几分钟看起来还是一样,下半场 8',0-1
内马尔好机会~一脚凌空抽射！,下半场 9',0-1
球擦柱而出~,下半场 9',0-1
穆尼尔背身拿球被放倒，巴萨的后场定位球,下半场 9',0-1
马斯切拉诺前场抢断后交给了穆尼尔,下半场 10',0-1
后者不停球直接左脚射门~球稍稍高出了横梁,下半场 11',0-1
鲍里索夫左路断球反击~,下半场 11',0-1
边裁举旗沃洛季科已经越位,下半场 11',0-1
巴萨再次获得了角球,下半场 12',0-1
内马尔传前点，没能越过对方的防守球员,下半场 12',0-1
马斯切拉诺长传找到阿尔维斯~~,下半场 13',0-1
阿尔维斯随后的传中质量不高，门将出击把球没收,下半场 13',0-1
场边鲍里索夫的替补球员开始了,下半场 15',0-1
比赛打到现在他们还没有一次射门,下半场 15',0-1
作为主场球队，这肯定无法接受,下半场 15',0-1
布教授被铲翻在地,下半场 16',0-1
3号加杜奇克领到了一张黄牌,下半场 17',0-1
鲍里索夫换人了,下半场 17',0-1
7号卡尔尼斯基换下了42号沃洛季科,下半场 17',0-1
拉基蒂奇后场玩火，横传球出现了失误,下半场 18',0-1
巴尔特拉及时的补防到左路，将球断下,下半场 18',0-1
巴萨很快攻到了前场,下半场 18',0-1
阿尔巴的传球直接出了底线,下半场 18',0-1
穆尼尔回追到本方禁区将其捅走,下半场 19',0-1
巴萨的反击~,下半场 19',0-1
拉基蒂奇~~~,下半场 19',0-2
巴萨再次利用反击机会~内马尔传到无人防守的拉基蒂奇脚下！面对出击的门将~拉基蒂奇轻巧的挑射再次打破球门,下半场 20',0-2
内马尔的这次传球很关键，再次找到了无人看防的拉基蒂奇,下半场 21',0-2
而苏亚雷斯虽然没能，但在这两次进攻中都牵扯了对方的防守球员,下半场 21',0-2
鲍里索夫再次做出换人,下半场 21',0-2
5号雅隆斯基换下了尼克尼奇,下半场 22',0-2
场边有名巴萨的替补球员准备登场,下半场 23',0-2
还看不出来具体是谁,下半场 23',0-2
巴萨用19号桑德罗换下了穆尼尔,下半场 24',0-2
今天穆尼尔的表现很一般,下半场 24',0-2
唯一能让人记住的就是巴萨的第二个进球他从后场回追断球之后发起的,下半场 24',0-2
传球成功率方面巴萨达到了85%,下半场 26',0-2
鲍里索夫只有65%,下半场 26',0-2
内马尔想要玩的更high~面对对方3人的包夹自己带球带丢了,下半场 27',0-2
巴萨用贡巴乌换下了布教授,下半场 27',0-2
贡巴乌从身材上看跟布斯克茨非常像,下半场 27',0-2
不过小将的技术和能力还是差了太远,下半场 28',0-2
贡巴乌上场之后第一次参与防守就犯规了,下半场 31',0-2
裁判给了他一张黄牌,下半场 31',0-2
桑德罗的传中逼的了一个角球,下半场 32',0-2
内马尔这次角球传中质量不高,下半场 32',0-2
鲍里索夫左路策动反击,下半场 33',0-2
禁区内西格涅维奇的打门~,下半场 33',0-2
终于鲍里索夫有了一次射门~打的太正被施特根抱住,下半场 34',0-2
阿尔维斯倒在了对方的禁区前，裁判没有吹罚犯规,下半场 35',0-2
鲍里索夫乘势发动反击~,下半场 35',0-2
禁区外的连续两次远射都绵软无力,下半场 35',0-2
鲍里索夫换上了18号莫佐来夫斯基,下半场 35',0-2
两队都已经用光了换人名额,下半场 36',0-2
比赛加上补时也只剩下10多分钟,下半场 36',0-2
巴萨胜券在握，就看内马尔和苏亚雷斯能否进球了,下半场 37',0-2
又或者拉基蒂奇上演帽子戏法？,下半场 37',0-2
7号卡尔尼斯基铲到了内马尔~,下半场 38',0-2
这个动作有些危险，裁判给了他一张黄牌,下半场 38',0-2
苏亚雷斯前场断球，米卢诺维奇身后只能犯规,下半场 39',0-2
裁判给了米卢诺维奇一张黄牌,下半场 39',0-2
巴萨在禁区右侧的定位球机会,下半场 39',0-2
还是内马尔来处理,下半场 39',0-2
传中球被门将双拳击出禁区,下半场 40',0-2
球回到了巴萨的控制下,下半场 40',0-2
巴萨前场4打2的机会,下半场 40',0-2
苏亚雷斯扣球过人之后再传中~~,下半场 40',0-2
浪费了一个绝好的机会啊，苏牙的传球似乎是踢呲了,下半场 41',0-2
鲍里索夫的球员在场上不断的犯规,下半场 43',0-2
时间不多他们也想能进球,下半场 43',0-2
巴萨一点也不着急，利用传控的优势在场上把握住节奏,下半场 43',0-2
内马尔带球被沃洛季科从身后拉了一把，裁判给了沃洛季科一张黄牌,下半场 44',0-2
远距离的前场定位球,下半场 44',0-2
还是战术配合,下半场 44',0-2
贡巴乌自己带球带丢了,下半场 44',0-2
皮克回来把球护住，交给内马尔,下半场 45',0-2
皮克下半场很少能够见到,下半场 45',0-2
这也跟主队的攻击力不强有关,下半场 45',0-2
皮看穿这几场比赛表现都不好,下半场 46',0-2
苏亚雷斯禁区左侧传中~,下半场 46',0-2
内马尔胸部一停~凌空抽射打高了,下半场 46',0-2
莫佐来夫斯基前场争抢高球撞翻了马斯切拉诺,下半场 47',0-2
下半场补时只有3分钟,下半场 47',0-2
桑德罗带球看了一下门将的位置~起脚远射！！！,下半场 47',0-2
打高了~,下半场 47',0-2
全场比赛结束,完赛,0-2
巴萨客场2比0轻松战胜了鲍里索夫,完赛,0-2
拉基蒂奇打入了两个进球，而为他送上助攻的都是内马尔,完赛,0-2
今天苏牙的机会还是不多，他做的更多的是吸引对方的防守给队友创造机会,完赛,0-2
内马尔表现依旧出色，利用自己的盘带和视野为拉基蒂奇送出两记精妙的助攻,完赛,0-2
虽然客场赢球了，不过巴萨又损失了罗贝托，开场10多分钟他就因伤被换下,完赛,0-2
