各位网友、球迷朋友，欢迎来到新浪体育收看精彩的比赛图文直播,未赛,0-0
本次直播给大家带来的是英超第13轮，切尔西主场和诺维奇的比赛,未赛,0-0
正式比赛中，双方一共有50次交手，切尔西19胜17平14负稍稍占优，进70球失55球,未赛,0-0
其中在主场的联赛中，切尔西19次迎战诺维奇9胜6平4负，进33球失19球。两队上次交手是2013-14赛季第37轮，当时两队0-0战平,未赛,0-0
在英超前12轮，切尔西丢掉了23球，在英超20支球队里，只有伯恩茅斯和桑德兰2支球队的丢球比蓝军更多,未赛,0-0
在过去的3场比赛里，切尔西分别输给了西汉姆联、利物浦和斯托克城，遭遇尴尬的3连败，这让穆里尼奥非常难堪,未赛,0-0
此役对阵实力不强的诺维奇，切尔西迎回了伊万，重塑钢铁防线，穆里尼奥的球队得到反弹机会，有望告别连败,未赛,0-0
迭戈-科斯塔在新赛季状态不佳，出场10次仅仅打入2球，这样的发挥其实非常差，此役表现又会如何，值得关注,未赛,0-0
前12轮联赛，切尔西3胜2平7负积11分，排在积分榜第16位，诺维奇3胜3平6负积12分，1分优势领先切尔西排名第15位,未赛,0-0
北京时间11月21日晚23点，切尔西和诺维奇难兄难弟间的较量，结局会如何，我们拭目以待！,未赛,0-0
大家好，欢迎来到新浪体育赛事直播间,未赛,0-0
即将为大家送上的是英超第13轮，切尔西主场和诺维奇的比赛,未赛,0-0
切尔西上一轮客场不敌斯托克城，遭遇三连败,未赛,0-0
前12轮战罢，切尔西3胜2平7负积11分，排名积分榜第16位,未赛,0-0
目前双方球员已经进场，比赛一触即发,未赛,0-0
我们先来看看双方的首发大名单,未赛,0-0
切尔西首发：门将：1-贝戈维奇；后卫：2-伊万、26-特里、5-祖玛、16-肯尼迪；后腰：4-法布雷加斯、21-马蒂奇；前卫：10-阿扎尔、22-威廉、17-佩德罗；前锋：19-迭戈-科斯塔 ,未赛,0-0
替补：拉米雷斯、奥斯卡、贝尔特兰德-特劳雷、雷米、卡希尔、布莱克曼、阿兹皮利奎塔,未赛,0-0
诺维奇首发：门将：1-约翰-鲁迪；后卫：3-维斯顿、24-本内特、6-巴松、23-奥尔森；中场：8-强尼-豪森、28-奥尼尔、21-布伦姆布、12-布拉迪；前腰：22-雷蒙德；前锋：9-迪尤梅里克-马保卡尼 ,未赛,0-0
替补：2-惠特克、10-杰罗梅、13-迪克兰-鲁迪、14-胡拉汉、18-格兰汉姆-多兰斯、19-拉费蒂、32-瓦迪斯-奥迪吉达-奥福,上半场 1',0-0
上半场比赛开始,上半场 1',0-0
蓝衣蓝裤的切尔西，从画面的左侧向右进攻,上半场 1',0-0
祖玛后场拿球，姆博卡尼上抢拉人犯规,上半场 1',0-0
伊万右路拿球，过了中线，横传找威廉,上半场 2',0-0
威廉再分给左路的佩德罗，佩德罗过顶球找科斯塔,上半场 2',0-0
可惜传球有点大，在后卫的干扰下，直接出了底线,上半场 2',0-0
肯尼迪左路争抢头球，将球顶出了边线,上半场 3',0-0
伊万右路拿球，直塞给到威廉,上半场 3',0-0
威廉面对逼抢，再回传给到伊万,上半场 4',0-0
马蒂奇后场拿球，过顶找科斯塔,上半场 4',0-0
科斯塔被吹越位位置回接,上半场 4',0-0
穆隆布中场拿球，斜塞左路给到上来的雷蒙德,上半场 5',0-0
雷蒙德传中球，打在上来补防的特里身上出底线,上半场 5',0-0
诺维奇获得左侧角球机会，并未形成威胁,上半场 5',0-0
姆博卡尼前场左路拿球，威廉上抢犯规,上半场 6',0-0
马蒂奇后场拿球，分球给左路回来接应的佩德罗,上半场 7',0-0
佩德罗拿球面对逼抢，再给肯尼迪,上半场 7',0-0
肯尼迪的人球分过，强突，可惜趟球出边线啦,上半场 7',0-0
小法的直塞球找佩德罗,上半场 8',0-0
佩德罗挑传球打身后，诺维奇球员头球解围,上半场 8',0-0
肯尼迪左路拿球，再传禁区，又被诺维奇球员解围,上半场 8',0-0
诺维奇的反击，赢得角球机会,上半场 8',0-0
角球开出到禁区，还是没能形成威胁,上半场 9',0-0
马蒂奇前场拿球，分边左侧给到阿扎尔,上半场 9',0-0
阿扎尔横传再给科斯塔，科斯塔斜塞回给切入的阿扎尔,上半场 9',0-0
阿扎尔带球强突下底，倒三角回传门前，小法跟进打门，踢飞,上半场 10',0-0
上半场这10分钟来看，切尔西基本占据了主动，两个边路很犀利,上半场 10',0-0
小法中场拿球，面对逼抢，回传祖玛,上半场 11',0-0
祖玛再给特里，特里分球马蒂奇,上半场 11',0-0
马蒂奇分边左路给肯尼迪，肯尼迪的直塞交给佩德罗,上半场 11',0-0
佩德罗得球横切，起脚传中，打在贝内特身上出边线,上半场 12',0-0
切尔西前场再攻，阿扎尔左路拿球，大范围转移球到右路找伊万,上半场 12',0-0
伊万停球内切，再横传给到小法,上半场 13',0-0
小法的斜传球到后点，被奥尔森解围出底线,上半场 13',0-0
切尔西获得右侧角球机会,上半场 13',0-0
角球开出到前点，特里抢点，狮子甩尾，差一点点啊,上半场 13',0-0
阿扎尔前场拿球，面对多人围抢，强突，横传给到右侧的威廉,上半场 14',0-0
威廉停球进入禁区，面对巴松，一拨，起脚打门,上半场 15',0-0
拉迪倒地，用右臂将球挡了出来,上半场 15',0-0
拉迪门球开出到右路，阿扎尔抢点，力压维斯多姆将球顶出边线,上半场 16',0-0
切尔西中场抢断，肯尼迪左路直塞找佩德罗,上半场 16',0-0
可惜传球力量太大，佩德罗拼尽全力，球还是出了底线,上半场 17',0-0
威廉中场拿球，横传给到阿扎尔,上半场 17',0-0
阿扎尔带球强突，禁区角上，再分右侧给伊万,上半场 17',0-0
伊万横传小法，小法强突后起脚往禁区送，被后卫挡出,上半场 18',0-0
伊万右路拿球，再传禁区，直接出了底线,上半场 18',0-0
奥尔森左路的传中球，被祖玛解围出边线,上半场 18',0-0
阿扎尔后场拿球，一路狂奔到前场，分球小法,上半场 19',0-0
小法再送直塞想给佩德罗，被诺维奇球员抢断,上半场 20',0-0
诺维奇的反击，禁区弧顶奥尼尔拿球，横传左路给布雷迪,上半场 20',0-0
布雷迪左路横传球到禁区，姆博卡尼停球,上半场 20',0-0
无人防守，姆博卡尼外脚背的抽射，放了高射炮！！！,上半场 21',0-0
威廉禁区右路拿球，虚晃两下，右脚回传禁区外给佩德罗,上半场 21',0-0
佩德罗停球一拨，左脚远射，打飞,上半场 21',0-0
佩德罗中场背身拿球，被穆隆布身后踢翻在地,上半场 22',0-0
马蒂奇拿球，有利原则，裁判没吹,上半场 23',0-0
马蒂奇中场的直塞找前插的阿扎尔,上半场 23',0-0
边裁举旗，阿扎尔越位在先，可惜啦,上半场 23',0-0
小法后场拿球，斜塞给到阿扎尔,上半场 23',0-0
阿扎尔停球转身，再送直塞找科斯塔，边裁举旗，科斯塔越位,上半场 24',0-0
布雷迪前场中路拿球，强突到禁区,上半场 24',0-0
祖玛转身回防，将布雷迪挡在身后,上半场 24',0-0
贝戈维奇出击，在祖玛的掩护，将球拿到,上半场 24',0-0
诺维奇摆出大巴，切尔西前25分钟办法真不多啊,上半场 25',0-0
小法禁区外送出斜塞给到禁区左侧的佩德罗,上半场 25',0-0
佩德罗拿球，左脚横传球到门前,上半场 26',0-0
科斯塔包抄抢点，推射，打高啦,上半场 26',0-0
阿扎尔前场中路拿球，禁区弧顶分球右路给伊万,上半场 27',0-0
伊万在回给小法，小法斜传禁区给阿扎尔,上半场 27',0-0
阿扎尔停球，横传找威廉，被奥尔森上来破坏,上半场 27',0-0
切尔西前场再攻，赢得右侧角球机会,上半场 28',0-0
威廉角球开出到前点，被诺维奇球员头球解围,上半场 28',0-0
穆隆布拿球反击，中场遭遇逼抢，回传豪森,上半场 28',0-0
豪森再被布雷迪，布雷迪拿球强突，被断啦,上半场 28',0-0
威廉右路拿球强突，奥尔森转身回防，阻挡犯规,上半场 29',0-0
切尔西获得前场右路的任意球机会,上半场 29',0-0
位置相当不错，在大禁区右上角一点点,上半场 30',0-0
威廉任意球搓传到门前，混战中球被诺维奇球员解围,上半场 30',0-0
佩德罗左路拿球，强行内切，穆隆布回防死死拉住不放啊,上半场 30',0-0
穆隆布被主裁判出示了黄牌警告！！！,上半场 31',0-0
这也是本场比赛的第一张黄牌！！！,上半场 31',0-0
布雷迪中场拿球，横传给到豪森,上半场 32',0-0
上半场31分钟，切尔西第一次全队退回到自己半场防守,上半场 32',0-0
穆隆布中场拿球，过顶斜传左路找奥尔森,上半场 33',0-0
奥尔森头球摆渡，回顶给到雷蒙德,上半场 33',0-0
雷蒙德拿球内切，左脚传中到禁区，特里将球拦截,上半场 33',0-0
科斯塔前场左路拿球，遭遇三人围抢，带至角旗附近,上半场 34',0-0
科斯塔转身回传给到小法，小法趟球进禁区,上半场 34',0-0
再分球找威廉，被后卫出脚挡回,上半场 35',0-0
马蒂奇外围拿球，横传给到伊万,上半场 35',0-0
伊万再分右路找威廉，被贝内特碰出边线,上半场 35',0-0
威廉发界外球，贝内特站在边线附近干扰，威廉直接将球仍在了贝内特的脸上,上半场 36',0-0
双方球员发生了口角，裁判现将其劝离，在和边裁商议,上半场 36',0-0
主裁判过来，向威廉出示了黄牌警告！！！,上半场 36',0-0
雷蒙德前场中路拿球，斜塞禁区找布雷迪,上半场 37',0-0
威廉回防，和布雷迪相撞，后者倒地，裁判没表示,上半场 37',0-0
切尔西的前场进攻，科斯塔的射门，被后卫挡出底线,上半场 37',0-0
切尔西获得左侧角球机会，还是没能形成威胁,上半场 38',0-0
威廉左路拿球，内切后斜塞禁区找科斯塔,上半场 38',0-0
科斯塔靠着巴松强行转身，准备打门，和巴松双双倒地,上半场 39',0-0
裁判哨响，原来边裁举旗了，科斯塔越位在先,上半场 39',0-0
上半场40分钟，比分依旧是0-0，切尔西办法真不多啊,上半场 40',0-0
小法后场拦截，过度给到伊万,上半场 41',0-0
伊万脚后跟分球想给威廉，传到了其身后，直接出边线,上半场 41',0-0
奥尔森左路拿球，左脚传中到门前，祖玛头球解围出底线,上半场 41',0-0
诺维奇获得左侧角球机会，布雷迪主罚,上半场 42',0-0
角球开出到前点，被威廉解围出来,上半场 42',0-0
豪森拿球，再传后点，雷蒙德跟进打门，被贝戈维奇挡出,上半场 42',0-0
切尔西的反击，科斯塔单刀，被拉迪奋力扑出底线,上半场 43',0-0
切尔西获得左侧角球机会，开出到后点，特里攻门，打偏,上半场 43',0-0
巴松后场拿球，面对科斯塔的逼抢，巴松将球解围出边线,上半场 44',0-0
肯尼迪前场拿球，内切后的远射，打偏,上半场 44',0-0
阿扎尔左路拿球，强突遭遇维斯多姆和奥尼尔的夹抢,上半场 45',0-0
阿扎尔强突，拉人犯规在先,上半场 45',0-0
上半场比赛补时1分钟,上半场 46',0-0
穆隆布中场拿球，被威廉身后上抢抢断,上半场 46',0-0
球到了阿扎尔脚下，阿扎尔拿球反击,上半场 47',0-0
阿扎尔前场中路拿球，横传马蒂奇,上半场 47',0-0
马蒂奇的远射，再被后卫挡出,上半场 47',0-0
上半场比赛结束，切尔西主场暂时和诺维奇踢成了0-0,中场,0-0
诺维奇客场摆大巴，切尔西半场占据主动，但真正的得分机会只有两次，可惜被拉迪奋勇扑出,中场,0-0
诺维奇尽管摆大巴，但也获得一次不错的反击机会，姆博卡尼的推射，被特里倒地挡出,中场,0-0
三连败的切尔西，急需一场胜利来调节球队气势,中场,0-0
我们稍事休息，再回来看看双方下半场的较量，切尔西谁会站出来救主,中场,0-0
下半场比赛开始,下半场 1',0-0
切尔西开球，从画面的右侧向左进攻,下半场 1',0-0
佩德罗左路拿球，横传中间找马蒂奇,下半场 1',0-0
马蒂奇斜传转移右路找威廉，被断啦,下半场 1',0-0
切尔西中场抢断，阿扎尔拿球反击,下半场 2',0-0
阿扎尔强突内切，分球科斯塔，出球后被奥尼尔踢翻在地,下半场 2',0-0
奥尼尔被主裁判出示了黄牌警告！！,下半场 3',0-0
切尔西获得前场中路的任意球机会,下半场 3',0-0
威廉任意球直接攻门，绕过人墙，门前弹地后被拉迪没收,下半场 3',0-0
诺维奇后场的过顶长传找姆博卡尼,下半场 4',0-0
边裁举旗，姆博卡尼越位在先,下半场 4',0-0
威廉右路拿球，强行内切，被布雷迪身后勾倒在地,下半场 4',0-0
切尔西获得前场右路的任意球机会,下半场 4',0-0
威廉任意球斜传到前点，被诺维奇球员头球解围,下半场 5',0-0
小法中路拿球，再给右路的威廉,下半场 5',0-0
威廉外脚背挑传门前，被后卫伸腿挡出底线,下半场 5',0-0
切尔西再次获得右侧角球机会,下半场 6',0-0
威廉角球开出到前点，祖玛凌空扫射，高射炮！！！,下半场 6',0-0
这明显是后卫解围的脚法啊,下半场 6',0-0
小法后场拿球，直塞给到阿扎尔,下半场 7',0-0
阿扎尔挑传打身后找科斯塔，拉迪出击将球拿到,下半场 7',0-0
雷蒙德左前场拿球，面对小法的逼抢，自己将球带出了边线,下半场 8',0-0
马蒂奇后场拿球，分边给到威廉,下半场 8',0-0
威廉再突，被维斯多姆上抢踢翻在地,下半场 8',0-0
肯尼迪左路拿球，分球给到阿扎尔,下半场 9',0-0
阿扎尔再横传给小法，小法斜塞身后再找阿扎尔,下半场 9',0-0
奥尔森回防倒地将球解围,下半场 9',0-0
豪森拿球，佩德罗原地反抢，拉人犯规,下半场 10',0-0
姆博卡尼中场拿球，肯尼迪上抢将球破坏,下半场 10',0-0
马蒂奇上来拿球，直塞给到 阿扎尔,下半场 10',0-0
阿扎尔下底后倒三角在回到中间给小法,下半场 11',0-0
小法转移球到右路找上来的伊万,下半场 11',0-0
伊万再给威廉，威廉斜传门前，拉迪抢在科斯塔之前将球拿到,下半场 11',0-0
阿扎尔前场左路拿球，内切后大范围转移球到右路给威廉,下半场 12',0-0
威廉回传伊万，伊万起球到禁区，被巴松头球解围,下半场 12',0-0
姆博卡尼拿球转身，强突被祖玛将球拦截,下半场 12',0-0
切尔西前场再攻，小法左路拿球横切，禁区外起脚抽射，被拉迪倒地没收,下半场 13',0-0
马蒂奇中圈拿球，斜传左路给佩德罗,下半场 14',0-0
佩德罗拿球强突下底，遭遇夹击，球被贝内特捅出边线,下半场 14',0-0
切尔西快发界外球，佩德罗左路拿球，横传中间给马蒂奇,下半场 15',0-0
马蒂奇禁区外的远射，踢茨啦！！！,下半场 15',0-0
切尔西的好机会，可惜门前无人抢点啊,下半场 15',0-0
威廉前场右路拿球，斜塞给到切入的佩德罗,下半场 16',0-0
佩德罗下底横传到门前，无人包抄，球滑门而过,下半场 16',0-0
一次好机会浪费啦,下半场 16',0-0
阿扎尔中场拿球，分球右侧给到威廉,下半场 17',0-0
威廉拿球再突，阿扎尔中路前插，巴松回防拉倒了阿扎尔,下半场 17',0-0
巴松被主裁判出示了黄牌警告！！！,下半场 17',0-0
切尔西获得前场中路的任意球机会,下半场 17',0-0
威廉任意球斜传禁区，混战中球被诺维奇球员解围,下半场 17',0-0
阿扎尔左路拿球，横传中间给到小法,下半场 18',0-0
小法拿球强突，进入禁区，遭遇夹抢，摔倒啦,下半场 18',0-0
裁判未理会，球被诺维奇球员出脚解围,下半场 18',0-0
1-0！！！,下半场 18',1-0
科斯塔的进球！！！,下半场 19',1-0
阿扎尔中场拿球被放倒，威廉摆球，马蒂奇快发，直接过顶打身后，科斯塔前插到禁区拿球一扣，摆脱上来的贝内特，右脚推射远角，打进！！！,下半场 20',1-0
诺维奇摆了60多分钟的大巴，被切尔西一次快发任意球，反击取得领先，大意失荆州啊,下半场 21',1-0
肯尼迪前场左路拿球，奥尼尔上抢踢翻了肯尼迪，犯规,下半场 22',1-0
切尔西获得前场左路的任意球机会,下半场 22',1-0
奥尼尔已经有黄牌在身，得小心了啊,下半场 22',1-0
威廉任意球斜传门前，祖玛黑影一闪，凌空垫射，击中横梁弹出底线,下半场 23',1-0
非常好的一次机会，可惜差了一个横梁的距离啊,下半场 23',1-0
布雷迪前场拿球，面对马蒂奇的上抢，远射，被挡出底线,下半场 23',1-0
诺维奇获得左侧角球机会，开出到门前，直接被贝戈维奇没收,下半场 24',1-0
科斯塔前场右路拿球，内切撞在了奥尔森身上倒地,下半场 24',1-0
奥尔森被吹阻挡犯规，领到一张黄牌！！！,下半场 24',1-0
科斯塔也是向队友解释，自己传球慢了点,下半场 25',1-0
切尔西获得前场的任意球机会，就在大禁区线上,下半场 25',1-0
威廉的任意球直接打门，打在队友的后背上弹回,下半场 25',1-0
诺维奇禁区内都是人，确实不好打,下半场 26',1-0
阿扎尔左路拿球，想和威廉做踢墙配合,下半场 26',1-0
球被后卫出脚破坏出边线,下半场 27',1-0
诺维奇场边站了三名球员，一下三个名额全换完？,下半场 27',1-0
佩德罗左路拿球，强突下底，遭遇三人围抢,下半场 27',1-0
佩德罗回带，失误啦,下半场 27',1-0
诺维奇换人：14号霍拉罕、10号杰罗姆、18号多朗斯上,下半场 28',1-0
换下的是9号姆博卡尼、8号豪森、21号穆隆布,下半场 28',1-0
马蒂奇中场拿球，面对逼抢，回传肯尼迪,下半场 29',1-0
肯尼迪再回敲贝戈维奇，控制一下,下半场 29',1-0
诺维奇一下换三，而且都是进攻型球员，要主动出击了啊,下半场 29',1-0
祖玛后场拿球，杰罗姆和霍拉罕围抢,下半场 30',1-0
祖玛不敢大意，有了机会，赶紧出脚将球解围出边线,下半场 30',1-0
马蒂奇前场抢断，单骑闯关,下半场 31',1-0
马蒂奇带球到禁区左侧，面对两人围抢，闪开空挡，横传中路,下半场 31',1-0
被贝内特在科斯塔之前出脚解围,下半场 32',1-0
马蒂奇和肯尼迪的踢墙配合，肯尼迪横传球，被诺维奇球员挡出底线,下半场 32',1-0
切尔西获得左侧角球机会，威廉主罚,下半场 32',1-0
战术角球开出，给到阿扎尔,下半场 32',1-0
阿扎尔再给威廉，威廉起球到前点，巴松头球解围,下半场 33',1-0
佩德罗禁区外围得球，凌空抽射，打偏,下半场 33',1-0
伊万右路拿球，强突下底，横传球被奥尔森挡出边线,下半场 34',1-0
肯尼迪左路拿球，面对布雷迪的逼抢，回传贝戈维奇,下半场 35',1-0
切尔西后场传倒，控制一下节奏,下半场 35',1-0
祖玛给到伊万，伊万再给阿扎尔,下半场 35',1-0
阿扎尔右路拿球内切，过度球给到小法,下半场 36',1-0
小法再给威廉，威廉横切，禁区外起脚打门,下半场 36',1-0
打在防守球员身上弹回，佩德罗跟上再抢，摔倒在禁区,下半场 36',1-0
裁判并未理会，球被诺维奇球员解围,下半场 36',1-0
佩德罗也是面带微笑，起身投入比赛,下半场 37',1-0
威廉右路拿球，踩单车强突，被回防的杰罗姆放铲拦截,下半场 37',1-0
诺维奇中场的直塞球找霍拉罕，力量有点大，直接出了底线,下半场 38',1-0
切尔西换人：8号奥斯卡上，换下17号佩德罗,下半场 39',1-0
布雷迪前场拿球，横传给到多朗斯,下半场 39',1-0
多朗斯再分左路找奥尔森，奥尔森面对逼抢，回传贝内特,下半场 39',1-0
下半场比赛40分钟，比分1-0，切尔西领先,下半场 40',1-0
奥斯卡后场抢断，分球给到阿扎尔,下半场 40',1-0
阿扎尔过顶球找到科斯塔,下半场 41',1-0
科斯塔在横传交给上来的奥斯卡，奥斯卡再给马蒂奇,下半场 41',1-0
马蒂奇单骑闯关，摆脱防守进入禁区，面对拉迪，左脚劲射近角，被拉迪挡出,下半场 41',1-0
非常好的一次机会，可惜最后选择打近角，成就拉迪的精彩扑救,下半场 42',1-0
切尔西再次换人：7号拉米雷斯上，换下22号威廉,下半场 42',1-0
威廉的下半场，也是迎来现场球迷的热烈掌声！！！,下半场 43',1-0
肯尼迪左路拿球，横传小法,下半场 43',1-0
小法再给拉米雷斯，拉米雷斯背身拿球，转身被断,下半场 43',1-0
诺维奇的后场直塞球，伊万回防，倒地将球挡出边线,下半场 44',1-0
诺维奇中场起球到禁区，杰罗姆争抢头球，被吹压人犯规,下半场 44',1-0
奥尼尔左路的斜传球到右路找队友，被肯尼迪解围出边线,下半场 45',1-0
切尔西再次换人：28号阿斯皮利奎塔上，换下10号阿扎尔,下半场 45',1-0
阿扎尔的下场，同样迎来现场热烈的掌声,下半场 46',1-0
下半场比赛补时4分钟,下半场 46',1-0
诺维奇右路的斜传球到禁区，特里前点将球解围,下半场 46',1-0
贝内特大力将球掷到禁区，杰罗姆头球后蹭,下半场 47',1-0
奥斯卡禁区线上头球解围,下半场 47',1-0
贝内特外围拿球，再传禁区，阿斯皮利奎塔大脚将球破坏,下半场 47',1-0
巴松后场拿球，拉米雷斯上抢，铲翻了巴松，犯规,下半场 48',1-0
奥斯卡前场中路拿球，横传给到奥斯卡,下半场 49',1-0
奥斯卡再送直塞交给拉米雷斯，拉米雷斯带球到角旗附近,下半场 49',1-0
拉米雷斯底线强突，自己将球趟出了底线,下半场 49',1-0
补时已经进入读秒阶段,下半场 49',1-0
拉迪大脚将球门球开出，裁判鸣哨,下半场 49',1-0
全场比赛结束，切尔西主场1-0战胜诺维奇，取得了近四轮的首胜！！！,完赛,1-0
切尔西中场快发任意球，科斯塔打进全场唯一入球！！！,完赛,1-0
整场比赛切尔西占据了主动，可面对诺维奇的铁桶阵，办法不多,完赛,1-0
下半场利用对方的一次疏忽，阿扎尔中场被放倒，威廉快发任意球，科斯塔完成致命一击,完赛,1-0
好了，本场比赛的直播就到这里，谢谢大家的陪伴和观看，我们稍后西甲国家德比，再见！！,完赛,1-0
