各位新浪网友大家好，欢迎来到新浪体育观看精彩的直播节目,未赛,0-0
本次直播给大家带来的是2015赛季中超联赛第25轮的其中一场，由石家庄永昌主场迎战河南建业的比赛,未赛,0-0
上轮永昌在客场0-1负于力帆，以被绝杀的方式结束了连续16场联赛不败的走势。,未赛,0-0
但对于目前积34分排名积分榜第5位的永昌来说，结束不败也许并不是坏事，队员们“卸掉包袱”后可能踢的会更加放松,未赛,0-0
永昌此战仍有奋斗目标，本赛季前12个主场5胜7平保持不败，能否延续主场金身对永昌很有意义，若能以升班马的身份保持赛季主场不败也是件了不起的事,未赛,0-0
建业上轮在主场击败鲁能，结束了7轮不胜的走势。目前建业积32分排名积分榜第7位。与第五的永昌仅差2分,未赛,0-0
本赛季建业前11个客场只取得2胜3平6负的成绩，总共仅打入8球，客场表现令人咂舌,未赛,0-0
建业目前在积分榜上属于不上不下的位置，在并无抢分压力的情况下，建业要做的就是提升客场的表现,未赛,0-0
本赛季首回合交锋中，永昌凭借隆东的入球在客场1-0战胜建业。建业客场能否成功复仇也值得关注,未赛,0-0
大家好，欢迎来到直播间观看精彩的中超比赛！,未赛,0-0
欢迎广大网友提出对于本场比赛您所感兴趣的问题，我们将挑选一些有代表性的进行解答和探讨！,未赛,0-0
两支球队本赛季发挥都不错。双方没有保级压力，加之实力相近，这场比赛将会十分好看,未赛,0-0
双方先发已经出炉，冰岛国脚搭档穆伦加冲锋，建业伊沃领衔,未赛,0-0
石家庄永昌首发：门将：22-关震,后卫：25-糜昊伦、18-许博、4-李超、 14-赵容亨、13-冯绍顺,中场：9-隆东、5-白鹤、23-胡伟、24-古德约翰森,前锋：19-穆伦加,未赛,0-0
永昌替补：2-吕宏琛、6-李春郁、11-黄世博、12-王国明、15-王鹏、17-王子豪、26-孙昊晟,未赛,0-0
河南建业首发：门将：29-韩锋,后卫：14-买提江、15-郑仁焕、4-戈麦斯、33-毕津浩、16-杨阔,中场：18-徐洋、10-伊沃、2-龙成、8-尹鸿博,前锋：9-哈维尔,未赛,0-0
建业替补：1-吴龑、5-顾操、7-肖智、13-外力、19-张可、20-萨哈拉、32-路尧,未赛,0-0
今天的主裁判是黄烨军,未赛,0-0
双方球员已经出场了，坐镇主场的石家庄身穿的是蓝色战袍,未赛,0-0
作客的河南建业身穿红色战袍,未赛,0-0
黄烨军哨响，上半场比赛开始了,上半场 1',0-0
主场作战的永昌从左侧向右侧来进攻，建业反之,上半场 1',0-0
双方今天的队长是李超和戈麦斯,上半场 1',0-0
永昌后场拿球，李超一个长传，送到前场右路找冯绍顺,上半场 2',0-0
徐洋紧盯对方，把球让出底线,上半场 2',0-0
古德约翰森中场横敲失误,上半场 2',0-0
杨阔边路拿球，转移到左侧给毕津浩,上半场 3',0-0
买提江中路制造对手犯规,上半场 3',0-0
建业快发，打到左路，冯绍顺把球铲出边线,上半场 3',0-0
戈麦斯过来掷边线球，还是他标志性的手榴弹方式,上半场 4',0-0
戈麦斯的臂力惊人啊，直接扔到点球点附近，关震出击把球摘下,上半场 4',0-0
赵容亨把球交给许博，许博的直传，给的不错,上半场 5',0-0
建业后场把球断下来，反击速度非常快,上半场 5',0-0
尹鸿博斜插禁区，形成单刀了,上半场 5',0-0
尹鸿博的一记推射，打的有些正，被关震用腿挡出底线,上半场 6',0-0
建业角球罚向后点，外围一记大力抽射，打在后卫身上,上半场 6',0-0
建业前场再次获得一个界外球，还是让戈麦斯来,上半场 6',0-0
戈麦斯这次没有选择大力发，而是交给身旁的伊沃,上半场 6',0-0
建业前场的短传出现了失误,上半场 7',0-0
不过永昌也没能抓住反击的机会，右路冯绍顺的直塞球被戈麦斯得到,上半场 7',0-0
哈维尔右路突破，出球的瞬间被对方撞翻在地,上半场 8',0-0
建业今天反客为主压着永昌再踢啊,上半场 9',0-0
杨阔右路助攻到前场，赵容亨把球解围出边线,上半场 9',0-0
戈麦斯界外球又是手榴弹的方式，给进去，永昌把球解围出来,上半场 10',0-0
建业禁区前沿的直塞，买提江左路下底，传向后门柱,上半场 10',0-0
非常危险啊，不过买提江这个球传的太靠近球门，队友没能包抄上去,上半场 10',0-0
永昌左路进攻，给到赵容亨，建业后场把球断下来,上半场 11',0-0
毕津浩把球交到伊沃脚下，伊沃中路突破，送出直塞,上半场 11',0-0
哈维尔转身插入禁区，伊沃给的稍微大了一些，关震出击把球没收,上半场 12',0-0
胡伟左路拿球失误,上半场 12',0-0
建业这边伊沃面对许博，没有突过去,上半场 12',0-0
伊沃低球敲到禁区中间，尹鸿博背身拿球，摔倒了,上半场 13',0-0
裁判示意比赛继续,上半场 13',0-0
龙成和买提江在中场抢到了一起，被永昌断球,上半场 13',0-0
永昌左路的反击，给到弧顶的古德约翰森，好机会啊，古德约翰森没有停好,上半场 14',0-0
这个球要是能够拿住，那将和身边的隆东形成2打2的局势,上半场 14',0-0
永昌右路进攻，隆东的突破被毕津浩放倒,上半场 14',0-0
永昌右路的任意球，开进去，白鹤冲顶，见高不见远啊,上半场 15',0-0
韩锋出击高高跃起，把球摘下,上半场 15',0-0
永昌再次打出不错的进攻，中路的小配合，渗透过来，突然分边，冯绍顺跟进,上半场 16',0-0
冯绍顺的传中落点不好，中路防守的郑仁焕把球解围,上半场 16',0-0
伊沃中场拿球，遭遇包夹，糜昊伦犯规了,上半场 16',0-0
双方你来我往，都力拼中场，不过实质性的破门机会少之又少,上半场 17',0-0
建业阵型压上，形成围攻，郑仁焕也插上来了,上半场 17',0-0
郑仁焕在很远的位置，选择了一记大力的远射，李超把球挡出底线,上半场 18',0-0
角球开到禁区，穆伦加回防到位，头球解围,上半场 18',0-0
永昌左路的进攻，胡伟拉到底线附近，穿裆把球传出,上半场 19',0-0
杨阔把球解围出边线,上半场 20',0-0
控球率方面，主队只有37%，而作客的建业达到了63%,上半场 20',0-0
隆东右路的突破，强行的传中，造成角球机会,上半场 20',0-0
永昌左路的角球给入禁区，落点很刁钻啊，前点没有顶到，却也晃了一下防守队员,上半场 21',0-0
中间穆伦加包抄也没碰到，后门柱的隆东跟进头球，偏出底线,上半场 22',0-0
隆东跟进的时候已经没有什么角度了,上半场 22',0-0
建业边路直塞，徐洋左路快速跟进，但还是出了底线,上半场 23',0-0
永昌后场的倒脚过渡传大了，越过冯绍顺头顶出了边线,上半场 24',0-0
永昌感觉整体今天都不在状态啊，显得不够兴奋,上半场 24',0-0
李超想交给左边的赵容亨，但建业高位逼抢很紧，选择回敲关震,上半场 24',0-0
关震的大脚直接开到前场,上半场 25',0-0
永昌还是从左路来寻找机会,上半场 25',0-0
穆伦加背身拿球，被对方断下，穆伦加示意裁判，对方有犯规,上半场 25',0-0
杨阔界外球给出来，还是伊沃在中场组织,上半场 26',0-0
转到左路给徐洋，徐洋在交给身后的毕津浩,上半场 26',0-0
毕津浩突破了一名防守队员，交给买提江,上半场 26',0-0
买提江突破被放倒在地,上半场 26',0-0
建业前场任意球的机会，这个球距离球门的直线距离是29米,上半场 27',0-0
伊沃的任意球传向中路，高度不够，没有越过人墙,上半场 27',0-0
建业外围把球拿住，重新再来,上半场 28',0-0
左路45度的斜传，后点尹鸿博把球顶回来,上半场 28',0-0
哈维尔禁区内背身拿球，做给插上的郑仁焕,上半场 28',0-0
郑仁焕禁区外大力抽射，高了,上半场 29',0-0
隆东右路的突破，依靠个人能力又制造了一个角球,上半场 29',0-0
永昌的角球还是找前点，一蹭，到中间，还是建业先抢得落点，解围出来,上半场 30',0-0
胡伟左路拿球，被对方绊倒,上半场 30',0-0
永昌左路任意球开到禁区前沿，没有形成威胁,上半场 30',0-0
双方打的都是四平八稳，注意力更多是用在防守上，进攻几乎都是进不了30米区域就丢掉了,上半场 31',0-0
建业左路长传找哈维尔，隆东头球解围出边线,上半场 31',0-0
尹鸿博左路突破，下底传中，低球给进去,上半场 32',0-0
没有找到同伴啊，被李超解围出来,上半场 32',0-0
伊沃拿球，还是猛攻左路,上半场 32',0-0
伊沃内切，杀入禁区，强行的起脚打门，被关震托出横梁,上半场 33',0-0
建业打了一个战术角球，伊沃给进去，第一点被顶出来,上半场 33',0-0
毕津浩外围来上一脚，高了,上半场 33',0-0
射门的应该是杨阔，不是毕津浩,上半场 34',0-0
永昌左路拿球，横敲到中间，许博的长传,上半场 34',0-0
穆伦加禁区内胸部一停，给到后排插上的同伴,上半场 34',0-0
白鹤右路斜传，在给到禁区内，传大了,上半场 35',0-0
建业左路的反击，再次获得一个角球,上半场 35',0-0
伊沃直接送到小禁区中央，郑仁焕冲顶和出击的关震相撞,上半场 36',0-0
裁判哨响，吹了冲撞门将犯规,上半场 36',0-0
中超间歇期回来，双方好像都把射门靴忘在了家里，进攻乏善可陈啊,上半场 38',0-0
永昌中路的配合来自3名外援，古德约翰森一漏，后面的隆东出了机会,上半场 38',0-0
隆东射门心切，没能看见右路位置更好的冯绍顺，而是选择自己起脚了,上半场 39',0-0
隆东的射门偏出左门柱,上半场 39',0-0
永昌的进攻，吊入禁区，戈麦斯的解围给了对手角球机会,上半场 39',0-0
角球给进去，第一点建业解围不远，尹鸿博反应迅速，倒钩再补一下，踢出禁区,上半场 40',0-0
建业前场的反击，哈维尔突破被放倒,上半场 40',0-0
伊沃主罚定位球，送到后点，都没能碰到啊，飞出底线,上半场 41',0-0
上半场已经40分钟了，双方还是不温不火呀，比赛有些闷,上半场 41',0-0
永昌的传递，推进到了前场，右侧白鹤的传中，韩锋出击没收,上半场 42',0-0
伊沃前场组织进攻，转移到右路的杨阔脚下,上半场 42',0-0
建业不着急，慢条斯理的倒脚，而永昌的逼抢也并不凶,上半场 42',0-0
建业右路传过顶，出了边线,上半场 43',0-0
徐洋左路的直传，哈维尔回撤接应,上半场 43',0-0
哈维尔想脚后跟磕给伊沃，被对方断下,上半场 43',0-0
胡伟左路把球交到白鹤脚下，白鹤有些大意，被断,上半场 44',0-0
建业顺势直塞给哈维尔，传大了，永昌防守的人数还是比较多，紧盯哈维尔呀,上半场 45',0-0
上半场补时1分钟,上半场 45',0-0
伊沃左路拿球，回敲给买提江,上半场 45',0-0
买提江大范围转移给右侧的杨阔,上半场 45',0-0
杨阔在交尹鸿博，尹鸿博转身往中路抹,上半场 46',0-0
建业传过顶到禁区内，糜昊伦倒钩把球解围出来,上半场 46',0-0
建业左路的传中，后点没人包抄，永昌有反击机会,上半场 47',0-0
永昌攻到了前场，黄烨军在看表,上半场 47',0-0
直塞古德约翰森，就在送出直塞的一瞬间，黄烨军吹响了上半场结束的哨音,上半场 47',0-0
上半场结束，双方暂时0-0闷平,中场,0-0
对于黄烨军的鸣哨时间永昌的球员也是摊开手，觉得委屈，认为本队应该打完这次进攻再吹,中场,0-0
上半场双方都更加注意防守，对各自箭头人物的盯防都很到位,中场,0-0
与永昌相比，建业的机会稍多一些，其中尹鸿博的单刀是上半场最具威胁的一次进攻,中场,0-0
整体来看，比赛还是略显沉闷，希望下半场双方能够更积极的投入，毕竟都没有保级压力，可以放手去踢,中场,0-0
双方队员重新走到场地内，下半场比赛即将开始,中场,0-0
建业下半场有换人，肖智上来，替下了买提江,下半场,0-0
下半场比赛开始了，永昌开球,下半场 1',0-0
穆伦加拿球，策应一下给到右路,下半场 1',0-0
右路的斜传，给到禁区前点，穆伦加插上，停大了,下半场 1',0-0
韩锋出来把球没收,下半场 1',0-0
永昌继续进攻右路，隆东的传中，太靠近韩锋,下半场 2',0-0
穆伦加前场桥头堡作用明显啊，把球卸下，交给身后的糜昊伦,下半场 3',0-0
糜昊伦分边到左侧，胡伟传中，被挡出,下半场 3',0-0
尹鸿博拿球反击，被糜昊伦放倒,下半场 3',0-0
穆伦加脚腕有些不舒服，自己活动两下，还好，没什么问题,下半场 4',0-0
哈维尔中场拼下球权，回敲到后场,下半场 4',0-0
郑仁焕右路插上来，斜传给中路的肖智,下半场 5',0-0
肖智没有拿住，被白鹤抢下,下半场 5',0-0
肖智起身反抢犯规,下半场 5',0-0
双方的节奏都比较慢，没有连续的进攻,下半场 6',0-0
哈维尔前场自己拿球往前带，被对方从身后推倒,下半场 6',0-0
杨阔右路回敲一下给郑仁焕,下半场 7',0-0
建业从右路找到了机会,下半场 7',0-0
尹鸿博灵巧的突破了对手的防线，低球横敲到弧顶,下半场 7',0-0
伊沃拿球，调整一下，打门没有踢正，但却来到了哈维尔脚下,下半场 8',0-0
哈维尔再来一脚，也是被后卫挡下,下半场 8',0-0
穆伦加前场积极的拼抢，抢出了机会,下半场 8',0-0
穆伦加捅给边路的冯绍顺，冯绍顺直塞给隆东,下半场 8',0-0
隆东下底传中，倒三角想给到中央，被回追的后卫飞铲堵出底线,下半场 9',0-0
永昌的右路角球，落点不错，禁区内混战，还是建业的球员先解围出来,下半场 9',0-0
杨阔边路和尹鸿博的配合，在转移一下给到左路,下半场 10',0-0
建业左路传过顶，找肖智，但许博牢牢卡住了位置，把球让出底线,下半场 11',0-0
肖智在后面拿不到球，情急之下，犯规了,下半场 11',0-0
伊沃右侧的突破，直奔禁区，白鹤无奈从侧后方飞铲，吃到黄牌,下半场 12',0-0
这是本场第一张黄牌,下半场 12',0-0
建业进球了,下半场 12',0-1
是下半场替补上来的肖智,下半场 12',0-1
伊沃定位球送入小禁区，永昌防守漏人，肖智插上反越位，门前头球一蹭，轻松破门,下半场 13',0-1
失球后的永昌立即做出调整,下半场 13',0-1
李春郁上来，替下了白鹤,下半场 13',0-1
这回比赛会好看了，客场一向比较低迷的建业破门了，在家门口作战的永昌肯定不甘失利,下半场 14',0-1
隆东右路想和同伴打一个配合，但传跑没有想到一块,下半场 15',0-1
左路胡伟上来，斜吊禁区,下半场 15',0-1
后点穆伦加抢了一下，但球权还是被对方拿到,下半场 15',0-1
隆东中路塞给古德约翰森，古德约翰森停好球，做嫁衣给穆伦加,下半场 16',0-1
穆伦加顺势大力推射，想兜个远角，但力量太大，奔向了看台,下半场 16',0-1
郑仁焕后场的长传，哈维尔拿球回做,下半场 17',0-1
右路建业的配合传丢了,下半场 17',0-1
石家庄继续换人，吴伟下场，孙昊晟替补上来,下半场 18',0-1
李超后场拿球，组织一下，选择交到左路,下半场 19',0-1
糜昊伦左路拿球突破，没有过去，被杨阔断下,下半场 19',0-1
石家庄的球迷不遗余力的在为主队加油助威，希望永昌能够尽快搬回,下半场 19',0-1
肖智受伤倒在地上，半天没有起来，裁判叫停了比赛,下半场 20',0-1
慢镜头回放显示，肖智是被李超铲翻在地,下半场 20',0-1
简单的治疗一下，问题不大,下半场 20',0-1
尹鸿博右路控制一下，没有急于向前,下半场 21',0-1
哈维尔回来接应一下，过渡到左路,下半场 21',0-1
建业现在节奏把握的很好，显得游刃有余，比赛按照自己设想的进程再走,下半场 21',0-1
永昌突然的一个长传，郑仁焕力拼穆伦加，把球破坏出边线,下半场 22',0-1
永昌前场的定位球机会,下半场 23',0-1
送到禁区内，戈麦斯人高马大，把球解围出来,下半场 23',0-1
李春郁中场防守哈维尔犯规了,下半场 24',0-1
建业的长传，直接交到了关震手里，这个球处理的有些随意了,下半场 24',0-1
哈维尔又遭到了对手的侵犯,下半场 24',0-1
回撤到半场拿球，被徐洋在身后踢倒,下半场 24',0-1
尹鸿博左路拿球，交给中间的伊沃,下半场 25',0-1
伊沃和肖智做2过2的配合，肖智回给伊沃这一下给小了,下半场 25',0-1
永昌在落后一球的情况下还是没能展现出大反攻的态势来，进攻缺乏有效的手段,下半场 26',0-1
虽然连续换上李春郁和孙昊晟，但没有什么改观。只是对位的换人,下半场 26',0-1
射门方面，建业是9次，永昌目前只有4次,下半场 27',0-1
哈维尔拿球又被放倒，这次是赵容亨,下半场 27',0-1
建业右路的直传，孙昊晟倒地把球铲出边线,下半场 27',0-1
戈麦斯上来，手榴弹界外球,下半场 27',0-1
扔入禁区，永昌解围出来,下半场 28',0-1
永昌反击的机会，右路交给隆东,下半场 28',0-1
隆东带球突破到前场，冯绍顺插上助攻，隆东一记直塞传入禁区肋部,下半场 28',0-1
戈麦斯预判准确，挡在球和冯绍顺之间,下半场 29',0-1
冯绍顺争抢卡位犯规了,下半场 29',0-1
建业中路的渗透，直塞没有给过去,下半场 29',0-1
永昌反击，斜传左路，郑仁焕不敢大意，把球踢出边线,下半场 30',0-1
永昌做出最后一个调整，王鹏替下了冯绍顺,下半场 30',0-1
比赛已经来到了75分钟，留给永昌的时间已不是很多,下半场 31',0-1
永昌前场左路的定位球,下半场 31',0-1
直接吊向禁区内，戈麦斯头球解围,下半场 31',0-1
外围永昌把球拿球，孙昊晟在重新送进去,下半场 31',0-1
穆伦加和戈麦斯争抢落点，穆伦加手球犯规了,下半场 32',0-1
两个黑又硬的大个子，身体都是棒棒滴呀,下半场 32',0-1
永昌右路过渡到孙昊晟脚下,下半场 33',0-1
永昌禁区外连续的撞墙配合，有机会起脚，来了一记远射，被后卫奋勇堵住,下半场 34',0-1
永昌这一阵感觉突然醒悟，连续的猛攻,下半场 34',0-1
右路又是长传吊到禁区，穆伦加头球摆渡回来,下半场 35',0-1
古德约翰森中路插上，来一脚扫射，在后卫的干扰下没有踢正,下半场 35',0-1
糜昊伦左路突破横传，打在杨阔身上，造成一个角球,下半场 36',0-1
孙昊晟的角球，高度不够，前点被对方解围出来,下半场 37',0-1
控球率方面，永昌已经追上来，49%-51%几乎相当,下半场 37',0-1
算上补时大概还有10分钟左右,下半场 37',0-1
穆伦加左路和戈麦斯1对1,下半场 38',0-1
穆伦加没有选择强突，而是选择低传禁区,下半场 38',0-1
建业防守稳健，解围非常果断,下半场 38',0-1
比赛的最后阶段出现了小高潮,下半场 39',0-1
永昌右路的进攻，打到禁区内，古德约翰森摔倒，黄烨军示意继续比赛,下半场 39',0-1
建业的反击，哈维尔被对方一个关门，失去了球权,下半场 39',0-1
永昌大脚往对手禁区内吊，穆伦加包抄，可惜他跳的再高也抢不过出击的韩锋啊,下半场 40',0-1
许博前场拼抢伊沃犯规,下半场 40',0-1
心态有些急躁了，伊沃经验老道，就等你这一下,下半场 41',0-1
赵容亨后场带球，敲到左路糜昊伦,下半场 41',0-1
永昌攻过半场，被建业大脚解围破坏出边线,下半场 42',0-1
建业换人，尹鸿博下，路尧替补上来,下半场 42',0-1
建业左路的反击，给到了伊沃,下半场 42',0-1
伊沃面对许博的防守，选择了强行的人球分过,下半场 43',0-1
伊沃和许博争抢位置，倒在地上，球也滚出了底线,下半场 43',0-1
裁判给了球门球,下半场 43',0-1
李春郁前场拿球，转移给左路插上的赵容亨,下半场 43',0-1
赵容亨瞄了一下，直接传向后点,下半场 44',0-1
隆东和穆伦加两点包抄，但都未能争过戈麦斯，戈麦斯把球蹭出底线,下半场 44',0-1
永昌的右路角球，开到禁区内，许博包抄，顶偏了,下半场 45',0-1
糜昊伦左路交给赵容亨，给小了，被对方断下,下半场 45',0-1
糜昊伦在拼抢，对哈维尔犯规了,下半场 45',0-1
下半场补时4分钟,下半场 45',0-1
建业继续换人，伊沃下来，顾操替补登场,下半场 46',0-1
换上一名后卫，换下攻击手，拖延一下时间，顺便巩固防守,下半场 46',0-1
永昌在禁区外右侧犯规了,下半场 47',0-1
哈维尔没有选择传中，也没有打门，而是一转身，回给了后面的队友,下半场 47',0-1
建业中路的传递渗透，哈维尔得到机会，一脚打门,下半场 48',0-1
哈维尔的打门碰到同伴之后变线入网，但进球无效,下半场 48',0-1
边裁举旗，示意建业的球员越位在先了,下半场 48',0-1
永昌最后时刻节省时间，只能选择大力的往对方禁区内吊球,下半场 49',0-1
赵容亨吊进去，多名队员包抄，但没能争到点,下半场 49',0-1
外围永昌重新在控制下来，传递到左路,下半场 50',0-1
左路45度斜吊，这是他们最后的一次机会了,下半场 50',0-1
禁区内穆伦加和孙昊晟抢到了一起，最后还是穆伦加头球轰炸,下半场 50',0-1
穆伦加在对手和队友的双重干扰下没能顶好，见高不见远,下半场 50',0-1
韩锋出击稳稳把球摘下,下半场 50',0-1
韩锋把球开出，黄烨军哨响，全场比赛结束了,下半场 50',0-1
全场战罢，作客的建业1-0力擒永昌，报了首回合告负的一箭之仇，永昌本赛季主场不败之身被破,完赛,0-1
建业本赛季已经踢了11个客场，仅取得其中2场胜利，今天一战把主场龙永昌拉下马来还是让人有些意外,完赛,0-1
纵观全场比赛，建业还是稍占上风的，尤其是防守，可谓滴水不漏，几乎没给永昌什么机会,完赛,0-1
永昌主场12场不败纪录就此终结，而积分也瞬间被建业反超1分,完赛,0-1
好了，本场比赛就为大家直播到这里，非常感谢大家的陪伴，祝大家周末愉快，我们下次直播再见！,完赛,0-1
