大家好，欢迎来到新浪体育观看精彩的直播节目。,未赛,0-0
本次直播给大家带来的是一场英超的比赛，由切尔西主场对阵阿森纳，欢迎到时观看。,未赛,0-0
新赛季已经打了5轮，双方境遇似乎都不算太好，特别是切尔西仅仅1胜1平3负4分排在第17位，而阿森纳也只是3胜1平1负10分排在第4位。,未赛,0-0
作为上赛季英超冠军，切尔西本赛季头5轮竟然输了3场，只拿到4分，创造队史29年来最差开局。,未赛,0-0
本赛季，切尔西的目标当然是英超冠军，以及能够在欧冠的赛场上取得不错的成绩，但是切尔西却在英超的开局阶段就被主要竞争对手曼城甩下。,未赛,0-0
周中欧冠切尔西4-0大胜特拉维夫马卡比，佩德罗因伤未入选大名单；比赛中，巴西前腰威廉只踢了20分钟就因伤被换下。穆里尼奥确认，威廉和佩德罗两人将缺席对阵阿森纳的比赛。,未赛,0-0
8月份的社区盾杯，阿森纳1-0力克切尔西，这是温格执教生涯首次战胜穆里尼奥，总战绩是1胜6平7负。,未赛,0-0
让我们一起期待这场精彩的比赛吧！,未赛,0-0
切尔西首发：贝戈维奇，祖马，卡希尔，伊万诺维奇，阿斯皮利奎塔，阿扎尔，佩德罗，奥斯卡，马蒂奇，法布雷加斯，迭戈科斯特,未赛,0-0
阿森纳首发：切赫，科斯切尔尼，贝莱林，保利斯塔，蒙雷尔，科奎林，卡索拉，桑切斯，厄齐尔，拉姆塞，沃尔科特,未赛,0-0
比赛还有一会就要开始了，请大家不要走开了,未赛,0-0
双方球员已经从球员通道里走进球场了,未赛,0-0
切赫也是转会后第一次回到切尔西主场,未赛,0-0
看看他今天有没有惊艳的表现吧。,未赛,0-0
穆里尼奥和温格也在球员通道外遇到了一起，心不甘情不愿的双方把手握在了一起,未赛,0-0
上半场开始了，阿森纳开球,上半场 1',0-0
阿森纳开球后在中路推进，阿森纳的短传出现了失误,上半场 1',0-0
切尔西把球踢回给门将贝戈维奇，后者大脚开到中场,上半场 1',0-0
双方拼抢高球时，阿森纳球员把球顶出了边线,上半场 1',0-0
切尔西又是后场祖马拿球，长传到前场，阿森纳后卫把球控制住,上半场 2',0-0
阿森纳长传打到后卫身后，沃尔科特拿球在底线控制,上半场 2',0-0
沃尔科特把球短传给拉姆塞，突破到底线，传中被后卫挡出底线！角球,上半场 2',0-0
卡索拉角球传到禁区里，球被后卫破坏出禁区，禁区外一脚打门被后卫挡住！,上半场 3',0-0
切尔西快速通过中场，科斯塔突破时被身后回追的科奎林绊倒，裁判只提出了口头警告！,上半场 3',0-0
切尔西把球转移到右侧，边路传中到后点，球被后卫头球解围！,上半场 3',0-0
阿森纳中场右侧贝莱林送出直传球到后卫身后，沃尔科特前插速度很快，禁区里趟过出击的门将，但球趟出了底线！,上半场 5',0-0
贝戈维奇这次出击十分及时！,上半场 5',0-0
伊万诺维奇这个时候捂住自己的头，看看会不会有问题,上半场 5',0-0
裁判过来询问后比赛继续,上半场 6',0-0
这个时候镜头也是对着了替补席上的特里,上半场 6',0-0
佩德罗右边路突破，边路斜传到禁区里，球被保利斯塔破坏！,上半场 6',0-0
切尔西中路小法带球突破，一脚冷射！球打的太正被切赫没收,上半场 7',0-0
切尔西右边路奥斯卡试图自己利用技术突破，但后卫把球踢在他的腿上弹出底线，门球！,上半场 7',0-0
桑切斯左边路带球强行突破，伊万诺维奇快速回追，在拼抢时伊万手臂压了桑切斯，犯规！,上半场 8',0-0
卡索拉任意球传中到门前，弧度太低，球被前点后卫头球破坏,上半场 9',0-0
贝莱林右边路快速突破，边路传中被挡出,上半场 9',0-0
阿森纳右边路继续控球，斜长传到后点，球传丢了！,上半场 9',0-0
切尔西沃尔科特中路带球突破到禁区外，卡希尔很精准的铲球把球破坏,上半场 12',0-0
沃尔科特在锋线今天十分活跃！,上半场 12',0-0
厄齐尔中路直塞，沃尔科特稍稍有点越位！,上半场 13',0-0
切尔西今天也是打的非常主动，但似乎和上赛季比，缺少了霸气,上半场 14',0-0
似乎没有底气了，可能新赛季一开始他们成绩不太好，今天压力比较大吧。,上半场 14',0-0
中路小法带球突破，交给佩德罗，禁区弧顶直塞给斜插禁区的科斯塔！,上半场 15',0-0
但球正好被内收的蒙雷尔给断下,上半场 15',0-0
阿森纳中路又是拉姆塞送出过顶球到禁区里，沃尔科特启动速度太快！多探出半个身位！越位！,上半场 16',0-0
切尔西在中场控制，小法的短传球到禁区里，还是被科斯切尔尼拦截,上半场 17',0-0
切尔西前场左侧断球，阿扎尔禁区里传中被后卫头球解围，角球,上半场 17',0-0
切尔西在右边路斜传球，球被后卫解围出去,上半场 20',0-0
科奎林在中场里防守时被对手推倒！犯规,上半场 22',0-0
切尔西现在在中场占据了优势,上半场 23',0-0
小法禁区线上控球，被对手3名后卫围住！,上半场 23',0-0
小法利用技术躲过铲断，把球转移到右侧边路,上半场 23',0-0
边路阿森纳后卫蒙雷尔把球破坏出边线,上半场 24',0-0
科斯塔在禁区线上一脚低射，球穿过2个人的小门，切赫在门线外把球扑住！,上半场 24',0-0
很漂亮的射门！势大力沉！,上半场 24',0-0
切尔西在左边路突破，下底传中被后卫挡出底线，角球,上半场 26',0-0
奥斯卡角球传到门前，卡希尔门前拼抢时没有碰到皮球！球直接出了底线！,上半场 26',0-0
厄齐尔中路送出直传球，沃尔科特左侧接应突破到禁区里，推射远角被门将扑住！,上半场 29',0-0
科斯塔中场转身突破，被科奎林一个漂亮的铲球把球破坏,上半场 29',0-0
这样的防守阻止了切尔西的快攻,上半场 30',0-0
阿扎尔左侧底线控球，被科奎林挤出了底线！,上半场 30',0-0
小法中场突破时被防守队员从身后推倒，犯规,上半场 32',0-0
小法中路控球送出一脚过顶直传，蒙雷尔头球被过顶了，身后的佩德罗停球准备射门，但切赫已经出击到位了！把球扑住！,上半场 32',0-0
佩德罗这个球稍稍停大了一点点！就那么一点点,上半场 33',0-0
阿扎尔左边路带球突破到禁区里，被保利斯塔硬生生的挤出底线！,上半场 33',0-0
穆里尼奥不满意了！！！,上半场 33',0-0
佩德罗在禁区中路跑动获得空挡，科斯塔在右边路突破吸引了对方4名后卫,上半场 38',0-0
科斯塔把球传到后点包抄的佩德罗，抽射！！打偏！！,上半场 38',0-0
可惜啊！多好的机会啊！,上半场 38',0-0
阿森纳后场抢断后长传到前场，沃尔科特利用速度突破，祖马大长腿下铲把球破坏！,上半场 39',0-0
如果让沃尔科特把球趟过去那就是单刀了啊！！,上半场 39',0-0
上半场40分钟了，双方比分依然是0-0,上半场 41',0-0
看起来双方要想破门都很困难啊！,上半场 41',0-0
阿森纳左边路突破后斜传到后点但包抄的队友没有第一时间射门！球被补防后卫破坏,上半场 43',0-0
佩德罗中路突破后一个势大力沉的远射被切赫扑出！！！,上半场 43',0-0
门前科斯塔和科斯切尔尼有冲突！,上半场 44',0-0
科斯塔一把推倒到科斯切尔尼！,上半场 44',0-0
会有红牌吗！？,上半场 45',0-0
科斯塔居然没有被红牌！,上半场 46',0-0
科斯塔和裁判说了什么，把保利斯塔叫到身前，红牌直接罚下！！,上半场 46',0-0
保利斯塔怒不可遏！！！,上半场 47',0-0
这是不是被科斯塔暗算了啊！,上半场 47',0-0
温格也是对第四官员说着射门,上半场 47',0-0
慢镜头看，保利斯塔在后退时抬了小腿踢了身后的科斯塔！,上半场 48',0-0
这样的小动作实在不应该啊！,上半场 48',0-0
不过科斯塔也有表演的性质！,上半场 48',0-0
上半场比赛结束，双方暂时打成了0-0！但阿森纳后卫保利斯塔被红牌直接罚下,中场,0-0
虽然没有进球，但半场结束前的冲突让比赛充满了火药味和刺激！,中场,0-0
相信下半场双方会给我们带来精彩进球的！,中场,0-0
让我们先看看红牌之前科斯塔的这个犯规,中场,0-0
如果科斯塔这个动作都不吃红牌，后面保利斯塔的红牌还会有吗？大家可以来说一说！,中场,0-0
下半场比赛马上开始了,中场,0-0
阿森纳下半场一开场就用钱伯斯换下了队友，还没看到换下了谁,中场,0-0
下半场阿森纳将少一人作战,中场,0-0
下半场开始了，切尔西开球,下半场 1',0-0
切尔西右边路奥斯卡传中到门前给科斯塔，钱伯斯头球解围出来，佩德罗凌空抽射！！偏出！,下半场 2',0-0
下半场切尔西一开场就是一次很有威胁的进攻,下半场 3',0-0
阿森纳下半场应该作战意图会有改变,下半场 3',0-0
看看裁判会不会修改自己上半场的错误,下半场 4',0-0
阿森纳右边路横传到禁区弧顶，伊万诺维奇拼抢是撞翻了桑切斯！黄牌！,下半场 4',0-0
这个黄牌还是有点勉强,下半场 4',0-0
任意球就在禁区弧顶外一点,下半场 4',0-0
桑切斯任意球打门！球打在人墙上弹出底线，角球,下半场 5',0-0
角球罚的没有太大威胁，切尔西快速反击,下半场 5',0-0
科斯塔带球突破到左侧，贝莱林站住了位置把科斯塔挤到了边路！,下半场 6',0-0
切尔西禁区外尝试一脚远射！球被后卫挡住！,下半场 7',0-0
科斯塔又在禁区外拿球，试图往左侧直塞，球被后卫挡下来,下半场 7',0-0
卡索拉中路拼抢被吹了手球！,下半场 7',0-0
进球了！！祖马！！！1-0,下半场 8',1-0
切尔西小法任意球斜传到后点，祖马包抄到位，居然无人盯防，头球攻门，顶入近角！！！！,下半场 9',1-0
切尔西又来了，阿扎尔禁区左侧控球，没有晃出空挡,下半场 9',1-0
阿扎尔把球拨给禁区线上的科斯塔，同样阿森纳后卫补位很快！阻止了这次进攻,下半场 10',1-0
这样阿森纳下半场刚刚开场就丢球，而且自己人数也处于劣势,下半场 10',1-0
这个情况就麻烦了，温格估计又要打掉牙齿往肚子里吞了,下半场 11',1-0
阿斯皮利奎塔左侧抢断，把球送到前场给小法,下半场 11',1-0
科斯塔左边路大脚把球转移到右侧,下半场 12',1-0
边路起球传中到前点，科斯切尔尼头球一蹭，切赫出击把球没收,下半场 12',1-0
切尔西现在围住阿森纳打！现在似乎占尽了场上优势,下半场 12',1-0
特别是比赛节奏完全在他们的掌控之中,下半场 13',1-0
阿扎尔又在禁区外一脚大力轰门！被切赫扑出！,下半场 13',1-0
阿森纳在中场控球，他们往前现在显得很困难,下半场 14',1-0
贝莱林右边路接应，试图利用速度突破，传中被阿斯皮利奎塔挡出边线,下半场 14',1-0
阿森纳把球踢回到中场控制,下半场 14',1-0
阿森纳中场送出一脚长传到禁区里，卡希尔禁区里停球失误，祖马又对这个反弹球预判不准，桑切斯在祖马身前试图射门，但没有打正补位！！,下半场 15',1-0
如果打正了补位，这个球就危险了啊！,下半场 16',1-0
切尔西的防守不能掉以轻心啊！,下半场 16',1-0
科斯塔左边路边路拿球，护住皮球，把球带到了禁区外,下半场 17',1-0
科斯塔一个挑传，禁区里被后卫拦截,下半场 17',1-0
拉姆塞中场控球被对方推倒，犯规！,下半场 17',1-0
阿扎尔禁区左侧拿球，横传到中路，球被阿森纳后卫铲走,下半场 18',1-0
但阿森纳前场缺少一个接应点，快攻打不出来,下半场 19',1-0
沃尔科特在左边路和队友一次简单的2过1，禁区角上一脚兜射！球偏出了球门,下半场 19',1-0
阿扎尔中路带球突破，漂亮的转身过人，禁区外低射远角偏出！,下半场 20',1-0
阿森纳右边路起球斜传到禁区里，包抄的桑切斯推人犯规！,下半场 21',1-0
场边吉鲁也是在活动了,下半场 21',1-0
上去顶一下，看能找到机会不吧,下半场 21',1-0
比赛来到66分钟了，场上比分切尔西暂时1-0领先,下半场 22',1-0
阿森纳比分落后，而且人数还少一个,下半场 22',1-0
奥斯卡把球交给阿扎尔，在传递到禁区弧顶的小法,下半场 23',1-0
小法一脚远射被后卫挡住！,下半场 23',1-0
佩德罗中路接奥斯卡传球，距门28米开外远射，放了高射炮！,下半场 24',1-0
切尔西换人，奥斯卡下，拉米雷斯上,下半场 24',1-0
阿森纳中场左侧控制，直塞到禁区里，沃尔科特禁区里接应！越位！,下半场 25',1-0
钱伯斯上抢飞铲动作比较大，吃到黄牌！,下半场 27',1-0
铲倒的是阿扎尔！,下半场 27',1-0
小法任意球传禁区中路，弧度太低，球被后卫顶出禁区,下半场 27',1-0
切尔西中场继续控制,下半场 27',1-0
科斯塔在左边路带球横向突破，禁区里突然急停扣球，阿森纳两名后卫夹击，摔倒在禁区里！！裁判示意比赛继续！,下半场 30',1-0
阿森纳用张伯伦换下桑切斯,下半场 30',1-0
吉鲁换下厄齐尔,下半场 30',1-0
温格用完了他的3个换人名额,下半场 30',1-0
阿森纳左边路获得一个角球,下半场 31',1-0
角球发前点，力量太轻了，球被前点后卫破坏出边线,下半场 31',1-0
沃尔科特中场拼抢，马蒂奇把球踢出边线,下半场 32',1-0
贝莱林右边路起球斜传到后点，球被祖马蹭出边线,下半场 32',1-0
沃尔科特中路接队友左侧的传递，抽射被后卫挡出底线，角球！,下半场 33',1-0
卡索拉角球传到门前，球被后卫头球解围出去,下半场 33',1-0
阿森纳中场抢断，把球转移到左侧,下半场 34',1-0
卡索拉还是把球在转移到右侧给贝莱林,下半场 34',1-0
贝莱林右侧斜传到禁区内，球还是被后卫解围！,下半场 34',1-0
禁区外卡索拉反抢拦截是铲翻了小法！！第二张黄牌！又被红牌罚下！！,下半场 35',1-0
阿森纳场上只剩9个人了！,下半场 35',1-0
卡索拉也是来到场外和第四官员说了些什么,下半场 35',1-0
这下阿森纳麻烦了！,下半场 36',1-0
好在时间已经不多了，已经80分钟了,下半场 36',1-0
阿扎尔左侧空挡拿球，地平球传到禁区外，马蒂奇远射被后卫挡出,下半场 36',1-0
切尔西换人，科斯塔被换下,下半场 37',1-0
雷米上！,下半场 37',1-0
切尔西在中场控制皮球，把节奏降低,下半场 38',1-0
他们现在11打9,下半场 38',1-0
拉米雷斯中场防守绊倒吉鲁，犯规！,下半场 39',1-0
任意球传的也是太短，球在禁区外被后卫头球破坏,下半场 39',1-0
切尔西在中场控制了，打的很慢了,下半场 40',1-0
他们并不急于进攻了，阿森纳也是退守到半场,下半场 41',1-0
切尔西在场上完全控制了节奏,下半场 41',1-0
阿扎尔禁区弧里横向突破被科斯切尔尼绊倒，任意球！,下半场 42',1-0
任意球就在禁区弧上,下半场 43',1-0
阿扎尔任意球射门，球打在人墙上弹出底线,下半场 43',1-0
角球发的没有什么威胁！,下半场 44',1-0
全场比赛马上进入到补时了,下半场 45',1-0
进球了！！2-0,下半场 46',2-0
切尔西右边路突然加速，直塞到禁区里，拉米雷斯横传到禁区里被后卫挡出，雷米的打门被后卫挡出，阿扎尔再射，打在钱伯斯身上弹进了大门！,下半场 47',2-0
全场补时5分钟！,下半场 47',2-0
切尔西用米克尔换下小法,下半场 47',2-0
阿森纳左边路传真到后点，沃尔科特头球摆渡到门前，跟进的拉姆塞射门被封上了的门将挡出！,下半场 48',2-0
拉米雷斯中路带球突破，禁区内射门又被钱伯斯挡出底线，角球,下半场 48',2-0
战术角球，切尔西中前场控球,下半场 49',2-0
阿扎尔左侧控球，把球横向传给拉米雷斯,下半场 50',2-0
阿扎尔继续拿球，左边路被钱伯斯绊倒，任意球,下半场 50',2-0
伊万诺维奇禁区外远射被挡出底线，角球,下半场 50',2-0
5分钟补时已经到了,下半场 51',2-0
最后一个角球,下半场 51',2-0
穆里尼奥这个时候也露出了笑容,下半场 51',2-0
全场比赛结束，切尔西11人最终2-0战胜了9人的阿森纳。,完赛,2-0
阿森纳今天输的有点莫名其妙，上半场结束前的红牌让他们失去了本场比赛获胜的砝码,完赛,2-0
而下半场过早的丢球让他们失去了拿分的资格,完赛,2-0
好了，今天这场比赛的直播就为大家介绍到这里，感谢大家的观看，下次直播再见。,完赛,2-0
