欢迎来到精彩的新浪15-16赛季英超联赛直播室！,未赛,0-0
本场为大家带来的是第10轮，利物浦主场迎战南安普敦的比赛,未赛,0-0
两队目前同积13分，南安普敦以净胜球优势排名第八，利物浦排在第十,未赛,0-0
利物浦在周中的欧联杯中1-1战平喀山红宝石，小组赛三连平,未赛,0-0
克洛普上任后，红军2战2平，未尝胜绩,未赛,0-0
此番面对南安普敦，利物浦在上赛季曾主客场双杀对手,未赛,0-0
一起喝彩，值得来杯嘉士伯,未赛,0-0
新浪网友们大家晚上好！,未赛,0-0
稍后由奥特曼为大家带来利物浦vs南安普敦的比赛直播！,未赛,0-0
两队首发已经出炉，我们马上来看一下,未赛,0-0
利物浦（4-3-3）：22-米尼奥莱/2-克莱因、37-斯科特尔、17-萨科、18-莫雷诺/21-卢卡斯、23-詹、7-米尔纳/20-拉拉纳、27-奥里吉、10-库蒂尼奥,未赛,0-0
替补：4-图雷、9-本特克、11-菲米尔诺、24-乔阿伦、33-伊比、34-博格丹、56-兰达尔,未赛,0-0
南安普顿（4-3-3）：22-斯特伦伯格/21-贝特兰德、6-方特、17-范迪伊克、2-索亚雷斯/4-克拉西、12-万亚玛、8-斯蒂芬-戴维斯/11-塔迪奇、19-佩莱、10-马内,未赛,0-0
替补：1-凯文-戴维斯、3-吉田麻也、14-罗梅乌、16-普罗塞、20-胡安米、23-拉米雷斯、26-考尔克,未赛,0-0
双方球员已经入场,未赛,0-0
上半场比赛开始！,上半场 1',0-0
南安普敦率先中圈开球,上半场 1',0-0
球到左路，萨科大脚解围,上半场 1',0-0
塔迪奇左路做球到禁区，被米尼奥莱拿到,上半场 1',0-0
拉拉纳右路拿球，分球被破坏,上半场 2',0-0
南安普敦左路反击，塔迪奇扫门前,上半场 2',0-0
还是被米尼奥莱拿到,上半场 2',0-0
斯科特尔拿球分右路，克莱因回敲,上半场 2',0-0
南安普敦前场逼抢比较紧,上半场 3',0-0
米尔纳右路拿球，塞肋部，拉拉纳脚后跟做球,上半场 3',0-0
有点想当然了，没有队友跟上,上半场 3',0-0
克莱因右路助攻，直塞禁区前,上半场 4',0-0
库蒂尼奥调整一步，打门被封堵出去,上半场 4',0-0
利物浦拿到一个角球机会,上半场 4',0-0
角球去前点，詹垫射打偏,上半场 4',0-0
圣徒后场起高球，斯科特尔头球解围,上半场 5',0-0
左侧肋部打到禁区前，卢卡斯铲截，角球,上半场 5',0-0
角球去前点，高度不够被解围,上半场 5',0-0
戴维斯左路逼抢，绊人了,上半场 6',0-0
卢卡斯中场拦截，萨科拿球分边,上半场 6',0-0
拉拉纳和奥里吉踢墙配合，脚下打滑了,上半场 7',0-0
詹回防左路断球,上半场 7',0-0
奥里吉带球过中场，被万亚马绊倒,上半场 7',0-0
莫雷诺左路斜传禁区，大了点,上半场 7',0-0
萨科后场争顶,上半场 8',0-0
克莱因右路塞禁区前，被解围,上半场 8',0-0
詹左路拿球，转移另一侧,上半场 8',0-0
拉拉纳禁区前得球，转身射门被门将扑住,上半场 9',0-0
马内背身拿球，索亚雷斯出球,上半场 9',0-0
佩莱拿球被逼抢,上半场 9',0-0
斯科特尔后场起球，禁区前被头球解围,上半场 10',0-0
莫雷诺左路拿球，没有传中机会,上半场 10',0-0
库蒂尼奥斜传禁区前，米尔纳分边,上半场 10',0-0
詹拿球低平球给禁区前，奥里吉背身拿球,上半场 11',0-0
没有转身机会，回敲,上半场 11',0-0
戴维斯斜传右路身后，莫雷诺回防解围,上半场 11',0-0
马内突破进禁区，下底被铲截，角球,上半场 12',0-0
角球到前点，冯特头球顶高,上半场 12',0-0
库蒂尼奥前场拿球，垫传禁区，给大了,上半场 13',0-0
克拉西右路拿球被上抢破坏,上半场 14',0-0
佩莱禁区前拿球转身，和队友配合,上半场 14',0-0
禁区前佩莱起脚打门，被斯科特尔封堵,上半场 14',0-0
詹拿球反击，转移右路,上半场 14',0-0
克莱因右路低平球传中被挡出，角球,上半场 15',0-0
角球到禁区外围，莫雷诺起脚被封堵,上半场 15',0-0
库蒂尼奥中路突破被断,上半场 16',0-0
马内拿球反击，禁区内倒三角传回去,上半场 16',0-0
没有队友跟进到位,上半场 16',0-0
莫雷诺左路助攻，突破被拦截,上半场 16',0-0
詹左路拿球，转移另一侧,上半场 17',0-0
克莱因右路推传被解围,上半场 17',0-0
莫雷诺左路拿球，库蒂尼奥来接应,上半场 17',0-0
萨科后场拿球，推左路，没有传准,上半场 18',0-0
克莱因右路突破，回去,上半场 18',0-0
米尔纳挑传，拉拉纳越位了,上半场 18',0-0
马内分右路，戴维斯传中直接出底线,上半场 19',0-0
米尼奥莱接应莫雷诺回传，马内上抢,上半场 19',0-0
米尼奥莱扣球，有惊无险，大脚开出,上半场 20',0-0
莫雷诺左路拿球，传中到后点被解围,上半场 20',0-0
禁区前卢卡斯上抢推人了,上半场 20',0-0
克拉西左路起球到外围，戴维斯打门没打正部位,上半场 21',0-0
球被米尼奥莱没收,上半场 21',0-0
马内右路突破被破坏出边线,上半场 21',0-0
索亚雷斯右路起左脚传中，出了远端底线,上半场 21',0-0
詹前场争顶头球摆渡，二点被对手控制,上半场 22',0-0
库蒂尼奥带球过中场，詹左路接应,上半场 22',0-0
自己带大了，趟出了边线,上半场 23',0-0
马内右路转身，横敲被破坏,上半场 23',0-0
利物浦走左路反击，范迪伊克补防解围,上半场 23',0-0
库蒂尼奥左路拿球内切，禁区角上的远射打高,上半场 24',0-0
奥里吉前场拿球，脚后跟做球，小了,上半场 24',0-0
索亚雷斯右路推身前，给大了,上半场 25',0-0
克莱因斜传前场，冯特头球争顶解围,上半场 25',0-0
库蒂尼奥横传中路，米尔纳直塞被拦截,上半场 25',0-0
米尔纳中场逼抢,上半场 26',0-0
索亚雷斯右路接应横传被拦截,上半场 27',0-0
球到利物浦禁区，米尼奥莱控制,上半场 27',0-0
詹中场拿球，回敲萨科,上半场 27',0-0
米尔纳中场拿球直塞，还是被拦截,上半场 28',0-0
米尔纳中场沿着右边路的直塞，没有找到队友,上半场 28',0-0
马内左路插上，越位在先,上半场 28',0-0
利物浦中场斜传转移左路,上半场 29',0-0
索亚雷斯先头球解围,上半场 29',0-0
库蒂尼奥左路拿球横带，远射被封堵,上半场 29',0-0
莫雷诺左路拿球推进横敲,上半场 30',0-0
米尔纳突破到禁区前，扣球过人，低射打偏,上半场 30',0-0
马内逼抢莫雷诺,上半场 30',0-0
万亚马有些受伤，坐在地上,上半场 31',0-0
库蒂尼奥头球,上半场 31',0-0
比赛继续，应该没有大碍,上半场 31',0-0
米尔纳中场拿球转身，分边,上半场 32',0-0
克莱因右路拿球，给到拉拉纳,上半场 32',0-0
库蒂尼奥直塞禁区，拉拉纳背身,上半场 33',0-0
没有射门机会，回敲,上半场 33',0-0
米尔纳跟上低射被封堵,上半场 33',0-0
米尔纳右路下底传中,上半场 33',0-0
詹头球争顶到，但是没有往球门方向,上半场 33',0-0
佩莱禁区前胸部回敲,上半场 34',0-0
马内接应戴维斯的身后球，插上,上半场 34',0-0
米尼奥莱出击，球打在马内身上出底线,上半场 34',0-0
莫雷诺斜传禁区前，米尔纳接应,上半场 35',0-0
带球有些踉跄，被万亚马断球,上半场 35',0-0
米尔纳反抢犯规,上半场 35',0-0
索亚雷斯右路推进，横敲,上半场 36',0-0
斯科特尔上抢破坏,上半场 36',0-0
范迪伊克带球过中场，分左路,上半场 36',0-0
贝特兰德低平球传中，被拦截,上半场 37',0-0
克拉西做球，贝特兰德扫门前被米尼奥莱扑住,上半场 37',0-0
萨科后场斜传，没有找到队友,上半场 38',0-0
马内中场接应，被卢卡斯拉倒,上半场 38',0-0
任意球去后点，范迪伊克头球攻门被米尼奥莱扑出！,上半场 39',0-0
角球去前点，高度不够,上半场 39',0-0
塔迪奇再起球，后点范迪伊克摆渡到门前,上半场 39',0-0
卢卡斯门前头球解围,上半场 39',0-0
拉拉纳中场拿球被万亚马绊倒,上半场 40',0-0
库蒂尼奥拿球转身突破，被阻挡,上半场 40',0-0
卢卡斯带球被马内断下,上半场 41',0-0
佩莱做球反击，被断,上半场 41',0-0
莫雷诺左路插上接应斜传，打门高了,上半场 41',0-0
索亚雷斯右路斜传，马内左路拿球,上半场 43',0-0
回敲禁区前，戴维斯传中被封堵,上半场 43',0-0
克莱因禁区前大脚解围,上半场 43',0-0
克拉西拿球转移右路,上半场 44',0-0
塔迪奇传中去后点被米尼奥莱没收,上半场 44',0-0
萨科后场起高球，中场争顶还是南安普敦的,上半场 44',0-0
詹左路拿球，奥里吉角旗区护球,上半场 45',0-0
万亚马把球碰出边线,上半场 45',0-0
卢卡斯做球到禁区前，拉拉纳越位在先,上半场 45',0-0
上半场补时1分钟,上半场 46',0-0
塔迪奇左路突破被铲截出边线,上半场 46',0-0
马内左路拿球，突破球打在自己腿上出界,上半场 46',0-0
上半场比赛结束！,上半场 47',0-0
双方0-0战平进入中场休息！,中场,0-0
两边半场有威胁的进攻并不多,中场,0-0
相对来说，米尼奥莱这边受到的考验更多,中场,0-0
利物浦半场换人，本特克换下奥里吉,下半场,0-0
下半场比赛开始！,下半场 1',0-0
利物浦中圈开球,下半场 1',0-0
本特克左路拿球,下半场 1',0-0
莫雷诺下底，球被断下,下半场 1',0-0
詹中场拿球回敲，萨科转移右路,下半场 2',0-0
萨科高球到前场，本特克胸部回做,下半场 2',0-0
拉拉纳再做直塞，本特克传中被挡出，角球,下半场 2',0-0
角球到前点，佩莱头球解围,下半场 2',0-0
卢卡斯右路拿球，传中被解围,下半场 3',0-0
还是叫,下半场 3',0-0
还是角球,下半场 3',0-0
米尔纳角球到小禁区前,下半场 3',0-0
本特克垫射被门线上的后卫挡出，还是角球,下半场 3',0-0
角球到前点被解围,下半场 4',0-0
米尔纳右路再起球，被童趣顶出,下半场 4',0-0
莫雷诺外围拦截，踢出边线,下半场 4',0-0
贝特兰德左路内切,下半场 5',0-0
佩莱后点接应高球，卸球，二点被解围,下半场 5',0-0
詹左路拿球回做,下半场 5',0-0
克拉西补防右路，解围出边线,下半场 5',0-0
莫雷诺左路和队友2过1下底了,下半场 6',0-0
倒三角回门前找米尔纳，越位在先,下半场 6',0-0
莫雷诺接球时先处在越位位置,下半场 6',0-0
本特克接应后场高球，头球摆渡,下半场 7',0-0
二点球库蒂尼奥插上，范迪伊克先回传门将,下半场 7',0-0
库蒂尼奥被包夹,下半场 7',0-0
马内让球转身被卢卡斯绊倒，任意球,下半场 8',0-0
贝特兰德左路下底传中，斯科特尔头球解围,下半场 8',0-0
米尔纳右路回防铲截出底线，角球,下半场 8',0-0
角球到门前被米尼奥莱拿到,下半场 9',0-0
佩莱禁区线接应高球，斯科特尔伸腿破坏,下半场 9',0-0
本特克前场搓传做球，高度不够被头球破坏,下半场 9',0-0
索亚雷斯右路传身后，没有队友插上,下半场 10',0-0
塔迪奇给过顶球，米尼奥莱拿到,下半场 10',0-0
佩莱站桩做球，萨科抢在塔迪奇前断球,下半场 11',0-0
米尔纳分右路，克莱因横敲,下半场 11',0-0
拉拉纳突破横扫门前，没有队友抢点到,下半场 11',0-0
另一侧莫雷诺也是平抽门前，还是没有,下半场 11',0-0
马内拿球反击，突破过中场,下半场 12',0-0
分右路塔迪奇，后插上队友下底,下半场 12',0-0
传中去后点，被头球解围,下半场 12',0-0
卢卡斯分右路，拉拉纳扣球横敲禁区前,下半场 13',0-0
莫雷诺左路套上，传中直接出底线,下半场 13',0-0
贝特兰德左路突破被卢卡斯抢断,下半场 14',0-0
回防中，贝特兰德绊倒了卢卡斯,下半场 14',0-0
库蒂尼奥前场拿球一犹豫，被断,下半场 15',0-0
马内突破反击到禁区，莫雷诺下铲铲出边线,下半场 15',0-0
角球到门前，前点头球摆渡，后点马内越位,下半场 15',0-0
莫雷诺左路2过1下底，传中被解围,下半场 16',0-0
拉拉纳左路拿球，有些踉踉跄跄,下半场 16',0-0
范迪伊克顶防拉拉纳犯规,下半场 17',0-0
库蒂尼奥过顶球到门前，拉拉纳插上,下半场 18',0-0
停球跟上打一脚，偏了,下半场 18',0-0
贝特兰德斜传禁区，二点戴维斯拿到,下半场 18',0-0
克拉西外围似传似射出底线,下半场 18',0-0
南安普敦换人，塔迪奇被普洛斯换下,下半场 19',0-0
佩莱接应右路斜传，胸部做球,下半场 20',0-0
马内左路下底，拿到一个角球,下半场 20',0-0
角球去前点，拉拉纳解围，还是角球,下半场 20',0-0
角球去前点，还是被解围出去,下半场 21',0-0
米尔纳倒地,下半场 21',0-0
万亚马分左路，马内急停回扣一步,下半场 21',0-0
传中去后点被破坏,下半场 22',0-0
詹左路拿球反击，到禁区角上被包夹,下半场 22',0-0
一犹豫，球丢了,下半场 22',0-0
利物浦换人，拉拉纳被菲尔米诺换下,下半场 22',0-0
库蒂尼奥前场拿球，突破两步打远射高了,下半场 23',0-0
戴维斯本方半场护球被莫雷诺推了一下,下半场 24',0-0
菲尔米诺右路接应，球被克拉西铲出底线，角球,下半场 24',0-0
角球到前点，詹头球顶偏,下半场 25',0-0
菲尔米诺中路给身后，奔拦截,下半场 25',0-0
詹跟上远射高了,下半场 25',0-0
詹中场拼抢，回敲萨科,下半场 26',0-0
米尔纳中路接应一下，卢卡斯转移右路,下半场 26',0-0
库蒂尼奥拿球转身，又被断,下半场 27',0-0
斯科特尔出球被马内断下,下半场 27',0-0
马内突破趟大了,下半场 27',0-0
莫雷诺斜传门前，球被门将拿到,下半场 27',0-0
马内左路接应，停球没有停好,下半场 28',0-0
菲尔米诺摆脱逼抢，分左路,下半场 28',0-0
詹直塞禁区，斯克特伦伯格出击把球拿到,下半场 28',0-0
马内禁区前背身做球，转移左路,下半场 29',0-0
佩莱接应贝特兰德，两人没有想到一起去,下半场 29',0-0
贝特兰德左路助攻，被包夹,下半场 30',0-0
詹直塞被克拉西拦截,下半场 30',0-0
南安普敦换人，克拉西被胡安米换下,下半场 31',0-0
佩莱左路头球摆渡，斯科特尔解围,下半场 31',0-0
莫雷诺左路拿球，直塞找菲尔米诺,下半场 32',0-0
詹斜传右路，克莱因回敲,下半场 32',0-0
利物浦进球了！！！,下半场 32',1-0
本特克！！！,下半场 32',1-0
米尔纳右路45度角传中，本特克中路头球冲顶破门！,下半场 33',1-0
利物浦1-0领先南安普敦！,下半场 33',1-0
此时此刻值得来杯嘉士伯,下半场 33',1-0
场边的克洛普兴奋异常,下半场 33',1-0
佩莱中场拿球，分右路,下半场 34',1-0
贝特兰德左路内切，给到万亚马,下半场 34',1-0
普洛斯右路拿球传中，贝特兰德头球没顶上,下半场 34',1-0
库蒂尼奥越位位置回接,下半场 35',1-0
菲尔米诺逼抢普洛斯，球出边线,下半场 35',1-0
南安普敦换人，拉米雷斯换下戴维斯,下半场 35',1-0
佩莱前场背身拿球，回敲,下半场 36',1-0
马内插上接应右路斜传，禁区内转身射门打高,下半场 36',1-0
莫雷诺带球过人,下半场 36',1-0
贝特兰德左路送身后，给大了,下半场 37',1-0
米尔纳送右路身后，被马内推倒,下半场 38',1-0
利物浦换人，库蒂尼奥被艾比换下,下半场 38',1-0
本特克禁区内接应右路斜传，拿到一个角球,下半场 39',1-0
角球后点被范迪伊克头球解围,下半场 39',1-0
万亚马中场拿球被回防的斯科特尔绊倒,下半场 39',1-0
普洛斯拿球分左路，贝特兰德被米尔纳放倒,下半场 40',1-0
裁判黄牌警告了米尔纳,下半场 40',1-0
任意球去后点,下半场 41',1-0
南安普敦进球！,下半场 41',1-1
马内！！！,下半场 41',1-1
后点拉米雷斯头球摆渡，另一侧马内用身体把球挡进球门！,下半场 42',1-1
利物浦1-1南安普敦！,下半场 42',1-1
此时此刻值得来杯嘉士伯,下半场 42',1-1
普洛斯左路传中去后点，莫雷诺头球解围,下半场 42',1-1
佩莱争高球，先有犯规,下半场 43',1-1
詹过顶球进禁区，给大了，出底线,下半场 43',1-1
克莱因右路拿球，被逼抢，回敲,下半场 44',1-1
斯科特尔转移左路，给大了出边线,下半场 44',1-1
艾比左路加速突破，下底拿到一个角球,下半场 45',1-1
角球去前点被范迪伊克解围,下半场 45',1-1
下半场补时4分钟！,下半场 45',1-1
本特克禁区前头球摆渡没有顶上,下半场 46',1-1
拉米雷斯反击直塞禁区，佩莱斜插过来没有打上,下半场 46',1-1
菲尔米诺后场拿球推进被马内拉倒,下半场 46',1-1
裁判黄牌警告了马内,下半场 46',1-1
克莱因右路传中，落点不佳,下半场 47',1-1
南安普敦反击，回追的克莱因铲截,下半场 47',1-1
菲尔米诺左路拿球晃动,下半场 47',1-1
下底拿到一个角球,下半场 47',1-1
角球去前点被头球顶出,下半场 48',1-1
马内右路防守铲球犯规,下半场 48',1-1
裁判出示第二张黄牌，两黄变一红！,下半场 48',1-1
马内被罚下了！铲倒莫雷诺！,下半场 49',1-1
补时所剩时间不多了,下半场 49',1-1
任意球到禁区前，萨科头球摆渡被解围,下半场 49',1-1
外围传中去后点，本特克踢空,下半场 50',1-1
全场比赛结束！,下半场 50',1-1
利物浦1-1战平南安普敦！,完赛,1-1
克洛普收获上任以后的三连平,完赛,1-1
好了，本场比赛就为大家直播到这，我们下次再见！,完赛,1-1
