各位网友、球迷朋友，欢迎来到新浪体育收看精彩的比赛图文直播,未赛,0-0
本次直播给大家带来的是英超第7轮，利物浦主场迎战阿斯顿维拉的比赛,未赛,0-0
双方在联赛中，一共交锋169次，利物浦80胜37平52负，占据一定优势,未赛,0-0
两队最近的一次交锋是上赛季的足总杯中，利物浦以1-2的比分输给了对手，库蒂尼奥为红军打入一球，而本特克与德尔夫为维拉建功,未赛,0-0
在新赛季英超前两轮比赛中，利物浦取得两连胜，成绩十分高光，但是在接下来的四场联赛中2平2负，未尝胜绩,未赛,0-0
周中的联赛杯，利物浦和英乙球队卡利斯尔相遇，结果两队苦战120分钟，利物浦才通过点球战4-3险胜，球队大半主力体能上消耗也很大,未赛,0-0
在英超联赛上，维拉同样低迷，已经连续5轮不胜，此番做客安菲尔德球场，舍伍德也希望能在状态不佳的利物浦身上拿分,未赛,0-0
周中的联赛杯，维拉在同城德比战上1-0击败伯明翰，拿到一场久违的胜利,未赛,0-0
联赛杯的胜利，不知会否激起维拉的士气，这样主场作战的红军又要艰难应对了,未赛,0-0
新赛季，利物浦在联赛中进攻乏力，6场比赛仅打入4个进球，其中本特克攻入两球，不过本场赛前，罗杰斯已经宣布，本特克将因伤缺席此战,未赛,0-0
本特克的缺席，不知道红军又有谁将站出来为球队扛起进攻大旗,未赛,0-0
北京时间9月26日晚22点，低迷的利物浦，主场迎来联赛5轮不胜的维拉，谁将踩着对方迎来久违胜利，我们拭目以待！,未赛,0-0
大家晚上好，欢迎来到新浪体育赛事直播间,未赛,0-0
即将送上的是英超第7轮，利物浦主场和维拉的比赛,未赛,0-0
前6轮战罢，利物浦2胜2平2负，积8分，位列积分榜第13位,未赛,0-0
在赛季开始取得2连胜之后，近4轮未尝胜绩,未赛,0-0
维拉前6轮战罢，1胜1平1负，积4分，位列积分榜第17位,未赛,0-0
双方球员已经进场，握手致意中！！！,未赛,0-0
我们先来看看双方的首发大名单,未赛,0-0
利物浦首发：米尼奥莱；埃姆雷-詹、斯科特尔、萨科；米尔纳、卢卡斯、克莱恩、莫雷诺；斯图里奇、库蒂尼奥、英斯,未赛,0-0
维拉首发：古赞；莱斯科特、阿马维、哈顿、理查兹；桑切斯、维斯特伍德、古埃耶；格里利什、辛克莱尔、格斯特德,未赛,0-0
上半场比赛开始,上半场 1',0-0
红衣红裤的利物浦，从画面的右侧向左进攻,上半场 1',0-0
莫雷诺左路拿球，面对逼抢，横传卢卡斯,上半场 1',0-0
卢卡斯再挑传给前插的莫雷诺,上半场 1',0-0
莫雷诺拿球内切，遭遇两人夹击，回传中路,上半场 2',0-0
利物浦进球啦！！！,上半场 2',1-0
米尔纳！！！,上半场 2',1-0
莫雷诺回传卢卡斯，卢卡斯横切后斜传禁区弧顶给米尔纳，米尔纳停球转身，禁区弧顶左脚低射，打进球门右下角！！！,上半场 3',1-0
开场1分钟，利物浦取得进球，完美开局啊,上半场 4',1-0
利物浦前场进攻，再次赢得右侧任意球机会,上半场 4',1-0
差一点啊，埃姆雷-詹！！！,上半场 5',1-0
利物浦右路的任意球斜传前点，埃姆雷-詹甩头攻门顶近角，被古赞封堵，直接揽入怀中,上半场 5',1-0
古埃耶左路的直塞找辛克莱尔,上半场 6',1-0
埃姆雷-詹回防，卡住身位，将球护送出底线,上半场 6',1-0
库蒂尼奥前场中路拿球，斜传左侧给到斯图里奇,上半场 6',1-0
斯图里奇再给米尔纳，米尔纳下底传中到禁区,上半场 7',1-0
古赞出击，抢在英斯之前，将球收入怀中,上半场 7',1-0
维拉的反击，左路45度斜传球到禁区,上半场 7',1-0
格斯特德力压萨科的头球攻门，球擦着左侧立柱出底线,上半场 7',1-0
莫雷诺回防，禁区外抢断格斯特德,上半场 8',1-0
格斯特德原地反抢，身后拉人犯规,上半场 8',1-0
库蒂尼奥前场左路拿球，横切分球卢卡斯,上半场 9',1-0
卢卡斯再给斯图里奇，斯图里奇直塞英斯,上半场 9',1-0
英斯禁区弧顶拿球，转身抽射，打偏,上半场 9',1-0
利物浦前场再攻，英斯拿球，禁区线上一扣，摆脱哈顿，起脚打门，踢飞,上半场 10',1-0
维斯特伍德前场右路拿球，横切后左脚起球到禁区,上半场 10',1-0
米尼奥莱出击，将球拿到,上半场 10',1-0
哈顿右路拿球，强突后横传中路找古埃耶,上半场 11',1-0
古埃耶在利物浦球员干扰下没敢拿，直接过度桑切斯,上半场 12',1-0
维拉前场再攻，中路的转移球到右路找哈顿,上半场 12',1-0
库蒂尼奥上抢，伸脚将球碰出边线,上半场 12',1-0
埃姆雷-詹右路拿球，过了中线斜传禁区,上半场 13',1-0
阿马维头球冒顶，身后的米尔纳凌空扫传门前，被古赞拿到,上半场 13',1-0
米尔纳左路拿球，直塞找前擦的莫雷诺,上半场 14',1-0
边裁举旗，吹罚了莫雷诺的越位在先,上半场 15',1-0
米尔纳右路拿球，面对阿马维的退防，强吃,上半场 15',1-0
米尔纳底线内切，被阿马维出脚碰出底线,上半场 15',1-0
利物浦获得右侧角球机会，开出到后点，并未形成威胁,上半场 16',1-0
萨科前场抢断，中路拿球，分球左侧给到库蒂尼奥,上半场 16',1-0
库蒂尼奥拿球强突禁区，下底横传，被回防的维斯特伍德倒地挡出底线,上半场 17',1-0
利物浦再次获得左侧角球机会,上半场 17',1-0
阿马维禁区内和英斯抢位发生摩擦，裁判先过来警告一翻,上半场 17',1-0
利物浦角球开出，第一点被维拉球员解围,上半场 18',1-0
萨科后场拿球，过度给到回来接应的卢卡斯,上半场 19',1-0
卢卡斯斜传给到库蒂尼奥，库蒂尼奥再给莫雷诺,上半场 20',1-0
莫雷诺左路拿球，内切后横传球，被哈顿挡出边线,上半场 20',1-0
库蒂尼奥左路拿球，内切，禁区角上起球到后点，直接出底线,上半场 21',1-0
尽管比分落后，维拉主帅坐在替补席，表情很淡然啊,上半场 22',1-0
维拉前场再攻，哈顿右路拿球，内切后斜传禁区,上半场 22',1-0
萨科的解围球直接到了格斯特德脚下，后者禁区线上起脚打门，打偏,上半场 22',1-0
非常好的一次机会，可惜临门一脚不给力哦,上半场 23',1-0
斯科特尔后场拿球，分球左侧给到萨科,上半场 24',1-0
萨科拿球过中线，斜传中路找卢卡斯,上半场 24',1-0
卢卡斯挑传禁区找斯图里奇，被后卫头球解围,上半场 24',1-0
库蒂尼奥中路拿球，面对逼抢，横传卢卡斯,上半场 24',1-0
卢卡斯再分右路给到上来的埃姆雷-詹,上半场 25',1-0
埃姆雷-詹拿球下底，面对古埃耶，趟球有点大，被破坏,上半场 25',1-0
比分领先，利物浦踢得不紧不慢，寻求最好的进攻机会,上半场 26',1-0
卢卡斯前场中路的直塞打身后,上半场 26',1-0
英斯和米尔纳双鬼拍门，可惜球还是被阿马维抢先控制,上半场 27',1-0
英斯和米尔纳再抢，将球碰出了底线，维拉门球,上半场 27',1-0
莫雷诺左路拿球，强突下底，赢得角球,上半场 27',1-0
角球开出到禁区，第一点被维拉球员解围,上半场 28',1-0
米尔纳左路拿球，短传给到莫雷诺,上半场 29',1-0
莫雷诺内切后横传禁区，莱斯科特抢在斯图里奇之前将球解围,上半场 30',1-0
利物浦再次赢得右侧角球，开出到前点，依旧没威胁,上半场 30',1-0
上半场比赛30分钟，比分1-0，利物浦领先,上半场 30',1-0
克莱恩左路拿球，面对逼抢，横传卢卡斯,上半场 31',1-0
卢卡斯再给库蒂尼奥，库蒂尼奥横传斯图里奇,上半场 31',1-0
斯图里奇背身拿球，回敲横切过来的克莱恩,上半场 31',1-0
克莱恩转移球到右路给埃姆雷-詹，埃姆雷-詹再回传卢卡斯,上半场 31',1-0
卢卡斯直塞禁区给英斯，英斯脚后跟分球想给前插的队友,上半场 32',1-0
球被哈顿伸脚一挡，弹起后打在了自己的左手上，逃过一劫啊,上半场 32',1-0
格里利什前场拿球，米尔纳的上抢，踢翻了格里利什,上半场 33',1-0
米尔纳被主裁判出示了黄牌警告！！！,上半场 34',1-0
米尔纳中场争顶，被阿马维直接从身下撞翻在地,上半场 34',1-0
萨科后场拿球，大范围转移球到右路找英斯,上半场 35',1-0
英斯拿球内切，强突遭遇夹击，球丢啦,上半场 35',1-0
古埃耶前场左路拿球，卢卡斯上抢，踢倒了古埃耶，犯规,上半场 35',1-0
库蒂尼奥左路拿球，内切后的突施冷箭，古赞单掌将球托出横梁,上半场 37',1-0
利物浦获得左侧角球机会，开出到前点，回防的格斯特德头球解围出底线,上半场 38',1-0
利物浦再次获得角球，战术角球开出，莫雷诺左路横传，被断,上半场 38',1-0
古埃耶后场拿球，带过中线，直塞找格里利什,上半场 39',1-0
格里利什停球没停好，被利物浦球员抢断,上半场 39',1-0
斯图里奇拿球反击，莱斯科特上抢，踢翻了斯图里奇,上半场 40',1-0
维拉后场抢断，哈顿拿球反击,上半场 40',1-0
哈顿右路横传球，米尼奥莱出击，双拳打出,上半场 41',1-0
卢卡斯的解围球被辛克莱尔拦截,上半场 41',1-0
辛克莱尔回传给到维斯特伍德，维斯特伍德远射，被米尼奥莱封堵出底线,上半场 41',1-0
维拉获得右侧角球机会，开出第一点被利物浦球员解围,上半场 42',1-0
维斯特伍德右路再传禁区，桑切斯头球顶偏,上半场 42',1-0
辛克莱尔前场中路拿球，稍作调整，禁区外直接远射，太正，被米尼奥莱拿到,上半场 43',1-0
萨科后场拿球，直塞左路给到前插的库蒂尼奥,上半场 44',1-0
库蒂尼奥停球，横传中间找米尔纳,上半场 44',1-0
米尔纳争抢头球，撞翻了理查兹，压人犯规,上半场 45',1-0
米尔纳的进球是来自库蒂尼奥的直塞妙传！！！,上半场 45',1-0
上半场比赛补时1分钟,上半场 46',1-0
利物浦后场传控，裁判鸣哨啦,上半场 46',1-0
上半场比赛结束，利物浦主场1-0暂时领先维拉,中场,1-0
开场1分多钟，库蒂尼奥左路横切后的直塞，米尔纳得球转身，禁区弧顶左脚劲射，打出反弹，球进,中场,1-0
整个上半场，利物浦基本占据了主动，7次射门4次射正，维拉5次射门1次射正,中场,1-0
米尔纳和库蒂尼奥、卢卡斯在前场表现的相当活跃,中场,1-0
维拉这边格斯特德的一次怒射也是惊出了利物浦一身冷汗,中场,1-0
一个球的差距，对于利物浦来说，并不保险，下半场罗杰斯的球队还需在进攻上有所表现,中场,1-0
我们稍事休息，再回来继续双方的下半场比赛,中场,1-0
下半场比赛开始,下半场 1',1-0
红衣黑裤的维拉开球，从画面的右侧向左进攻,下半场 1',1-0
莫雷诺左路拿球，横切后回传卢卡斯,下半场 2',1-0
卢卡斯再分右路给到克莱恩，克莱恩45度斜传禁区，第一点被维拉球员解围,下半场 2',1-0
下半场开始后，利物浦后防压到了中线位置,下半场 3',1-0
斯科特尔中场抢断，带球过中线，被格斯特德身后绊倒在地,下半场 3',1-0
克莱恩右路拿球，直塞给到米尔纳,下半场 4',1-0
米尔纳下底传中到前点，被维拉球员解围,下半场 4',1-0
米尔纳前场抢断，回敲克莱恩,下半场 4',1-0
克莱恩禁区右侧横扫门前，混战中维拉球员将球解围出底线,下半场 5',1-0
这个解围相当危险，差点乌龙啊,下半场 5',1-0
利物浦获得角球，并未形成威胁,下半场 6',1-0
哈顿右路拿球，45度斜传禁区，桑切斯的头球，滑门而过，出底线,下半场 6',1-0
米尔纳劲射，古赞立功啦,下半场 7',1-0
萨科后场起球，库蒂尼奥头球一点，卢卡斯得球一点给到米尔纳，米尔纳禁区线上抽射，被古赞封堵，斯图里奇跟进再补，被后卫碰出底线,下半场 8',1-0
利物浦再次获得右侧角球，开出第一点被后卫解围,下半场 8',1-0
辛克莱尔禁区外再抢第二落点，手球违例,下半场 8',1-0
利物浦获得大禁区左上角的任意球机会,下半场 9',1-0
米尔纳任意球直接攻门，穿透人墙，出了底线,下半场 9',1-0
阿马维左路拿球，横切面对逼抢，脚下打滑，摔倒啦,下半场 9',1-0
球被回防的卢卡斯抢断，分球克莱恩,下半场 10',1-0
克莱恩过顶球给到斯图里奇，斯图里奇右路拿球，趟出几步后，起球到禁区，被古赞没收,下半场 10',1-0
米尔纳前场拿球，横传给中间的斯图里奇,下半场 12',1-0
斯图里奇直塞想给英斯，被后卫抢先一步破坏,下半场 12',1-0
莫雷诺左路拿球，再传，被挡出边线,下半场 13',1-0
2-0！！！,下半场 13',2-0
斯图里奇的进球！！！,下半场 13',2-0
斯图里奇左路拿球，一扣摆脱防守，再给米尔纳，米尔纳挑传打身后，斯图里奇跟进，左脚外脚背凌空抽射，打进！！！,下半场 14',2-0
维拉做出人员调整：17号维勒图特上，换下24号桑切斯,下半场 15',2-0
库蒂尼奥左路拿球，内切后横传禁区中路,下半场 15',2-0
斯图里奇停球横敲想给跟进的米尔纳，被后卫伸脚破坏,下半场 16',2-0
库蒂尼奥前场抢断，单骑闯关,下半场 16',2-0
库蒂尼奥禁区中路，面对多人围堵，连续两扣后起脚，被挡出,下半场 17',2-0
这球库蒂尼奥有点独啊，右边的斯图里奇很空哦,下半场 17',2-0
利物浦的前场进攻，库蒂尼奥直塞找斯图里奇,下半场 18',2-0
斯图里奇停球，面对理查兹的防守，一拨，起脚搓射，被古赞没收,下半场 19',2-0
维拉扳回一个！！！,下半场 20',2-1
格斯特德推射打进！！！,下半场 20',2-1
维拉右路进攻，哈顿带球强突下底，倒地后起球到后点，格斯特德跟进，无人防守下的推射打进！！！,下半场 21',2-1
3-1！！！,下半场 21',3-1
斯图里奇梅开二度！！！,下半场 21',3-1
维拉后场失误，斯图里奇抢断，和库蒂尼奥踢墙配合，库蒂尼奥脚后跟回传，斯图里奇停球一趟，禁区中路右脚抽射，打进！！！,下半场 23',3-1
双方2分钟不到，奉献了2个进球，这效率不一般啊,下半场 23',3-1
维拉再次换人：20号特劳雷上，换下40号格里利什,下半场 23',3-1
阿马维左路拿球，面对克莱恩的退防，强突球丢啦,下半场 24',3-1
2-3！！！,下半场 25',3-2
格斯特德梅开二度！！！,下半场 25',3-2
维拉前场左路的起球到后点，格斯特德跟进，力压斯科特尔的头球冲顶，顶进网窝，米尼奥莱毫无办法啊！！1,下半场 26',3-2
维斯特伍德前场中路拿球，强突被卢卡斯绊倒在地,下半场 27',3-2
利物浦后场抢断，反击中，米尔纳被放翻,下半场 27',3-2
利物浦获得前场中路的任意球机会,下半场 28',3-2
库蒂尼奥和米尔纳站在球前，库蒂尼奥的任意球攻门，被挡出底线,下半场 28',3-2
利物浦获得左侧角球机会，米尔纳主罚,下半场 28',3-2
角球开出到禁区，斯图里奇抢点被吹犯规在先,下半场 28',3-2
英斯这次争抢中也是有点受伤，跪在地上稍作休息,下半场 29',3-2
维拉右路球员配合后下底传中，格斯特德门前包抄破门,下半场 29',3-2
下半场比赛30分钟，比分3-2，利物浦领先1球,下半场 31',3-2
卢卡斯右路拿球，强突下底横传禁区,下半场 31',3-2
米尔纳背身拿球，没机会转身，遭遇夹击前回传克莱恩,下半场 31',3-2
克莱恩不停球，横传中路到禁区弧顶,下半场 32',3-2
库蒂尼奥跟进，迎球一脚抽射，被古赞封堵,下半场 32',3-2
维拉的前场右路进攻，维勒图特强突，被回防的卢卡斯绊倒在地,下半场 32',3-2
维拉获得前场右路的任意球机会，维勒图特主罚,下半场 33',3-2
任意球斜传禁区，理查兹头球攻门，顶偏！！！,下半场 33',3-2
利物浦再度破门扩大领先优势，斯图里奇上演梅开二度,下半场 33',3-2
特劳雷右路拿球，强突摆脱上抢的莫雷诺,下半场 35',3-2
趟球再突萨科，被萨科放铲将球解围出边线,下半场 35',3-2
特劳雷右路起球到禁区，萨科头球解围,下半场 35',3-2
辛克莱尔禁区外得球，直接怒射打球门左下角，被米尼奥莱倒地没收,下半场 36',3-2
斯图里奇禁区外拿球，直塞禁区找英斯,下半场 37',3-2
英斯将球一让，转身再想拿，直接被古赞出击没收,下半场 37',3-2
利物浦前场进攻，斯图里奇分球找英斯,下半场 38',3-2
英斯再调整，浪费了最佳机会，横趟再打，被回防的莱斯科特直接拦截,下半场 39',3-2
斯图里奇禁区左侧的低射远角，差之毫厘啊！！！,下半场 40',3-2
这球来自英斯的直塞，斯图里奇差一点带帽啊,下半场 40',3-2
此前破门的格斯特德接队友左路传中，门前高高跃起头球将球砸进球门,下半场 40',3-2
特劳雷右路拿球，横切摆脱英斯的上抢,下半场 42',3-2
面对米尔纳和库蒂尼奥的夹抢，再突，被关门，球丢啦,下半场 42',3-2
英斯前场中路拿球，分边左路找莫雷诺,下半场 45',3-2
莫雷诺停球，边路强突，被后卫出脚破坏,下半场 45',3-2
下半场比赛补时4分钟,下半场 45',3-2
斯科特尔后场大脚解围球到中场,下半场 47',3-2
古埃耶停球，回传莱斯科特,下半场 47',3-2
莱斯科特再给特劳雷，特劳雷的横传被断,下半场 47',3-2
米尔纳直塞找克莱恩，克莱恩穿裆送禁区,下半场 47',3-2
阿马维回防，抢在英斯之前将球破坏,下半场 48',3-2
库蒂尼奥拿球再突，维勒图特上抢，阻挡犯规,下半场 48',3-2
利物浦换人：15号斯图里奇被换下，接受现场球迷的掌声，换上24号乔-阿伦,下半场 49',3-2
比赛已经进入最后的读秒阶段,下半场 49',3-2
米尔纳的突破，被阿马维破坏出边线,下半场 49',3-2
利物浦前场逼抢，维拉出球太慢，再被反断,下半场 50',3-2
阿马维上抢，放倒了克莱恩，犯规,下半场 50',3-2
利物浦获得前场右侧的任意球机会,下半场 50',3-2
英斯和米尔纳站在球前，刚出脚，裁判鸣哨,下半场 50',3-2
全场比赛结束，利物浦主场3-2险胜维拉，取得近5轮的第一场胜利！！！,完赛,3-2
米尔纳开场2分钟劲射先拔头筹，之后助攻斯图里奇外脚背抽射扩大战果！！！,完赛,3-2
维拉的格斯特德之后抢点推射扳回一个，斯图里奇1分钟后接到库蒂尼奥直塞，劲射再次破门,完赛,3-2
尽管格斯特德之后头球再进一个，可惜还是无法帮助球队客场拿分,完赛,3-2
利物浦迎来久违的胜利，希望这是一个转折，在接下来的比赛中能有好的表现,完赛,3-2
好了，本场比赛的直播就到这里，谢谢大家的陪伴和观看，再见！,完赛,3-2
