北京时间7月25日19：35新浪体育将为大家直播中超第21轮 石家庄永昌VS广州富力，敬请关注！,未赛,0-0
升斑马石家庄永昌本赛季表现不俗，目前5胜11平3负积26分排在了积分榜的第七位！,未赛,0-0
广州富力目前5分6平9负积21分排在了第十一位，与倒数第二的贵州人和队仅相差三分，依然有保极之忧！,未赛,0-0
上一轮比赛，永昌队战平副班长上海申鑫，他们已经收获12场连续不败的纪录！,未赛,0-0
近十轮比赛广州富力队公取得1胜3平6负的战绩，如果后续的比赛中不能取得好的成绩，将会迅速陷入保级泥潭！,未赛,0-0
黎兵从孔特拉手中暂时接过了帅印，但球队很难在短时间有大的起色！本场比赛结果会如何，敬请各位准时关注,未赛,0-0
大家晚上好,未赛,0-0
石家庄永昌：门将：22-关震;后卫：23-胡伟、18-许博、14-赵荣亨、4-李超、25-糜昊伦;中场：9-隆东、3-刘君鹏、6-李春郁、10-鲁本·米凯尔;前锋：19-穆伦加,未赛,0-0
替补：11-黄世博、12-王国明、13-冯绍顺、15-王鹏、20-姜积弘、24-古德约翰森、28-黄凤涛,未赛,0-0
广州富力：门将：1-程月磊;后卫：3-于洋、15-张贤秀、5-张耀坤;中场：18-张远、33-李岩、31-雷纳尔迪尼奥、26-张晨龙、7-姜宁;前锋：22-博基拉、25-阿隆,未赛,0-0
替补：4-金洋洋、6-汪嵩、10-米歇尔、14-李健华、21-常飞亚、27-刘殿座、35-闵俊麟,未赛,0-0
双方队员入场,未赛,0-0
石家庄永昌身着蓝色上衣，而广州富力队身着一身白色服装,未赛,0-0
上半场比赛开始,上半场 1',0-0
石家庄永昌开球，右路长传，被对方抢断下来,上半场 1',0-0
阿隆左路接球突破，被推倒,上半场 1',0-0
阿隆受伤倒在地上,上半场 1',0-0
比赛刚刚开始就受伤，但愿别有大的问题,上半场 2',0-0
阿隆到场边，队医在给他检查,上半场 2',0-0
界外球发出来，石家庄永昌断球长传，球出边线,上半场 2',0-0
广州富力队右路直传球，寻找进攻机会，对方压得也比较靠前，把球回传,上半场 3',0-0
广州富力队攻到前场，外线姜宁一脚远射，高射炮发射,上半场 4',0-0
阿隆又坐在地上，能不能坚持呢？,上半场 6',0-0
后场石家庄永昌得球，横传转移到左路,上半场 6',0-0
阿隆确实无法坚持啦！换人，常飞亚上场换下了阿隆,上半场 7',0-0
石家庄永昌右路组织进攻，传球丢啦,上半场 8',0-0
程月磊大脚开球到中场左路，对方把球破坏出边线,上半场 8',0-0
张晨龙发出界外球，左路直传，先出边线,上半场 8',0-0
石家庄永昌右路攻过中场，对方大脚破坏,上半场 9',0-0
胡伟发是外球，广州富力队断球左路进攻,上半场 10',0-0
博基拉左路接球失误，球出边线,上半场 10',0-0
石家庄永昌右路长传，也没有传好，广州富力队后场界外球,上半场 10',0-0
广州富力队中路突破，刘君鹏抢到球，对方争反时对脚,上半场 11',0-0
刘君鹏受伤倒在地上,上半场 11',0-0
哟，刘君鹏也无法坚持啦，被换下，换上了姜积弘,上半场 13',0-0
常飞亚一脚远射，被关震没收,上半场 13',0-0
后场广州富力队断球，右路快速反击,上半场 14',0-0
常飞亚右路强突横传禁区，对方抢点破坏出来,上半场 14',0-0
石家庄永昌左路长传球，张远护球出底线,上半场 15',0-0
博基拉在前场抢球犯规，放倒了赵容亨,上半场 16',0-0
石家庄永昌前场传球失误，广州富力队快速反击，速度够快，但到前场直传球被断,上半场 16',0-0
米凯尔左路突破挑传禁区，隆东越位，这次配合打得不错，就是隆东启动早了半秒,上半场 18',0-0
石家庄永昌右路再组织进攻，对方把球破坏出边线,上半场 18',0-0
石家庄永昌左路直传下底，横传球到禁区，程月磊没收,上半场 19',0-0
中场广州富力队传球丢啦,上半场 20',0-0
赵容亨控球，雷纳蒂尼奥抢球犯规,上半场 20',0-0
胡伟带球突破传球，对方破坏出底线，获得角球机会,上半场 22',0-0
米凯尔发任意球到禁区内后点，对方顶了出来,上半场 22',0-0
中场石家庄永昌断球，左路发动反击,上半场 23',0-0
胡伟右路斜传禁区，似传似射，被程月磊没收,上半场 23',0-0
雷纳蒂尼奥在前场得球突破到禁区内脚后跟传球，被对方破坏出边线,上半场 24',0-0
姜宁前场接队友传球，一脚远射，有些急啦，偏出,上半场 25',0-0
后场广州富力队断球，常飞亚右路带到前场，横传给雷纳蒂尼奥,上半场 26',0-0
雷纳蒂尼奥斜传禁区，球到另一侧，博基拉在边线附近带球失误，球出界,上半场 26',0-0
石家庄永昌在前场两人配合，没能过去，被对方抢断,上半场 27',0-0
广州富力队左路进攻，传球出边线,上半场 28',0-0
界外球发出来，中场横传，米凯尔抬脚过高,上半场 28',0-0
广州富力队直传球，张晨龙插上接应，被对方挡在了身后,上半场 28',0-0
于洋与糜昊伦对脚啦！于洋又受伤,上半场 29',0-0
但愿别有大的问题，被动换人对球队影响非常大,上半场 30',0-0
还好于洋站了起来，看来问题不大,上半场 30',0-0
石家庄永昌发球，还给对手,上半场 31',0-0
程月磊大脚开球到中场，双方争抢，张远犯规,上半场 31',0-0
胡伟助攻到前场，接球后回传,上半场 32',0-0
雷纳蒂尼奥后场得球，被放倒啦,上半场 32',0-0
石家庄永昌在中场左路抢球犯规,上半场 33',0-0
任意球发出来，石家庄永昌断球反击,上半场 34',0-0
博基拉中场接球，回传一脚，再转移到左路进攻,上半场 34',0-0
中场石家庄永昌拼抢比较凶,上半场 34',0-0
广州富力队右路突破，姜积弘把球破坏出底线，角球机会,上半场 35',0-0
雷纳蒂尼奥发角球到禁区内前点，接应队员冒顶，对方头球解围出来,上半场 35',0-0
广州富力队前场传球没能穿透，对方断球直传也丢啦,上半场 36',0-0
雷纳蒂尼奥横向带球突然一脚远射，皮球高出！,上半场 36',0-0
石家庄永昌长传禁区，穆伦加慢啦，对方护球交给门将,上半场 37',0-0
双方拼抢还是很激烈的，场面也还好看，只可惜打门次数少了点,上半场 38',0-0
石家庄永昌长传禁区，张贤秀冒顶啦，还好许博把球破坏出底线,上半场 38',0-0
糜昊伦发角球到禁区内，皮球弹地后被对方破坏出来,上半场 38',0-0
姜宁后场控到球，李春郁背后抢球犯规,上半场 39',0-0
比赛接近四十分钟，石家庄永昌压得比较靠前,上半场 39',0-0
石家庄永昌左路斜传禁区，程月磊出击轻松没收,上半场 39',0-0
雷纳蒂尼奥右路突破，连续过人，回传后队友再分右路被断,上半场 40',0-0
石家庄永昌真村区，对方断球反击,上半场 41',0-0
雷纳蒂尼奥得球快速反击到中场，姜积弘战术犯规！黄牌,上半场 41',0-0
穆伦加中场抢球犯规，放倒了于,上半场 42',0-0
放倒了于洋,上半场 42',0-0
中场广州富力队断球反击，博基拉左左路横传，雷纳蒂尼奥禁区内强突再传，被破坏出底线,上半场 43',0-0
角球发到禁区内，对方破坏出来,上半场 44',0-0
李岩勾传，再走右路，横传禁区，石家庄永昌把球解围出来,上半场 44',0-0
石家庄永昌长传前场，穆伦加越位,上半场 44',0-0
上半场比赛要补时 2 分钟,上半场 45',0-0
博基拉中路突破，对方犯规，位置不错的任意球机会,上半场 46',0-0
对这个判罚，石家庄永昌有些意见！现场球迷也不愿意啦,上半场 46',0-0
从慢镜来看，博基拉有犯规动作啊,上半场 46',0-0
姜宁发任意球直接一脚劲射，被关震没收！,上半场 46',0-0
广州富力队左路斜传禁区，皮球从后点出底线,上半场 47',0-0
上半场比赛结束，双方均无建树，暂时战成0-0,上半场 47',0-0
应该说双方对本场比赛都非常重视，在稳定防守的情况下双方都加强了进攻,中场,0-0
虽然拼抢激烈，但有威胁的打门并不多,中场,0-0
让我们休息一会儿再回来关注下半场比赛,中场,0-0
下半场比赛开始,下半场 1',0-0
广州富力队开球，右路长传,下半场 1',0-0
雷纳蒂尼奥直传球给博基拉，被对方抢断,下半场 1',0-0
石家庄永昌右路下底横传，直接传出底线,下半场 2',0-0
广州富力队边路传中，李超把球挡出,下半场 3',0-0
角球机会,下半场 3',0-0
角球发到前点，过渡到中路，对方顶出来,下半场 3',0-0
隆东右路带球突破，对方犯规,下半场 4',0-0
任意球发出来，广州富力队断球长传反击，对方解围不远,下半场 4',0-0
禁区外常飞亚远射，关震没收,下半场 5',0-0
刚才打门的是张晨龙,下半场 5',0-0
穆伦加右路突破横传禁区，传在了隆东的身后,下半场 5',0-0
广州富力队攻到前场，横传球被抢断,下半场 5',0-0
张晨龙后场控到球，隆东背后抢球犯规,下半场 6',0-0
李超在后场控到球，博基拉放铲，犯规啦,下半场 6',0-0
姜宁后场得球，对方上抢犯规,下半场 8',0-0
中场石家庄永昌断球，横传到中路，隆东长传球被对方破坏回来,下半场 8',0-0
石家庄永昌右路横传禁区，对方顶了一下，米凯尔头球顶门，高出横梁,下半场 9',0-0
中场石家庄永昌断球，右路反击,下半场 9',0-0
隆东右路带球进攻，看程月磊站位靠前，选择吊门，高啦,下半场 10',0-0
下半场石家庄永昌明显发力啦,下半场 11',0-0
广州富力队左路攻到中场，速度还是不行，被对方抢断下来,下半场 11',0-0
隆东右路突破横传禁区，对方顶了一下，让门将没收,下半场 12',0-0
广州富力队换人：汪嵩上场换下博基拉,下半场 13',0-0
博基拉显得不理解，面无表情,下半场 13',0-0
汪嵩这名队员在前场组织还是有相当能力的,下半场 14',0-0
石家庄永昌右路进攻，对方犯规，任意球,下半场 14',0-0
任意球发到禁区内，穆伦加打门被程月磊挡出来,下半场 14',0-0
主裁判已经吹哨，隆东倒地后用手去打球，吃到了黄牌,下半场 15',0-0
隆东右路突破到禁区内，倒地！是在大禁区外争头球时对方有犯规,下半场 16',0-0
但主裁判并没有吹，比赛继续,下半场 16',0-0
石家庄永昌左路斜传禁区，接应队员头球过渡，对方破坏出来,下半场 16',0-0
石家庄永昌传禁区，穆伦加被防死啦，只好向外带,下半场 17',0-0
雷纳蒂尼奥前场右路接球，对方抢断，雷纳蒂尼奥背后反抢犯规,下半场 17',0-0
石家庄永昌换人：古德约翰逊上场，换下隆东,下半场 17',0-0
古德约翰逊是原切尔西、巴塞罗纳效力过，有能力，只是年龄偏大,下半场 18',0-0
古德约翰逊左路突破到禁区内，对方解围,下半场 18',0-0
古德约翰逊左路突破斜传门前，程月磊没收,下半场 18',0-0
姜宁前场控球，横向带球没有机会，再斜传右路，提前量太大啦,下半场 19',0-0
关震大脚开球到前场，对方顶了一下，球权还在石家庄永昌手里,下半场 19',0-0
广州富力队有队员受伤倒在地上，但石家庄永昌没有停下来，右路横传被对方破坏出来,下半场 20',0-0
现场球迷统一着装，球市非常火爆,下半场 21',0-0
张晨龙被抬出场外，队医做出换人手势！,下半场 21',0-0
这又是一个被动换人，替补队员还没做好准备呢,下半场 22',0-0
广州富力队换人：14号李健华上场，换下张晨龙,下半场 22',0-0
古德约翰逊传球，米凯尔胸部停球给同伴，古德约翰逊一脚远射，打偏啦,下半场 24',0-0
广州富力队断球右路攻到中场，对方犯规,下半场 25',0-0
任意球快速发出来，广州富力队右路斜传，雷纳蒂尼奥一脚远射，打偏,下半场 26',0-0
李健华右路横传，常飞亚突破到禁区，被对方把球破坏,下半场 27',0-0
雷纳蒂尼奥前场接球横向突破一脚远射，击中立柱弹回来！！,下半场 27',0-0
姜宁外围远射，被关震没收,下半场 28',0-0
古德约翰逊前场接球，回传给米凯尔,下半场 28',0-0
糜昊伦左路突破一脚打门，没有多大威胁，程月磊没收,下半场 29',0-0
胡伟右路突破斜传禁区，对方抢点解围,下半场 30',0-0
雷纳蒂尼奥左路突破到禁区内，对方破坏出底线,下半场 31',0-0
石家庄永昌换人：13号冯绍顺上场换下23号胡伟,下半场 31',0-0
双方都用完了三个换人名额,下半场 31',0-0
雷纳蒂尼奥发角球到禁区内，对方破坏出来，广州富力队再直传禁区，关震没收,下半场 32',0-0
广州富力队快速反击，汪嵩左路突破横传，没有队员跟上,下半场 33',0-0
冯绍顺传球，穆伦加越位,下半场 34',0-0
古德约翰逊接球，横传中路,下半场 34',0-0
石家庄永昌直传球，米凯尔慢啦，皮球直接到了程月磊手里,下半场 35',0-0
石家庄永昌右路直传球，前插队员被挡住了路线,下半场 36',0-0
穆伦加前场接球斜传禁区后点，古德约翰逊恰到好处的杀到头球顶门，但被程月磊卡位把球没收！,下半场 37',0-0
虽然没能进球，但这次配合真是漂亮,下半场 37',0-0
广州富力队又有人抽筋倒在地上！已经无人可换,下半场 37',0-0
抽筋的是张远,下半场 37',0-0
广州富力队右路直传组织进攻,下半场 38',0-0
常飞亚在前场与队友传球配合失误，球出边线,下半场 39',0-0
石冯绍顺右路突破下底横传，对方挡出底线,下半场 39',0-0
角球发到禁区内，太靠后啦，博基拉在另一侧把球控下来,下半场 40',0-0
石家庄永昌进球啦！李超！1-0,下半场 40',1-0
石家庄永昌斜传禁区，李超虽然越位位置，但汪嵩解围失误！李超抢点打门，皮球击中后门柱进入网内！,下半场 41',1-0
广州富力队右路攻到中场，交给雷纳蒂尼奥,下半场 42',1-0
虽然进一球并不多，但这个进球时间点对广州富力队来说非常不利！常规比赛还有2分钟左右的时间,下半场 44',1-0
雷纳蒂尼奥带球突破，许博防守犯规,下半场 44',1-0
任意球发出来传到禁区内，姜积弘控到球，进攻队员抢球犯规,下半场 45',1-0
穆伦加右路带球突破，于洋铲球犯规，石家庄永昌得到前场右路任意球机会,下半场 45',1-0
任意球发到禁区内，后点穆伦加头球回做，古德约翰逊头球顶门！击中立柱弹出来！,下半场 46',1-0
下半场要补时 4 分钟,下半场 47',1-0
雷纳蒂尼奥突破传球前插，队友挑传，雷纳蒂尼奥头球顶门偏出！,下半场 47',1-0
中场石家庄永昌断球，古德约翰逊接球分到左路进攻,下半场 48',1-0
石家庄永昌左路横传禁区，穆伦加头球没能顶正,下半场 48',1-0
广州富力队右路长传，常飞亚没能接好，球出边线,下半场 49',1-0
雷纳蒂尼奥带球突破，许博防守犯规,下半场 49',1-0
这背后的犯规是吃牌子的动作啊，主裁判手下留情啦,下半场 49',1-0
广州富力队得到前场任意球机会,下半场 49',1-0
任意球发到禁区内，于洋打门被挡出来，广州富力队再次打门依然被挡出！,下半场 50',1-0
广州富力队前场得球再走右路进攻，没时间啦,下半场 50',1-0
全场比赛结束，石家庄永昌在主场1-0战胜广州富力队，全取三分,下半场 50',1-0
对于石家庄永昌来说，换上古德约翰逊作用还是很大的！,下半场 51',1-0
古德约翰逊征战英超多年，有着丰富的经验。虽然没有直接进球，但给对方不小的压力,下半场 51',1-0
穆伦加在前场也起到了不小的作用，为李超进球提供的帮助,完赛,1-0
祝贺石家庄永昌主场完胜全取三分,完赛,1-0
本场比赛就给大家直播到这儿,完赛,1-0
我们下次直播再见,完赛,1-0
