大家好，欢迎收看新浪体育为您带来的中超第26轮 北京国安VS江苏舜天,未赛,0-0
周中补赛上国安凭借德扬的帽子戏法于主场3-1击败亚泰,未赛,0-0
拿到这场胜利后国安同恒大的分差缩小到7分，落后上港5分，落后鲁能2分,未赛,0-0
争夺下赛季亚冠资格已是国安当前的首要目标,未赛,0-0
本轮鲁能遭遇硬仗，这在理论上为国安提供了追赶机会,未赛,0-0
本赛季来国安主场10胜2平保持不败，这个数据直接放大着国安主场抢分的可能性,未赛,0-0
舜天本赛季客场战绩为4胜2平7负。近两轮舜天客场负富力、主场平泰达,未赛,0-0
连续被保级球队拿分的情况似乎就是表明：积33分排名积分榜第8位的舜天在联赛中已缺乏实际动力,未赛,0-0
而9月底足协杯半决赛就要开战，舜天在此战的投入力度与态度很值得关注,未赛,0-0
中超交锋史上国安对舜天7胜4平2负，双方近6次联赛交锋国安3胜3平保持不败,未赛,0-0
国安主场对舜天3胜2平1负。本赛季首回合国安客场0-0战平舜天,未赛,0-0
目前两队首发阵容已经公布,未赛,0-0
北京国安首发:22-杨智；31-赵和靖、30-雷腾龙、13-徐云龙、4-周挺；5-马季奇、8-朴成、7-张池明、17-巴塔拉、27-张稀哲；10-德扬,未赛,0-0
江苏舜天首发:30-张思鹏；23-任航、31-康斯坦丁、6-奥特森、2-李昂；5-周云、22-吴曦、12-张晓彬、20-孙可、11-埃斯库德罗；10-卡尔坦森,未赛,0-0
让我们来到比赛现场,未赛,0-0
双方球员已经入场了,未赛,0-0
上半场比赛开始！,上半场 1',0-0
首先开球的是舜天,上半场 1',0-0
张稀哲左路推进被碰了出去,上半场 1',0-0
张池明右路下底到后点,上半场 2',0-0
这球传的有点深,上半场 2',0-0
张稀哲在边路还是将球控了下来,上半场 2',0-0
国安队左路拿球,上半场 3',0-0
传球的时候，队友没有拿到,上半场 3',0-0
奥特森拿球回敲给门将,上半场 3',0-0
国安队中场断抢下来,上半场 4',0-0
边路的传球送禁区内,上半场 4',0-0
张思鹏出击将球拿到,上半场 4',0-0
徐云龙后场断抢,上半场 4',0-0
往前输送的时候被拦截,上半场 4',0-0
国安队中场拿球给到左路,上半场 5',0-0
张稀哲边路拿球给到巴塔拉,上半场 5',0-0
巴塔拉前场想做撞墙,上半场 5',0-0
最后这球也是没有传过去,上半场 5',0-0
李昂禁区外围打远射被杨智得到,上半场 6',0-0
张池明的传球出现了失误,上半场 7',0-0
巴塔拉中场控球下来,上半场 7',0-0
比赛开始后，国安队占据场上的主动,上半场 7',0-0
赵和靖左路起球被周云挡出底线,上半场 10',0-0
周云这下的封堵也是稍微有些岔气,上半场 10',0-0
角球送前点被顶了出来,上半场 10',0-0
国安队左路再传禁区,上半场 10',0-0
这球落点并不太好,上半场 10',0-0
现场舜天的球迷也是非常的多,上半场 10',0-0
国安队前场拿球到了禁区里,上半场 11',0-0
舜天这边防守球员众多,上半场 11',0-0
德扬这边也是在最后时刻没有拿住,上半场 12',0-0
吴曦禁区外围远射被后卫挡了出去,上半场 13',0-0
舜天这边角球机会,上半场 13',0-0
角球送中路，也是被破坏,上半场 14',0-0
舜天再往禁区里吊,上半场 14',0-0
杨智这边出击险些没有拿住,上半场 14',0-0
德扬这边禁区内拿球,上半场 14',0-0
面对舜天两人的正面防守将球回敲回来,上半场 14',0-0
底线附近队友倒三角传回来,上半场 15',0-0
朴成的打门没有吃上部位,上半场 15',0-0
德扬右路拿球跟张池明做配合,上半场 18',0-0
裁判这边先吹了犯规,上半场 18',0-0
舜天这边有球员阻挡,上半场 18',0-0
国安队左路起球送禁区内,上半场 21',0-0
这球并没有送好,上半场 21',0-0
巴塔拉禁区外围远射,上半场 24',0-0
张思鹏扑球出现脱手,上半场 24',0-0
朴成这边抢补射,上半场 24',0-0
这球也是被张思鹏化解,上半场 24',0-0
张思鹏这下还受伤了,上半场 24',0-0
张思鹏这边眼角有些问题,上半场 28',0-0
埃斯库德罗中场拿球摆脱,上半场 29',0-0
第二下的时候没有跟上,上半场 29',0-0
舜天前场右路进攻被侵犯,上半场 31',0-0
任意球直接往门里吊,上半场 31',0-0
杨智后退几步将球托了出去,上半场 31',0-0
奥特森禁区前沿手球犯规,上半场 32',0-0
国安队获得了一个位置不错的任意球机会,上半场 32',0-0
马季奇任意球直接打门,上半场 34',0-0
这球力量很足，但是还是被挡了出去,上半场 34',0-0
马季奇这球是大力出奇迹啊,上半场 34',0-0
埃斯库德罗禁区外围打远射！！,上半场 36',0-0
球打在了横梁上！,上半场 36',0-0
杨智的站位有些靠前啊,上半场 36',0-0
国安队这边反击的机会,上半场 36',0-0
巴塔拉右路的传球送大了,上半场 37',0-0
国安队这边也是错过了一次反击的机会,上半场 37',0-0
张池明右路拿球到了底线,上半场 37',0-0
横敲送前点，德扬这边没有抢到,上半场 37',0-0
禁区外围，朴成远射将球打偏了,上半场 37',0-0
国安队右路传球送禁区,上半场 41',0-0
巴塔拉禁区内被依住身体,上半场 41',0-0
最后巴塔拉也是没有打门的机会,上半场 41',0-0
张池明中场拿球给到右路,上半场 41',0-0
马季奇拿球转移到了左路,上半场 42',0-0
1-0！！！,上半场 42',1-0
张稀哲！！,上半场 42',1-0
张稀哲左路接球后内切，一脚弧线球打进了张思鹏把守的球门！,上半场 42',1-0
马季奇中场拿球给到右路,上半场 44',1-0
国安队在进球后也是要稳一下,上半场 44',1-0
毕竟现在国安队是刚刚取得领先,上半场 44',1-0
巴塔拉右边路接球先犯规,上半场 45',1-0
上半场补时1分钟！,上半场 45',1-0
国安队这边又有反击,上半场 45',1-0
国安队长传打到前场,上半场 45',1-0
张思鹏冲出禁区外将球解围,上半场 45',1-0
舜天这边也是进攻上来,上半场 45',1-0
孙可禁区边缘晃动后内切打门！！,上半场 45',1-0
这球跟张稀哲的很像，但是没进,上半场 45',1-0
这球也是非常的威胁,上半场 46',1-0
上半场比赛结束！,中场,1-0
经过45分钟的激战，国安队主场1-0暂时领先江苏舜天,中场,1-0
上半场比赛，两队打得都比较放松,中场,1-0
埃斯库德罗这边有脚远射击中横梁,中场,1-0
而国安队直到上半场尾声的时候由张稀哲远射建功,中场,1-0
让我们稍事休息，一会儿为您带来双方下半场的比赛,中场,1-0
让我们回到比赛现场,中场,1-0
双方下半场的比赛马上开始,中场,1-0
下半场比赛开始！,下半场 1',1-0
下半场比赛由北京国安队开球,下半场 1',1-0
中场休息的时候，双方都没有进行人员调整,下半场 1',1-0
埃斯库德罗中场拿球被周挺解围,下半场 1',1-0
国安队拿球转移到了左路,下半场 2',1-0
停球的时候有些失误,下半场 2',1-0
舜天这边也是快速将球抢断下来,下半场 2',1-0
国安队中场很快将球反抢回去,下半场 2',1-0
朴成这边中场抢球犯规,下半场 2',1-0
朴成得到一张黄牌！,下半场 2',1-0
国安队这边打进去,下半场 4',1-0
张稀哲后点凌空抽射打偏了,下半场 4',1-0
后点德扬还有机会,下半场 4',1-0
跟进的铲射也是没有踢上,下半场 4',1-0
这球舜天的防守出现了漏洞,下半场 4',1-0
张池明的防守也是迫使对方抢球犯规,下半场 5',1-0
徐云龙后场拿球被吴曦侵犯,下半场 6',1-0
张池明右路带球被对方绊倒,下半场 7',1-0
国安队前场右路的任意球,下半场 7',1-0
任意球没有直接送禁区,下半场 8',1-0
中场的长传找德扬,下半场 8',1-0
这球被对方先争下来,下半场 8',1-0
任航这边得到一张黄牌,下半场 9',1-0
张稀哲前场拿球给到德扬,下半场 12',1-0
德扬接球后转身,下半场 12',1-0
禁区角上的打门被张思鹏扑住,下半场 12',1-0
这球张思鹏注意力很集中,下半场 12',1-0
舜天前场拿球挑传到边路,下半场 13',1-0
赵和靖这边防守中犯规,下半场 13',1-0
舜天前场右路底线附近的任意球,下半场 14',1-0
李昂任意球送禁区内,下半场 14',1-0
杨智扑球后打在防守球员身上,下半场 14',1-0
两队三名球员都是冲抢过去,下半场 14',1-0
最后球是碰到舜天球员出了底线,下半场 14',1-0
杨智这边开门球失误了,下半场 15',1-0
徐云龙这边后场防守的时候犯规,下半场 16',1-0
李昂再来主罚,下半场 16',1-0
李昂的任意球还是很有威胁的,下半场 17',1-0
任意球送禁区内，任航头球一蹭后击中了立柱！！,下半场 17',1-0
国安这边的后防要小心了,下半场 18',1-0
朴成中场拿球险些被断,下半场 18',1-0
马季奇拿球给到了左路,下半场 18',1-0
巴塔拉中场拿球被放倒,下半场 18',1-0
李昂得到一张黄牌！,下半场 19',1-0
国安队任意球送禁区前沿,下半场 19',1-0
周挺这边有打门的机会,下半场 19',1-0
但这球没有传出来,下半场 19',1-0
周挺右路下底送禁区后点,下半场 19',1-0
张稀哲俯冲头球攻门顶偏了,下半场 19',1-0
国安队这边要准备换人了,下半场 20',1-0
于大宝在场边等候,下半场 21',1-0
国安队长传直接出了边线,下半场 22',1-0
国安队换人,下半场 22',1-0
..朴成下，于大宝上！,下半场 22',1-0
张池明右路防守,下半场 23',1-0
跟周挺配合后将球让了出去,下半场 23',1-0
这球裁判给了一个角球,下半场 23',1-0
周挺这边得到一张黄牌！,下半场 23',1-0
周挺这边并不冷静,下半场 23',1-0
舜天角球送禁区内,下半场 23',1-0
舜天这边头球顶下来,下半场 24',1-0
第二点的时候裁判吹了犯规,下半场 24',1-0
舜天左路传球到禁区内,下半场 24',1-0
卡尔坦森无人看防推射！！,下半场 25',1-0
这球打高了啊,下半场 25',1-0
这球是非常的危险,下半场 25',1-0
舜天右路送直塞打国安队身后,下半场 25',1-0
雷腾龙这边保护后将球然给了杨智,下半场 26',1-0
这球雷腾龙做的不错,下半场 26',1-0
孙可右路拿球到了禁区里,下半场 27',1-0
横敲被国安队封堵,下半场 27',1-0
国安队前场撞墙配合,下半场 28',1-0
最后的一下进攻失误了,下半场 28',1-0
中场，吴曦拿球被雷腾龙铲倒,下半场 28',1-0
这球裁判并没有出牌,下半场 28',1-0
这应该是一个出牌的动作,下半场 28',1-0
舜天任意球发出来给到了右路,下半场 28',1-0
孙可这边套边上来并没有拿到,下半场 29',1-0
再抢的时候对徐云龙犯规,下半场 29',1-0
舜天这边准备换人,下半场 29',1-0
吉翔要准备上场,下半场 29',1-0
舜天换人了,下半场 29',1-0
吴曦下，吉翔上,下半场 29',1-0
舜天这边也是要攻出来,下半场 30',1-0
还是想要拿分,下半场 30',1-0
巴塔拉中场拿球被铲倒,下半场 31',1-0
孙可这下铲球也是受伤了,下半场 31',1-0
巴塔拉被铲倒的时候，膝盖碰了自己,下半场 31',1-0
这球铲的有些鲁莽,下半场 32',1-0
河大成这边要准备上场,下半场 32',1-0
国安队这边传球出现了失误,下半场 32',1-0
于大宝禁区内垫射,下半场 33',1-0
这球没有打上力量啊,下半场 33',1-0
于大宝也觉得这球比较可惜,下半场 34',1-0
国安队换人,下半场 34',1-0
张池明下，河大成上！,下半场 34',1-0
巴塔拉回到了前腰的位置上,下半场 34',1-0
舜天前场获得定位球,下半场 36',1-0
李昂任意球送禁区内,下半场 36',1-0
国安队这边先将球解围了出去,下半场 36',1-0
舜天前场左路传球出现失误,下半场 39',1-0
吉翔这边没有拿到球,下半场 39',1-0
康斯坦丁这边防守中犯规了,下半场 39',1-0
全场比赛已经临近尾声了,下半场 40',1-0
国安队这边也是有意的将球控制在脚下,下半场 40',1-0
张稀哲拿球给到右路,下半场 40',1-0
周挺这边助攻上来,下半场 40',1-0
于大宝拿球给到禁区内,下半场 40',1-0
巴塔拉这边第一下没有拿到,下半场 40',1-0
国安队换人,下半场 40',1-0
德扬下，克莱伯上！,下半场 41',1-0
周挺右路起球被舜天解围,下半场 41',1-0
舜天这边也换人,下半场 41',1-0
埃斯库德罗下，戈伟上,下半场 42',1-0
赵和靖中场拼抢的时候犯规,下半场 42',1-0
李昂任意球送到禁区内,下半场 42',1-0
这球打得特别深，杨智将球摘到,下半场 42',1-0
任航这边先冲撞了门将,下半场 42',1-0
巴塔拉回撤来接球,下半场 43',1-0
马季奇将球打到底线,下半场 43',1-0
河大成接球被吉翔破坏,下半场 44',1-0
国安队这段时间打得特别耐心,下半场 44',1-0
马季奇禁区弧顶拿球,下半场 44',1-0
张稀哲左路起球送后点,下半场 44',1-0
这球传过了,下半场 45',1-0
国安队禁区外围打门,下半场 45',1-0
张思鹏扑球出现脱手,下半场 45',1-0
可惜第二落点是舜天的,下半场 45',1-0
下半场补时4分钟！,下半场 45',1-0
国安队还在控制球权,下半场 47',1-0
舜天这边很难抢到球,下半场 47',1-0
舜天右路拿球送底线,下半场 47',1-0
卡尔坦森突破的时候先手球了,下半场 48',1-0
卡尔坦森也是急了,下半场 48',1-0
慢镜头回放，这球是打在赵和靖的手上,下半场 48',1-0
河大成拿球被李昂侵犯,下半场 49',1-0
国安队前场的任意球,下半场 49',1-0
任意球还是传了出来,下半场 49',1-0
于大宝脚后跟传球,下半场 49',1-0
张稀哲这边没有意识到,下半场 49',1-0
马季奇中场边路防守犯规,下半场 49',1-0
裁判还在给时间,下半场 50',1-0
舜天任意球直接打到前场,下半场 50',1-0
舜天头球点了一下,下半场 50',1-0
禁区内，国安队抢到第二点,下半场 50',1-0
全场比赛结束！,完赛,1-0
最终北京国安队1-0战胜了江苏舜天,完赛,1-0
拿下比赛后，国安队在联赛中取得两连胜,完赛,1-0
在积分上国安队也是紧咬前面的几支球队,完赛,1-0
今天张稀哲也是收获了重回国安的首球,完赛,1-0
今天的比赛就为大家解说到这里，欢迎您继续关注新浪体育为您送上的其他精彩赛事直播节目，谢谢！,完赛,1-0
