新浪体育将在北京时间10月17号19：35为朋友们带来中超联赛北京国安与广州富力的较量，欢迎大家届时收看！,未赛,0-0
自从升上中超之后，富力在工体从来没有拿过1分，甚至连进球都没有取得。不过这一次富力队员显得非常有信心，前场大将汪嵩就表示：我们这次打国安就是奔着胜利来的,未赛,0-0
凭借此前两轮取得连胜的表现，国安以53分积分提升到了积分榜第3位，这个排名意味着将稳获下赛季亚冠门票，因此“保3”就是国安剩余联赛的最重要课题,未赛,0-0
本赛季国安主场11胜2平保持不败，从这个数据看国安继续赢球的可能性极大，富力想在本轮抢分的难度极大。,未赛,0-0
积28分列积分榜第11位的富力仍处在保级战团内，错综的保级战团局面下，富力必须努力抢分。本赛季富力客场战绩为3胜3平7负。,未赛,0-0
各位网友大家晚上好！稍后将为朋友们带来中超联赛广州富力与北京国安的比赛，欢迎大家收看,未赛,0-0
北京国安首发：守门员：22-杨智后卫：4-周挺 13-徐云龙 5-马季奇 31-赵和靖 中场：16-河大成 8-朴成 19-于大宝 17-巴塔拉 27-张稀哲 前锋：10-德扬,未赛,0-0
替补名单：12-侯森 2-李运秋 7-张池明 11-宋博轩 23-陈志钊 29-邵佳一 ,未赛,0-0
替补名单：12-侯森 2-李运秋 7-张池明 11-宋博轩 23-陈志钊 29-邵佳一 35-李提香 ,未赛,0-0
广州富力首发：守门员：1-程月磊后卫：11-姜志鹏 3-于洋 4-金洋洋 5-张耀坤 18-张远中场：6-汪嵩 7-姜宁 10-米切尔 23-卢琳前锋：31-雷纳尔迪尼奥,未赛,0-0
双方队员入场,未赛,0-0
主裁判一声哨响，上半场比赛开始,上半场,0-0
北京国安队身穿传统的绿色队服，广州富力队身穿白色队服,上半场 1',0-0
对于广州富力队来说他们手中的法宝就是五后卫的体系，今天能否发挥作用？,上半场 1',0-0
北京国安队右路的斜长传，张耀坤冒顶啦，不过德扬也没有意识到，没收这大礼！,上半场 2',0-0
对于比赛的欲望都非常强烈呀～是北京国安队的保三还是广州富力队的保级呢？,上半场 4',0-0
北京国安队右路推进，朴成的传球出了边线,上半场 4',0-0
北京国安队中场抢断，巴塔亚准备拎球过人，没有成功，球被对方断了,上半场 5',0-0
双方加强了在中场的拼抢,上半场 5',0-0
姜至鹏左路准备人球分过没有成功,上半场 5',0-0
张稀哲在前场的逼抢中推人犯规～,上半场 6',0-0
北京国安队的进攻赢得一个角球机会，开前点被后卫顶出,上半场 7',0-0
角球再开到禁区内，第一点被防守队员挡了一下，徐云龙拔脚劲射打在防守队员的身上弹出了底线,上半场 8',0-0
北京国安队获得第三个角球机会,上半场 8',0-0
角球开到禁区内，被门将得到,上半场 8',0-0
巴塔亚左侧控球，回敲球到了，朴成的脚下，横向盘带转移给张稀哲的脚下，一扣晃过防守直塞球给了朴成,上半场 9',0-0
朴成背身拿球，面对贴防回敲，周挺的传球被门将得到,上半场 9',0-0
雷纳尔迪尼奥拿球被周挺给放倒了,上半场 10',0-0
雷纳尔迪尼奥痛苦倒在地上,上半场 10',0-0
捂着自己的膝盖,上半场 10',0-0
雷纳尔迪尼奥被扶下了场,上半场 11',0-0
北京国安队后场控球，徐云龙拿球，转移到赵和靖的脚下,上半场 12',0-0
雷纳尔迪尼奥回到了场上,上半场 12',0-0
汪嵩禁区左侧控球，横敲门前被挡出来,上半场 12',0-0
雷纳尔迪尼奥控球，转移给姜至鹏，后者的传中球被拦截,上半场 12',0-0
北京国安队前场界外球掷到场内，河大成分球，转移到左侧,上半场 15',0-0
广州富力队的退防真快，投入进攻的兵力比较少,上半场 15',0-0
周挺界外球掷到场内，巴塔亚交给朴成，再转移回来,上半场 15',0-0
禁区内张稀哲的打门打在防守队员身上出了底线,上半场 16',0-0
北京国安队获得角球机会，张稀哲来主罚,上半场 16',0-0
角球开到禁区内，第一点被防守队员抢到顶出来，张稀哲再传中又没有过顶,上半场 16',0-0
河大成中场抢断，转移给朴成，推进交到张稀哲的脚下,上半场 17',0-0
于大宝进球！！！,上半场 17',0-0
比赛进行到17分钟，张稀哲挑传到禁区内，于大宝抢点打门击中左侧立柱反弹进入网内,上半场 18',1-0
北京国安队打破了场上的僵局！,上半场 19',1-0
广州富力队比分落后，防守反击的战术不能继续下去，接下来他们必须压出来打啦,上半场 19',1-0
姜宁控球，左路的传球打在马季奇的身上出了边线,上半场 19',1-0
广州富力队界外球掷到场内，姜宁横敲中路,上半场 20',1-0
金洋洋转移球到张耀坤的脚下，直传球被朴成得到,上半场 20',1-0
北京国安队中路的长传球找德扬，不过边裁判举旗，越位了！,上半场 20',1-0
比赛进行20分钟了！,上半场 20',1-0
北京国安队左路的传球被顶出来，外围周挺继续控球,上半场 22',1-0
北京国安队中路的长传球到禁区内，德扬胸部停球，转身打门，高了！,上半场 23',1-0
广州富力队左侧控球，斜长传找到卢琳，不过越位了～,上半场 24',1-0
控球率上北京国安队61％，广州富力队39％！,上半场 25',1-0
广州富力队中场抢断，雷纳尔迪尼奥拿球遭到夹击，传给姜至鹏，后者拿球被周挺倒地铲断，姜至鹏反抢时犯规,上半场 25',1-0
张稀哲交给河大成，转移球到赵和靖的脚下,上半场 26',1-0
德扬拿球转身推进，球被于洋破坏出边线,上半场 26',1-0
赵和靖界外球掷到场内，盘带转移到了右侧张稀哲的脚下，回敲给周挺,上半场 26',1-0
朴成接球直塞给了德扬，后者禁区内手球啦,上半场 27',1-0
赵和靖后场抢断，长传球到中场被对方拦截,上半场 27',1-0
中场的冲抢中雷纳尔迪尼奥犯规了,上半场 28',1-0
今天的主裁判是王迪,上半场 28',1-0
广州富力队一名队员受伤倒在地上,上半场 29',1-0
广州富力队中场抢断，于洋一脚直长传太急了些，直接交给了门将,上半场 30',1-0
巴塔亚拿球，转移给张稀哲，后者的传中,上半场 31',1-0
德扬进球，不过裁判吹哨，越位了,上半场 31',1-0
赵和靖拿突破没有成功，广州富力队左路的解围球又被河大成得到,上半场 31',1-0
慢镜回放：张稀哲右路的传中球，后点于大宝争顶与对方撞在一起倒地，跟着德扬的补射打在了倒地的于大宝的身上变线飞入网内！,上半场 32',1-0
如果不碰于大宝这球不越位，但当然也难进哟！,上半场 33',1-0
北京国安队的进攻赢得一个角球机会，发战术角球，右路的传球被拦截,上半场 33',1-0
广州富力队快速打反击，姜宁突入到禁区内面对门将的打门，被杨智用腿挡出了底线,上半场 33',1-0
广州富力队获得角球机会,上半场 33',1-0
雷纳尔迪尼奥主罚角球,上半场 34',1-0
雷纳尔迪尼奥角球开到禁区内，金洋洋抢点成功，不过头球顶得太不舒服，直飞向高空呀,上半场 34',1-0
赵和靖界外球掷到场内，广州富力队断了，反击投入兵力太少，轻松被北京国安队的后场得到,上半场 35',1-0
姜至鹏拿球遭到夹击球被断了,上半场 35',1-0
广州富力队分球转移到左侧，卢琳停球出了边线,上半场 36',1-0
北京国安队控球，朴成转移球到右侧周挺的脚下，二过一给了张稀哲，传后点,上半场 38',1-0
外围的打门被挡出来，北京国安队外围继续控球,上半场 38',1-0
镜头给了在球门线上漫步的杨智，今天比较轻松呀～,上半场 39',1-0
广州富力队中场控球，长传球找姜至鹏，越位了～,上半场 39',1-0
比赛进行到40分钟了,上半场 41',1-0
马季奇中场拦截，转移给朴成，再交到德扬的脚下,上半场 42',1-0
德扬准备快速推进，与对方对脚啦～,上半场 42',1-0
金洋洋倒地滑铲踢到了德扬的腿挡板上,上半场 43',1-0
雷纳尔迪尼奥又一次越位～,上半场 44',1-0
中场的拼抢中雷纳尔迪尼奥被放倒了～,上半场 45',1-0
姜至鹏控球，横向转移球到中路，直接的长传球被杨智得到,上半场 45',1-0
张稀哲中趟球趟大了,上半场 46',1-0
张稀哲倒地铲球踢到了米切尔的腿上！,上半场 46',1-0
张稀哲被主裁判黄牌警告，这是本场比赛的第一张黄牌！,上半场 46',1-0
上半场比赛补时2分钟,上半场 46',1-0
北京国安队控球，朴成带球推进，交给巴塔亚，后者再分球力量小了,上半场 47',1-0
马季奇后场抢断，交给张稀哲，转移给朴成，斜塞给了德扬,上半场 47',1-0
德扬突入禁区内的打门，直接偏了！这球传出来更好一些呀，中路包抄的于大宝在要球呢，德扬没给,上半场 47',1-0
主裁判一声哨响，上半场比赛结束,上半场 48',1-0
凭借于大宝的一粒进球，北京国安队主场以1－0暂时领先广州富力队！,中场,1-0
下半场比赛开始,下半场,1-0
中场的争顶中于大宝被顶到了腰部，摔倒在地上,下半场 1',1-0
北京国安队获得前场左侧的任意球机会,下半场 1',1-0
任意球开到禁区内，于洋头球顶下来，球落在张稀哲的脚下，推射被门将扑出来,下半场 2',1-0
德扬右路的传中球，对方后卫抢在于大宝前把球顶出来,下半场 3',1-0
张耀坤后场控球，中路传球被对方挡出来,下半场 4',1-0
德扬拿球遭到夹击，转移给了于大宝,下半场 4',1-0
赵和靖控球，交给于大宝，拿球在边线，遭到夹击,下半场 5',1-0
朴成中路接球，转移到右侧组织进攻,下半场 5',1-0
于大宝梅开二度！！,下半场 5',1-0
张稀哲右路突破回敲，中路于大宝跟上推射破门再下一城！,下半场 6',2-0
姜至鹏左侧控球，在对方的逼抢下选择回传,下半场 7',2-0
广州富力队斜传，张远右路下底回传，不过跟进队员的打门偏了,下半场 7',2-0
广州富力队换人：米切尔下场换上了阿隆,下半场 8',2-0
北京国安队右路推进，张稀哲的传球被对方顶了回来，赵和靖再抢时手球了,下半场 8',2-0
朴成横传球给巴塔亚，再转移到河大成的脚下，后者的传球力量小了,下半场 10',2-0
雷纳尔迪尼奥传球找阿隆，后者越位了～,下半场 10',2-0
北京国安队后场控球，赵和靖在卢琳的追抢下回传给了杨智,下半场 12',2-0
两球落后的广州富力队要加强攻势啦！,下半场 12',2-0
马季奇后场拦截，交给河大成，再转移到了朴成的脚下，后者带球推进,下半场 12',2-0
控球率北京国安队58％，广州富力队42％，这数据有所上升啦,下半场 14',2-0
卢琳拿球直传球交给雷纳尔迪尼奥，回敲球转移给姜宁,下半场 14',2-0
姜宁的传球被徐云龙拦截下来,下半场 14',2-0
朴成横向盘带，转移给张稀哲，禁区弧顶的直塞球被拦截了,下半场 15',2-0
比赛进行60分钟了，场上比分北京国安队2－0领先广州富力队！,下半场 16',2-0
广州富力队换人：雷纳尔迪尼奥下场换上王晓龙！,下半场 18',2-0
张稀哲前场冲抢成功横传中路，德扬积极前插，还是慢了半步，球被金洋洋倒地捅了一下，门将没收,下半场 18',2-0
卢琳冲抢把球带出了边线，赵和靖掷后场的界外球,下半场 19',2-0
德扬前场拿球，甩开防守交给了张稀哲后前插，张稀哲再传被挡出来,下半场 20',2-0
北京国安队中场控球，交到右侧周挺直传球被挡回来，马季奇控制一下节奏，转移给周挺,下半场 21',2-0
中路朴成接应，交给周挺，再转移到右侧巴塔亚的脚下，分球给于大宝,下半场 21',2-0
北京国安队渗透到前场，于大宝交到禁区内，巴塔亚的打门被门将扑了下，没收！,下半场 22',2-0
广州富力队左侧控球，王晓龙回敲球给汪嵩，再逼抢下回传,下半场 24',2-0
广州富力队中路的斜长传转移被张稀哲拦截下来，交到左路发动进攻,下半场 24',2-0
河大成传球给朴成，禁区前沿准备大力射门被挡出来,下半场 25',2-0
北京国安队准备换人，张池明准备上场,下半场 26',2-0
比赛进行70分钟！,下半场 26',2-0
张池明上场换下了于大宝！,下半场 27',2-0
广州富力队左路的传球被徐云龙破坏出来,下半场 28',2-0
张池明右路传球到禁区内，巴塔亚过渡，德扬的打门被姜至鹏倒地挡出来,下半场 28',2-0
叶楚贵上场,下半场 29',2-0
北京国安队中路的直塞找德扬，又是于洋补位把球破坏出来,下半场 30',2-0
朴成中场抢断，转移给周挺，带球推进到禁区前沿转移到右侧,下半场 31',2-0
张池明右路横敲，德扬的头球攻偏出了底线,下半场 32',2-0
巴塔亚斜传转移到右侧，力量太大啦，周挺奋力的追赶，也没有赶上球的速度！,下半场 33',2-0
巴塔亚举手向周挺示意一下，抱歉呀～,下半场 33',2-0
王晓龙前场左侧控球，晃过了马季奇突入禁区内的打门被杨智挡出来，徐云龙跟进解围！,下半场 33',2-0
邵佳一准备上场,下半场 33',2-0
邵佳一上场换下了巴塔亚,下半场 34',2-0
广州富力队此前用叶楚贵换下的是卢琳,下半场 35',2-0
广州富力队已经用完了三个换人的名额！,下半场 35',2-0
北京国安队还有一张牌没有出呢，不过广州富力队的换人没有起到立杆见影的地步,下半场 35',2-0
广州富力队右侧控球，叶楚贵的传球被挡出来,下半场 37',2-0
广州富力队的进攻赢得一个角球机会，汪嵩来主罚，开到禁区内,下半场 38',2-0
张稀哲解围出禁区内！,下半场 38',2-0
张稀哲拿球强行突破没有成功,下半场 38',2-0
阿隆中场停球也停大了！双方错进错出，球权回到北京国安队的脚下！,下半场 39',2-0
北京国安队右侧控球，转移到中路朴成的脚下，再分球给周挺,下半场 39',2-0
周挺传球差点被对方断下来，张稀哲还是脚下快呀,下半场 39',2-0
禁区弧顶德扬的劲射被程月磊飞身扑出了底线,下半场 39',2-0
北京国安队获得角球机会,下半场 40',2-0
发战术角球，右路的起球传中，德扬头球攻门顶在了顶网上,下半场 40',2-0
金洋洋受伤倒在地上,下半场 41',2-0
中场的争抢中王晓龙犯规，吃到一张黄牌！,下半场 42',2-0
王晓龙护球，赵和靖上来冲抢还没有跑过来，王晓龙的右胳膊就伸过去，把赵和靖给推倒了！,下半场 43',2-0
王晓龙对裁判出示黄牌很不满意呀,下半场 43',2-0
张池明反越位成功突入了禁区内，不过面对门将出球犹豫了,下半场 44',2-0
再想射门没有机会啦,下半场 44',2-0
宋博轩上场换下了张稀哲,下半场 44',2-0
北京国安队也用完了三个换人的名额,下半场 44',2-0
下半场比赛将要补时4分钟！,下半场 44',2-0
广州富力队后场控球，转移到于洋的脚下，再分球到右侧王晓龙接应,下半场 46',2-0
广州富力队右侧控球，汪嵩拿球遭到夹击，传球力量小了,下半场 46',2-0
朴成后场控球，转移到徐云龙的脚下,下半场 46',2-0
赵和靖控球，转移到左侧给宋博轩,下半场 47',2-0
拼球真够惨虺呀！,下半场 47',2-0
北京国安队中场控球！,下半场 48',2-0
主裁判一声哨响，全场比赛结束！,下半场 49',2-0
凭借于大宝的梅开二度，北京国安队主场以2－0击败广州富力队全取三分！,完赛,2-0
本场比赛就为朋友们直播到这儿，感谢大家收看，我们下次直播再见,完赛,2-0
