北京时间8月12日19点35分，新浪体育将为大家直播中超第二十二轮北京国安VS鲁能泰山，欢迎各位准时关注！！,未赛,0-0
由于东亚杯的缘故，中超联赛获得了超过两周的间歇期，鲁能多数将帅获得了难得的休整机会。不过随着东亚杯的结束，鲁能的第22轮联赛明晚就将展开，对手是直接争冠对手北京国安，这一战的重要性不言而喻,未赛,0-0
为了更好地准备该场比赛，鲁能五名国脚昨天上午便从武汉赶回济南，投入备战。令人遗憾的是，王永珀此前肺部受挫，在昨天复查伤情过后，医生还是认为王永珀不具备登场条件，王永珀将缺席此次北京之旅。,未赛,0-0
一提到鲁能和国安，很多球迷的第一印象就是冤家。不过在很多年前，“京鲁一家亲”才是佳话。鲁能1999年的联赛冠军，正是凭借着国安球员高雷雷对辽足的那脚世界波。不过随着近两个赛季双方焦点球员的争议表现，两家一会面，定是杀个鱼死网破。,未赛,0-0
2013赛季的鲁能在联赛中拿到亚军成绩，即便如此，在鲁能客战国安时，鲁能还是被全场杀红眼的国安3比0痛击。那场比赛过后，鲁能每每遇到国安，总会迸发出惊人的能量。,未赛,0-0
2014赛季的京鲁对决可谓给双方结下了梁子。鲁能在联赛客战中，洛维戴帽，3比0完胜国安，那场比赛中戴琳制造格隆的红牌，至今仍被国安球迷诟病。,未赛,0-0
本赛季的鲁能和国安同样值得称道。双方一直在联赛前列，堪称顶级强队，不过鲁能在主场战国安时，在前场外援几乎非伤及停赛的局面下，硬是3比0横扫国安，这也让明晚一战对于国安而言，充溢着复仇的味道,未赛,0-0
值得一提的是，如今的鲁能落后领头羊上港2分，而国安已经落后上港4分，一旦国安落败，他们很可能将掉出争冠行列。面对如此状况的国安，鲁能切莫掉以轻心。,未赛,0-0
大家晚上好,未赛,0-0
北京国安首发:22-杨智；31-赵和靖、30-雷腾龙、13-徐云龙、4-周挺；5-马季奇、8-朴成、17-巴塔拉、27-张稀哲、23-陈志钊；10-德扬,未赛,0-0
替补名单:12-侯森、2-李运秋、3-李磊、7-张池明、19-于大宝、29-邵佳一、33-克莱伯,未赛,0-0
山东鲁能首发:23-王大雷；6-郑铮、3-戴琳、16-汪强、12-金敬道；4-尤西雷、5-乌索、21-阿洛伊西奥、22-蒿俊闵、9-塔尔德利；19-杨旭,未赛,0-0
替补名单:20-韩镕泽、7-张文钊、10-蒙蒂略、11-刘彬彬、14-王彤、17-吴兴涵、18-韩鹏,未赛,0-0
双方队员入场，奏国歌仪式,未赛,0-0
上半场比赛开始,上半场 1',0-0
鲁能泰山队右路长传前场，阿洛伊西奥没有接好，球出边线,上半场 1',0-0
界外球发出来，北京国安队左路长传进攻,上半场 1',0-0
双方在中场拼得比较凶！,上半场 2',0-0
金敬道在前场争抢犯规！！吃到了黄牌,上半场 2',0-0
雷腾龙传球后，金敬道背后铲抢犯规，这动作有些大,上半场 2',0-0
金敬道作为后场球员，过早的吃黄牌，对后面的比赛不利,上半场 3',0-0
尤西雷中场左路上抢断球，回带球马季奇抢球犯规,上半场 3',0-0
马季奇自选了？上前与对手争执，这犯规没有争议啊,上半场 3',0-0
马季奇和塔尔德利发生了争执！头顶头啊！,上半场 4',0-0
蒿俊闵中场得球直传，没有队员跟上,上半场 4',0-0
塔尔德利中场得球长传前场！！阿洛伊西奥接球突破到弧顶内，赵和靖背后犯规！！这动作是吃牌子的动作,上半场 5',0-0
什么颜色呢？,上半场 5',0-0
主裁判考虑一下，给了黄牌！,上半场 5',0-0
这两张黄牌，吊起了观众的胃口！,上半场 6',0-0
任意球直接打门，打在人墙上弹回来,上半场 6',0-0
北京国安队进球，德扬，1-0,上半场 7',1-0
北京国安队左路直传球，有点越位啊！助理裁判没有吹，横传到禁区内，德扬抢点打门球进！,上半场 8',1-0
这个进球有效！场上的比分变成1-0！,上半场 8',1-0
北京国安队左路下底突破，戴琳把球铲出底线,上半场 9',1-0
北京国安队发角球到禁区内，徐云龙头球顶门，高出,上半场 9',1-0
这段时间北京国安队的攻势好猛！,上半场 9',1-0
鲁能泰山队右路长传前场，塔尔德利杀到，杨智出击把球破坏出边线,上半场 10',1-0
中场杨旭上抢，对方手肘回击，打在了杨旭的眼上,上半场 11',1-0
杨旭受伤倒在地上,上半场 12',1-0
鲁能泰山队右路攻到胶场，斜传禁区，对方破坏出来,上半场 12',1-0
北京国安队左路反击，到中场受阻，把球回传,上半场 12',1-0
汪强后场得球，大脚长传前场右路，杨旭背后抢位置推人犯规,上半场 12',1-0
北京国安队回传门将，对方上抢，杨智把球开出边线,上半场 13',1-0
北京国安队左路攻到前场，对方包夹把球破坏,上半场 14',1-0
乌索后场连续拼抢，倒地没铲到球，犯规啦,上半场 15',1-0
任意球发出来，北京国安队左路直传，被破坏出来,上半场 15',1-0
戴琳后场断球，直传给塔尔德利，塔尔德利回传失误,上半场 15',1-0
金敬道中场抢球犯规，要注意啊！已经染黄！,上半场 15',1-0
尤西雷右路底线接球，在对方逼抢下横传想给汪强，没想到德扬已经到位，好悬啊！汪强把球破坏,上半场 16',1-0
界外球发出来，北京国安队右路横传，马季奇挑传球，出边线,上半场 16',1-0
前场北京国安队断球，直传禁区，乌索把球破坏,上半场 17',1-0
朴成前场突破，蒿俊闵抢球犯规,上半场 17',1-0
鲁能泰山队换人：王彤上场换下金敬道！,上半场 17',1-0
金敬道吃牌子太早啦！！这是非常危险的,上半场 17',1-0
任意球发到禁区内，鲁能泰山队得球反击,上半场 18',1-0
徐云龙左路拿球，杨旭抢断反击,上半场 18',1-0
塔尔德利左路攻到前场，横带后突然一脚打门，没打上力量！,上半场 18',1-0
阿洛伊西奥左路接队友传球，横传禁区，杨旭越位回接,上半场 20',1-0
后场北京国安队断球，左路发动进攻，到中场转移到右路,上半场 20',1-0
中场北京国安队传球失误，球出边线,上半场 21',1-0
界外球发出来，裁判哨响，杨旭抢球犯规,上半场 22',1-0
周挺右路接球，回传后场,上半场 22',1-0
北京国安队长传球到前场，外围的远射，被挡出来,上半场 23',1-0
鲁能泰山队长传前场，找杨旭，直接送到了杨智怀里,上半场 23',1-0
请各位网友文明聊天文明评球，做文明球迷！好的评论我给大家上墙！,上半场 24',1-0
巴塔拉右路突破，在尤西雷的逼抢下没能传好,上半场 24',1-0
后场鲁能泰山队得球长传，阿洛伊西奥越位,上半场 25',1-0
塔尔德利右路带球强突，对方把球截断,上半场 26',1-0
王彤右路抢到球，赵和靖危险动作！！！,上半场 26',1-0
戴琳上前推倒了赵和靖！！主裁判果断给戴琳出示了黄牌！！！,上半场 27',1-0
阿洛伊西奥左路突破直传球，出边线,上半场 27',1-0
其实戴琳就是太不冷静！！如果不推人的话，裁判会警告赵和靖！,上半场 27',1-0
阿洛伊西奥中场抢球犯规，放倒了周挺,上半场 28',1-0
如果赵和靖没有黄牌的话，这次肯定吃牌子！如果戴琳冷静的话不推人，也许会给赵和靖口头警告！戴琳这一推不打紧，把矛盾的焦点到了自己的身上！,上半场 28',1-0
乌索后场抢球犯规，放倒了张稀哲，北京国安队得到前场任意球机会,上半场 29',1-0
任意球发到禁区内，王大雷把球打出来,上半场 29',1-0
郑铮后场左路控球，徐云龙上抢犯规,上半场 29',1-0
徐云龙大爷脾气上来啦，与助理裁判争论不休！吃到了黄牌,上半场 30',1-0
鲁能泰山队左路长传前场，杨旭争顶被抗倒！,上半场 30',1-0
鲁能泰山队得到前场左路任意球机会,上半场 31',1-0
任意球发到禁区内，对方顶出来，尤西雷右路横传禁区，对方破坏出来,上半场 32',1-0
塔尔德利突破传禁区，徐云龙把球顶出底线，角球,上半场 32',1-0
战术角球发出来，郑铮挑传，几名队员越位啊，直接传出底线,上半场 32',1-0
马季奇中场铲倒了乌索！这是给牌子的动作,上半场 33',1-0
主裁判没有出牌子的意思，鲁能泰山队的球员不愿意啦！,上半场 33',1-0
王彤右路下底横传，对方把球破坏出边线,上半场 34',1-0
汪强后场得球，长传前场,上半场 34',1-0
陈志钊右路突破横传禁区，对方破坏出来，北京国安队远射被王大雷挡出,上半场 35',1-0
目前1-0的比分不保险，北京国安队在加强进攻！鲁能泰山队要扳回比分，也在加强进攻！,上半场 35',1-0
界外球发出来传到禁区内，汪强头球象顶门，顶出底线！,上半场 35',1-0
北京国安队得到了角球机会,上半场 36',1-0
角球发到禁区内，对方头球解围出来,上半场 36',1-0
巴塔拉右路横传禁区，徐云龙左脚打门，王大雷没收！,上半场 36',1-0
北京国安队右路攻到前场，周挺突破横传,上半场 37',1-0
巴塔亚右路斜传禁区，对方把球破坏出来,上半场 37',1-0
巴塔拉外围远射，偏出！,上半场 37',1-0
王彤后场断球，大脚长传出边线,上半场 39',1-0
赵和靖传球到禁区内，王大雷没收,上半场 39',1-0
乌索左路直传球，杨旭回传,上半场 40',1-0
鲁能泰山队长传前场右路，王彤的速度好快，对方把球破坏出底线,上半场 40',1-0
鲁能泰山队得到角球机会,上半场 40',1-0
蒿俊闵发角球到禁区内，对方顶出来，外围戴琳远射被挡出,上半场 41',1-0
北京国安队长传前场，戴琳大脚破坏,上半场 41',1-0
由于过早的丢球，鲁能泰山队打得有些急燥！,上半场 42',1-0
杨旭在前场得球突破到禁区内，一脚劲射被杨智扑出！,上半场 42',1-0
鲁能泰山队得到角球机会,上半场 42',1-0
角球发到禁区内，对方破坏出来,上半场 43',1-0
汪强紧逼下底，马季奇回防，双方争抢出底线,上半场 43',1-0
赵和靖后场左路接球，尤西雷上抢出边线,上半场 44',1-0
北京国安队右路下底传中，尤西雷还回传啊，王大雷把球开出边线,上半场 45',1-0
界外球发出来，周挺横传禁区，戴琳将球破坏出底线,上半场 45',1-0
上半场比赛要补时 1 分钟,上半场 45',1-0
战术角球发出来，横传到左路,上半场 46',1-0
鲁能泰山队断球反击，乌索回传球失误,上半场 46',1-0
阿洛伊西奥接球突破一脚远射，打偏！,上半场 46',1-0
上半场比赛结束，北京国安队凭借德扬的进球，1-0领先鲁能泰山队！,上半场 47',1-0
由于上半场过早丢球，鲁能泰山队打得有些急燥，没能很好的发挥,上半场 47',1-0
北京国安队进球后也还有不少的机会，但没能再扩大比分！,中场,1-0
稍事休息再回来关注下半场比赛,中场,1-0
鲁能泰山队进行了人员调整，刘彬彬换下戴琳,中场,1-0
下半场比赛开始,下半场 1',1-0
乌索后场传球，巴塔拉护球出边线,下半场 1',1-0
北京国安队前场右路界外球机会,下半场 1',1-0
界外球发出来，北京国安队传到禁区内，打门！王大雷扑出！,下半场 2',1-0
北京国安队进球啦！2-0,下半场 2',2-0
进球的是8号朴成！然后受伤倒在地上,下半场 2',2-0
张稀哲左路带球突破横传门前，朴成头球顶门，把球顶进后脸部顶到了郑铮后脑，受伤倒在地上！,下半场 3',2-0
尤西雷长传球到前场，对方把球顶出边线,下半场 4',2-0
界外球发出来，塔尔德利回传，可惜队友再传球丢啦,下半场 4',2-0
蒿俊闵右路突破横传，阿洛伊西奥横传门前，杨旭没能碰到球,下半场 4',2-0
北京国安队长传前场，王大雷出击把球控下来,下半场 4',2-0
刘彬彬右路突破横向带球，造成巴塔拉犯规,下半场 5',2-0
鲁能泰山队得到前场任意球机会,下半场 5',2-0
郑铮发任意球直接打门，被杨智托出！,下半场 6',2-0
鲁能泰山队得到角球机会,下半场 6',2-0
蒿俊闵发角球大了些，球到另一侧，朴成把球破坏出边线,下半场 6',2-0
界外球发出来，北京国安队断球右路反击，尤西雷后场把球抢断下来,下半场 7',2-0
刘彬彬右路突破横传球，马季奇断球发动反击,下半场 8',2-0
北京国安队右路攻到前场，横向突破没能过去，把球回传,下半场 8',2-0
刘彬彬右路带球突破，赵和靖把球铲出边线,下半场 8',2-0
蒿俊闵右路突破直传禁区，对方破坏出来,下半场 9',2-0
鲁能泰山队全力压出来打进攻啦,下半场 9',2-0
鲁能泰山队进球啦！阿洛伊西奥！1-2,下半场 9',2-1
杨旭中前场接球分到左路，塔尔德利突破横传门将，阿洛伊西奥抢点打门球进！,下半场 10',2-1
巴塔拉带球强突，乌索背后犯规，吃到了黄牌！,下半场 10',2-1
北京国安队得到前场任意球机会,下半场 11',2-1
杨旭在与裁判争执！,下半场 11',2-1
主裁判给杨旭出示了黄牌！,下半场 11',2-1
巴塔拉发任意球直接打门，打在人墙上,下半场 12',2-1
刘彬彬左路带球反击，徐云龙把球破坏出边线,下半场 12',2-1
这球是刘彬彬碰出边线，北京国安队发界外球横传进攻,下半场 12',2-1
张稀哲带球突破到禁区内，被对方抢断下来,下半场 13',2-1
张稀哲在前场抢球犯规,下半场 13',2-1
王彤中场抢球犯规,下半场 13',2-1
塔尔德利得球快速反击，巴塔拉战术犯规,下半场 14',2-1
周挺右路带球突破横传禁区，鲁能泰山队得球反击,下半场 14',2-1
刘彬彬右路带球进攻，对方拉人犯规,下半场 14',2-1
郑铮左路突破，对方有阻挡，球出边线，主裁判判给了北京国安队界外球,下半场 14',2-1
周挺的这个动作还是犯规的啊,下半场 15',2-1
德扬在前场抢球犯规，推倒了汪强,下半场 15',2-1
阿洛伊西奥在前场得球，被徐云龙勾倒在地，任意球,下半场 16',2-1
蒿俊闵发任意球到门前，太深了些，被杨智没收,下半场 16',2-1
塔尔德利中场得球，回传给尤西雷,下半场 16',2-1
尤西雷斜传球给右路刘彬彬,下半场 16',2-1
鲁能泰山队挑传球到禁区内，阿洛伊西奥反越位！但他有些犹豫，被杨智出击没收！,下半场 17',2-1
北京国安队中路突破进攻，对方断球,下半场 17',2-1
刘彬彬右路攻到中场，横传给了塔尔德利,下半场 17',2-1
杨旭左路横传禁区，塔尔德利的绝对机会！！一脚推射被杨智挡了一下,下半场 18',2-1
下半场鲁能泰山队有几次好机会，阿洛伊西奥和塔尔德利都没能抓住！,下半场 18',2-1
中场塔尔德利断球，长传前场，被断,下半场 19',2-1
尤西雷后场接球，周挺上抢犯规，吃到了黄牌,下半场 19',2-1
塔尔德利接阿洛伊西奥传球，左路斜传禁区，对方顶了一下到了杨智手里,下半场 20',2-1
北京国安队右路横传禁区，德扬脚下打滑，王大雷没收,下半场 20',2-1
这段时间鲁能泰山队控制着场上的节奏,下半场 21',2-1
郑铮前场左路拿球，看对方逼抢，回传一脚,下半场 22',2-1
郑铮左路带球突破，对方抢球出界,下半场 22',2-1
北京国安队要换人：于大宝上场换下陈志钊,下半场 22',2-1
于大宝是一名善于抓机会的球员！,下半场 22',2-1
德扬右路带球进攻，王彤阻挡犯规，吃到了黄牌,下半场 23',2-1
目前鲁能泰山队已经有五张黄牌！北京国安队有三张！,下半场 23',2-1
北京国安队得到前右翼任意球机会,下半场 23',2-1
任意球发到禁区内后点，没有太大的威胁,下半场 24',2-1
王大雷大脚开球到中场，尤西雷大脚传球，对方手球犯规,下半场 24',2-1
今天到场的观众有五万多人！,下半场 25',2-1
鲁能泰山队换人：蒙蒂略上场换下乌索,下半场 25',2-1
马季奇中场抢球犯规，侵犯了蒙蒂略,下半场 25',2-1
汪强后场得球，长传给塔尔德利,下半场 26',2-1
北京国安队右路攻到前场，横传禁区没能过去,下半场 27',2-1
塔尔德利左路横传禁区，直接送到了杨智的控制范围,下半场 27',2-1
鲁能泰山队长传球到前场，杨旭争抢犯规,下半场 28',2-1
王彤大脚解围到中场，北京国安队断球直传禁区，王大雷出击没收,下半场 29',2-1
鲁能泰山队右路长传球，赵和靖把球破坏出边线,下半场 29',2-1
界外球发出来，鲁能泰山队中路进攻,下半场 29',2-1
尤西雷中路突破，对方犯规,下半场 29',2-1
塔尔德利快发任意球，尤西雷传球失误,下半场 29',2-1
北京国安队三打二啦！！王大雷出击快到中场了，用头球解围！尤西雷回防把球抢断下来！,下半场 30',2-1
蒙蒂略中路突破长传球，力量大啦，球出底线,下半场 30',2-1
北京国安队直传禁区，力量大啦，直接出底线,下半场 31',2-1
王彤后场得球右路反击，德扬背后抢球犯规,下半场 32',2-1
杨旭中场得球分给蒙蒂略，再横传左路想给郑铮，力量小了,下半场 32',2-1
塔尔德利右路直传球，于大宝抢球犯规,下半场 32',2-1
鲁能泰山队得到前场右路任意球机会,下半场 33',2-1
蒙蒂略发任意球到禁区内，对方抢点破坏,下半场 33',2-1
鲁能泰山队再传禁区，德扬把球顶出边线,下半场 33',2-1
阿洛伊西奥禁区内右路强突，在对方三人包夹下倒地,下半场 34',2-1
于大宝在前场争抢犯规,下半场 34',2-1
塔尔德利左路带球进攻丢球,下半场 34',2-1
北京国安队反击，斜传禁区，差一点就打空门，王大雷出击把球没收！,下半场 35',2-1
尤西雷的体能出现了问题，步行者,下半场 35',2-1
北京国安队中路三对三突破，汪强大脚破坏出边线,下半场 36',2-1
朴成在前场抢球犯规，放倒了蒙蒂略,下半场 36',2-1
王彤中场接球，直传给刘彬彬,下半场 37',2-1
刘彬彬右路接球，德扬背后抢球犯规,下半场 37',2-1
于大宝中场抢球又在背后推人犯规,下半场 37',2-1
蒿俊闵右路下底想造个角球，没能成功,下半场 38',2-1
刘彬彬右路斜传禁区，阿洛伊西奥头球摆渡，对方把球控下来,下半场 38',2-1
北京国安队左路横传禁区，后点队员头球过渡，尤西雷把球破坏出来,下半场 39',2-1
阿洛伊西奥右路接球，横向突破到禁区内一脚劲射，被挡出来,下半场 39',2-1
北京国安队进球啦！于大宝！3-1,下半场 40',3-1
德扬左路突破横传禁区，对方放铲没有铲到球，巴塔拉接球后王大雷出击 ，巴塔拉横传后点，于大宝抢点打空门球进！,下半场 41',3-1
北京国安队换上了张池明,下半场 42',3-1
蒙蒂略前场得球自己一脚打门，偏出,下半场 42',3-1
北京国安队换人：克勒贝尔上场，换下了巴塔拉,下半场 43',3-1
杨智发门球故意拖延时间，吃到了黄牌,下半场 43',3-1
更正一下：克勒贝尔换下的是德扬,下半场 43',3-1
北京国安队攻到前场，直传球，克勒贝尔没有越位，打门时被挡了一下由王大雷没收,下半场 45',3-1
蒿俊闵右路拿球直传禁区，跟上队员也到位，但还是被杨智没收,下半场 45',3-1
下半场比赛要补时 4 分钟,下半场 46',3-1
北京国安队长传球，没有越位，传禁区时被王大雷没收,下半场 46',3-1
杨旭前场左路接球回带，张池明抢球犯规,下半场 47',3-1
此前张池明上场换下的是巴塔拉,下半场 47',3-1
鲁能泰山队得到前场左路任意球机会,下半场 47',3-1
蒙蒂略发任意球到禁区内，杨智把球打出来,下半场 47',3-1
鲁能泰山队再从右路斜传禁区，进攻队员犯规，杨旭放倒了雷腾龙,下半场 47',3-1
杨旭左路进攻，对方犯规,下半场 49',3-1
蒙蒂略发任意球到禁区内，对方顶出来,下半场 49',3-1
蒿俊闵右路横传禁区，杨智没收,下半场 49',3-1
全场比赛结束，最终北京国安队主场3-1战胜鲁能泰山队！,下半场 50',3-1
这是一场精彩的比赛，也是激烈对抗的比赛！双方的表现都不错,完赛,3-1
北京国安队抓机会更好一些，最终赢下了比赛,完赛,3-1
祝贺北京国安队在主场拿到三分！,完赛,3-1
本场比赛就给各位直播到这儿,完赛,3-1
我们下次直播再见,完赛,3-1
