大家好，欢迎收看新浪体育为您带来的中超第30轮 上海上港VS辽宁宏运,未赛,0-0
上轮联赛是同时开战的，在上港客场2-0战胜亚泰的比赛结束后，上港已准备庆祝提前锁定亚军位次与亚冠门票,未赛,0-0
随之传来了鲁能补时追平恒大的消息，上港重现争冠希望,未赛,0-0
恒大客场对阵国安的结果难料，上港所需要做的就是在主场拿下辽足,未赛,0-0
联赛后段来上港出现过主场负恒大、主场平永昌的“失分”比赛,未赛,0-0
但近7轮的其他5战均告奏凯，上港的整体稳定性由此可以体现,未赛,0-0
辽足上轮通过主场战胜申花提前完成保级任务，该场也是辽足近4轮来的唯一胜场,未赛,0-0
本赛季上港主场战绩10胜2平2负，辽足客场战绩1胜6平7负,未赛,0-0
自2013赛季来上港对阵辽足1胜2平2负处于下风，主场对阵辽足1平1负,未赛,0-0
但本赛季双方的实力对比显然明显变化，首回合较量上港客场3-1取得了对辽足的中超首胜,未赛,0-0
武磊上轮梅开二度后赛季入球提升到14球，已超越郜林的13球，武磊能否再次成为本土射手王为比赛增添了看点,未赛,0-0
目前两队的首发阵容已经公布,未赛,0-0
上海上港首发：门将：1-颜骏凌；后卫：4-王燊超、5-汪佳捷、27-石柯、32-孙祥；中场：21-于海、8-达维、10-孔卡、6-蔡慧康、7-武磊；前锋：35-吉安,未赛,0-0
辽宁宏运首发：门将：1-张鹭；后卫：32-丁海峰、27-王博、5-杨善平、35-丁捷；中场：16-杨超声、26-秦升、13-埃里克、4-孙世林、20-金泰延；前锋：10-波利,未赛,0-0
让我们来到比赛现场,未赛,0-0
双方球员已经入场了,未赛,0-0
比赛马上开始,未赛,0-0
上半场比赛开始！,上半场 1',0-0
首先开球的是上海上港,上半场 1',0-0
上港今天的比赛很明确就是拿下比赛,上半场 1',0-0
上港右路挑传到底线,上半场 1',0-0
武磊这边接球后下底,上半场 1',0-0
宏运将球挡出底线,上半场 1',0-0
角球送前点,上半场 1',0-0
禁区里的混战被孙世林解围出禁区,上半场 2',0-0
上港右路策动攻势,上半场 2',0-0
底线的下底传到禁区里,上半场 2',0-0
张鹭这边封住近角将球拿到,上半场 2',0-0
于海左路拿球突破被侵犯,上半场 3',0-0
上港前场左路获得定位球机会,上半场 4',0-0
孔卡任意球送前点,上半场 4',0-0
杨善平头球顶了出来,上半场 4',0-0
辽宁宏运这边有机会,上半场 4',0-0
禁区外围，孙世林远射将球打偏,上半场 4',0-0
这球打得并不自行,上半场 4',0-0
上港后场控球，稳一下,上半场 7',0-0
孙祥边路拿球也是在找机会,上半场 7',0-0
上港将球传到禁区内,上半场 8',0-0
石柯抽射被后卫挡了出去,上半场 8',0-0
上港队左路推进,上半场 8',0-0
最后球先出了底线,上半场 8',0-0
吉安中场拿球被侵犯,上半场 9',0-0
辽宁队这边有球员受伤了,上半场 9',0-0
受伤的是秦升,上半场 10',0-0
吉安也是自己有些受伤,上半场 10',0-0
吉安这边的问题并不大,上半场 10',0-0
秦升被抬上担架,上半场 10',0-0
于海左路拿球，在找空挡,上半场 11',0-0
达维将球转移到了右路,上半场 11',0-0
边路长传打身后，直接出了底线,上半场 11',0-0
上港前场左路拿球,上半场 14',0-0
孔卡出球后被放倒,上半场 14',0-0
辽宁队中后场断球,上半场 14',0-0
杨超声传球给波利,上半场 14',0-0
这球传到了波利身后,上半场 14',0-0
吉安前场争抢头球的时候先犯规,上半场 14',0-0
辽宁队今天打得还是比较保守,上半场 14',0-0
丁海峰这边的防守压力也是比较重,上半场 15',0-0
上港队这边又获得角球机会,上半场 15',0-0
角球送前点,上半场 15',0-0
辽宁队先将球解围,上半场 15',0-0
上港边路再传，又是被挡出底线,上半场 15',0-0
角球直接转向球门，张鹭将球击了一下,上半场 15',0-0
张鹭这球没敢拿,上半场 16',0-0
上港将球打到禁区找吉安,上半场 16',0-0
辽宁队这边头球顶出底线,上半场 16',0-0
角球送前点，辽宁队抢到第一点,上半场 16',0-0
孔卡禁区外围打远射将球打高了,上半场 16',0-0
孔卡挑传打身后,上半场 18',0-0
张鹭出击并没有拿到球,上半场 18',0-0
武磊底线想再传进来,上半场 18',0-0
球打在丁海峰头上出了底线,上半场 18',0-0
上港的角球机会,上半场 18',0-0
角球送前点，辽宁队先将球解围了,上半场 18',0-0
上港继续角球机会,上半场 18',0-0
角球送后点这次,上半场 19',0-0
上港这边冲撞门将了,上半场 19',0-0
于海边路传球送禁区,上半场 21',0-0
威胁并不大,上半场 21',0-0
孔卡左路到了禁区有机会,上半场 21',0-0
横敲到门前被丁捷解围了出去！！,上半场 22',0-0
这球传的非常有威胁,上半场 22',0-0
让后卫也不是很好处理,上半场 22',0-0
丁捷中场附近拿球被侵犯,上半场 23',0-0
上港这边想把节奏打快,上半场 23',0-0
但辽宁宏运这边并不着急,上半场 23',0-0
辽宁宏运进球了！！！,上半场 24',0-1
孙世林！！！,上半场 24',0-1
辽宁宏运禁区前沿打门被后卫挡出，球弹出来后，孙世林跟进一脚世界波直窜球门左上角！！！,上半场 25',0-1
上港这边压力还是大,上半场 25',0-1
波利中场拿球控一下,上半场 26',0-1
长传打到了上港队的身后,上半场 27',0-1
杨超声底线接球后将球回敲,上半场 27',0-1
孙世林前场送直塞到禁区,上半场 27',0-1
蔡慧康这边干扰了一下,上半场 27',0-1
上港右路起送禁区中路,上半场 28',0-1
吉安这边头球差了一点点,上半场 28',0-1
王燊超中场拦截犯规,上半场 29',0-1
王燊超得到一张黄牌！,上半场 29',0-1
辽宁宏运右路拿球被破坏,上半场 32',0-1
宏运界外球掷到禁区里,上半场 32',0-1
颜骏凌出来将球拿到,上半场 32',0-1
上港快速攻到前场,上半场 32',0-1
转移到右路被孙世林滑铲解围,上半场 33',0-1
孙祥左路助攻上来,上半场 33',0-1
边路起送禁区内,上半场 33',0-1
队友蝎子摆尾把球停给了武磊,上半场 33',0-1
武磊打门被后卫挡出,上半场 33',0-1
1-1！！！,上半场 33',1-1
孔卡！！,上半场 33',1-1
孔卡右路接队友传球，稍作调整也是一脚世界波打门将球打进，也是打到左上角！！,上半场 34',1-1
吉安禁区弧顶拿球被秦升侵犯,上半场 35',1-1
秦升这边有些火气,上半场 35',1-1
秦升并没有碰到吉安,上半场 35',1-1
但裁判这球判的应该是手球,上半场 35',1-1
看看上港的这次任意球机会,上半场 35',1-1
距离还是非常不错的，可以直接打门,上半场 35',1-1
孔卡任意球直接打门,上半场 36',1-1
球被人墙挡了出去,上半场 36',1-1
蔡慧康中场拿球被拉了一下,上半场 37',1-1
上港这边长传打身后,上半场 37',1-1
于海这边先越位了,上半场 37',1-1
辽宁宏运右路起球,上半场 41',1-1
这球太靠近了门将,上半场 41',1-1
上港前场拿球给到禁区弧顶,上半场 41',1-1
挑传送禁区找王燊超,上半场 41',1-1
辽宁队三人防守将球破坏,上半场 42',1-1
于海左路拿球被辽宁队解围,上半场 42',1-1
这球解围的时候正好也打在于海的头上出了边线,上半场 43',1-1
2-1！！,上半场 45',2-1
蔡慧康！！,上半场 45',2-1
上港右路传球到了禁区内，于海接球后横扫门前，张鹭将球扑了出去，但没有扑远，蔡慧康跟进补射将球打进！,上半场 46',2-1
上港也是反超了比分,上半场 46',2-1
同时进行的另外一场比赛，广州恒大客场1-0暂时领先北京国安,上半场 46',2-1
上港右路起球送后点,上半场 47',2-1
吉安这边争抢先犯规了,上半场 47',2-1
上半场比赛结束！,中场,2-1
经过45分钟的激战，上港主场2-1暂时领先辽宁宏运,中场,2-1
上半场比赛，孙世林世界波帮助辽宁队取得领先,中场,2-1
随后上港这边由孔卡还以颜色,中场,2-1
上半场临近尾声，蔡慧康的补射将比分反超,中场,2-1
让我们稍事休息，一会儿为您带来双方下半场的比赛,中场,2-1
让我们回到比赛现场,中场,2-1
双方下半场的比赛马上开始,中场,2-1
下半场比赛开始！,下半场 1',2-1
下半场比赛由辽宁宏运开球,下半场 1',2-1
辽宁队这边获得角球机会,下半场 1',2-1
角球送禁区里,下半场 2',2-1
裁判这边哨子先响了,下半场 2',2-1
达维这边拼抢中犯规,下半场 3',2-1
秦升这边受伤倒地,下半场 3',2-1
达维这边得到一张黄牌！,下半场 4',2-1
下半场比赛一上来，双方都没有进行人员调整,下半场 5',2-1
上港前场左路拿球,下半场 6',2-1
孔卡这边给到边路,下半场 6',2-1
边路起球送禁区内，达维头球攻门顶在了立柱上！！,下半场 6',2-1
球反弹回来被张鹭压在身下,下半场 6',2-1
这球太危险了,下半场 6',2-1
辽宁宏运中场长传给到右路,下半场 7',2-1
上港这边想打反击没有打出来,下半场 7',2-1
辽宁队中场拿球没有控制住,下半场 9',2-1
孔卡右路拿球，面对三人的包夹还是控了下来,下半场 10',2-1
辽宁宏运转移的时候出了边线,下半场 12',2-1
上港后场拿球，也是不着急了,下半场 12',2-1
辽宁队这边上抢比上半场要加强,下半场 12',2-1
波利前场拿球往禁区里走,下半场 12',2-1
上港这边先出一脚将球捅了出去,下半场 13',2-1
角球送后点,下半场 13',2-1
颜骏凌出击将球拿到,下半场 13',2-1
上港左路起球送禁区,下半场 14',2-1
前点被辽宁队顶了出来,下半场 14',2-1
上港横向转移给到右路,下半场 14',2-1
王燊超这边也是没啥机会,下半场 15',2-1
于海带球被侵犯,下半场 15',2-1
孙世林这边滑铲犯规了,下半场 15',2-1
孙世林这一脚也是一个吃牌的动作,下半场 15',2-1
于海前场拿球到了禁区弧顶,下半场 16',2-1
横向的突破被断了,下半场 16',2-1
辽宁宏运换人，金泰延下，王亮上！,下半场 17',2-1
辽宁宏运后场传球失误了,下半场 18',2-1
上港前场拿球控制着局面,下半场 18',2-1
上港前场挑传送禁区,下半场 19',2-1
这球传的并不好,下半场 19',2-1
下半场比赛的节奏并不快,下半场 20',2-1
上港中场拿球，也是不急着进攻了,下半场 20',2-1
孔卡前场拿球给到禁区内,下半场 21',2-1
于海底线横敲到中路,下半场 21',2-1
上港这边换人，达维下，海森上！,下半场 22',2-1
上港刚才的传球，中后点都是没有碰到,下半场 22',2-1
上港的角球机会并没有威胁,下半场 23',2-1
上港前场拿球给到左路,下半场 23',2-1
吉安接球后将球回敲,下半场 23',2-1
吉安禁区弧顶做球,下半场 23',2-1
队友这下让了,下半场 23',2-1
丁海峰中场拿球被断,下半场 24',2-1
反抢的时候，丁海峰自己受伤了,下半场 24',2-1
辽宁队前场任意球送到禁区内,下半场 25',2-1
这球给到稍稍大了一点点,下半场 25',2-1
于海这边也是得到一张黄牌！,下半场 26',2-1
王燊超右路拿球到了禁区内,下半场 28',2-1
内切后的打门被门将扑了出去,下半场 28',2-1
角球送前点,下半场 28',2-1
队友的头球攻门稍稍顶偏了,下半场 28',2-1
上港前场拿球在稳节奏,下半场 29',2-1
辽宁宏运换人，秦升下，倪玉崧上！,下半场 30',2-1
上港中场给到海森,下半场 32',2-1
海森的传球直接给到了辽宁队脚下,下半场 32',2-1
辽宁队前场拿球，人太少,下半场 34',2-1
辽宁队这边又要准备换人,下半场 35',2-1
宏运中场拿球横向转移,下半场 35',2-1
吉安前场拿球被断,下半场 36',2-1
禁区弧顶，吉安的低射没有打上力量,下半场 36',2-1
辽宁宏运再次换人，孙世林下，邱卡上！,下半场 37',2-1
宏运前场拿球给到右路,下半场 37',2-1
边路起球送中路,下半场 37',2-1
邱卡没有挣到点,下半场 37',2-1
上港前场拿球给到左路,下半场 40',2-1
没有什么机会将球回敲,下半场 40',2-1
于海拿球过渡一下,下半场 40',2-1
孔卡底线附近拿球赢得一个角球,下半场 40',2-1
角球送禁区内,下半场 41',2-1
海森的打门被后卫在门线解围了,下半场 41',2-1
同时开始的另外一场比赛，恒大客场2-0领先国安,下半场 43',2-1
这样恒大基本上就已经夺冠了,下半场 43',2-1
上港中场拿球给到左路,下半场 44',2-1
上港中场拿球，波利这边防守犯规,下半场 47',2-1
上港长传送禁区,下半场 47',2-1
海森左路传球被挡出底线,下半场 47',2-1
角球打了一个战术,下半场 47',2-1
边路的传球被辽宁队顶了出来,下半场 47',2-1
上港中场大脚打到前场,下半场 48',2-1
吉安这球没有拿下来,下半场 48',2-1
辽宁队中场拿球,下半场 48',2-1
全场比赛结束！,完赛,2-1
最终上海上港2-1击败了辽宁宏运,完赛,2-1
另外一场比赛，恒大客场2-0击败了北京国安,完赛,2-1
这样广州恒大夺得中超冠军,完赛,2-1
而上海上港拿到联赛第二,完赛,2-1
本赛季的中超已经结束，让我们明年再见~！,完赛,2-1
今天的比赛就为大家解说到这里，欢迎您继续关注新浪体育为您送上的其他精彩赛事直播节目，谢谢！,完赛,2-1
