大家好，欢迎收看新浪体育为您带来的英超第6轮 南安普敦VS曼联,未赛,0-0
曼联在周中参加了欧冠首轮角逐，结果客场1比2负于埃因霍温,未赛,0-0
尽管上轮英超联赛3比1击败利物浦，但欧冠的失利还是给红魔不小的打击,未赛,0-0
最近两个客场比赛，他们分别输给斯旺西和埃因霍温，范加尔急需调整球队状态,未赛,0-0
在国家队比赛日之后，鲁尼因伤缺席了曼联的比赛。赛前主帅范加尔透露，本场和南安普敦一战，鲁尼可以伤愈复出,未赛,0-0
和南安普敦一战，曼联中场施奈德林将重返圣玛丽球场迎战旧主,未赛,0-0
正是因为其在南安普敦的优异表现，施奈德林才获得了曼联的垂青，此番他的表现也值得期待,未赛,0-0
原本卢克-肖也将反戈旧主，但因为在周中的欧冠赛场重伤断腿，曼联左后卫只能高挂免战牌,未赛,0-0
历史上双方共有114次交锋记录，曼联59胜29平26负占据上风，进197球失128球,未赛,0-0
在客场对阵南安普敦，曼联取得22胜18平17负的战绩，进85球失71球,未赛,0-0
上赛季两回合交锋，曼联客场2比1胜出，但在主场0比1负于南安普敦,未赛,0-0
目前两队首发阵容已经公布,未赛,0-0
南安普敦首发：22-斯特克伦博格；3-吉田麻也，6-丰特，17-范迪克，33-塔格特；12-万亚马，14-罗梅乌；10-马内，16-沃德-普劳斯，11-塔迪奇；19-佩莱,未赛,0-0
曼联首发：1-德赫亚；36-达米安，12-斯马林，5-罗霍，17-布林德；16-卡里克，28-施奈德林；8-马塔，7-德佩，10-鲁尼；9-马夏尔,未赛,0-0
曼联近12战南安普敦仅负1场，其余11场取得10胜1平,未赛,0-0
双方英超历史交锋32场，曼联22胜4平6负占据上风，其中客场9胜2平5负,未赛,0-0
鲁尼伤愈复出，罗霍替换受伤的卢克-肖出场，布林德出任左边卫。卡里克和施奈德林轮换进入首发,未赛,0-0
让我们来到比赛现场,未赛,0-0
双方球员已经入场了,未赛,0-0
上半场比赛开始！,上半场 1',0-0
首先开球的是南安普敦,上半场 1',0-0
马内中场拿球选择了回敲,上半场 1',0-0
曼联中场断抢下来,上半场 2',0-0
转移给到了边路,上半场 2',0-0
马内中场铲球的时候犯规,上半场 2',0-0
曼联后场长传打到前场,上半场 2',0-0
边路被南安普敦先破坏了,上半场 3',0-0
德佩中场拿球被断抢,上半场 3',0-0
裁判这边先吹了犯规,上半场 3',0-0
曼联将球转移到了右路,上半场 3',0-0
南安普敦这边的防守已经站好了位置,上半场 4',0-0
鲁尼这边前场险些断球下来,上半场 4',0-0
南安普敦进攻到前场很快就丢球了,上半场 5',0-0
达米安边路拿球出现了失误,上半场 5',0-0
曼联中场拿球给到卡里克,上半场 6',0-0
鲁尼中场拿球给到边路,上半场 6',0-0
马夏尔这边没有接好球,上半场 6',0-0
马内右路底线接球,上半场 7',0-0
最后的传球直接送出了底线,上半场 7',0-0
鲁尼今天的位置在马夏尔身后,上半场 7',0-0
塔迪奇中场拿球被拦截,上半场 8',0-0
曼联中场拿球，回敲,上半场 9',0-0
曼联这边也没什么好办法,上半场 9',0-0
德佩中场拿球给到鲁尼,上半场 10',0-0
鲁尼回撤接球后回敲,上半场 10',0-0
曼联中场送直塞,上半场 10',0-0
马夏尔停球后转身,上半场 10',0-0
再分球的时候给小了,上半场 10',0-0
南安普敦这边有机会,上半场 10',0-0
塔迪奇停球后跟队友做配合,上半场 11',0-0
禁区弧顶塔迪奇远射将球打偏了,上半场 11',0-0
这球塔迪奇是无人看防啊,上半场 11',0-0
但这球没有在塔迪奇的习惯脚上,上半场 11',0-0
南安普敦左路起球送前点,上半场 12',0-0
佩莱这边前点没有碰到球,上半场 12',0-0
后点，罗霍将球碰出底线,上半场 12',0-0
这球很危险，罗霍处理不好的话很有可能乌龙,上半场 12',0-0
南安普敦！！1-0！！,上半场 13',1-0
佩莱！！,上半场 13',1-0
南安普敦右路半高球到禁区内，马内推射被德赫亚扑出，第二点，佩莱无人看防的情况下推射破门！,上半场 14',1-0
这球曼联的后防失位比较严重,上半场 14',1-0
看看曼联接下来怎么调整,上半场 15',1-0
曼联的今天的后防也是让人很不放心,上半场 15',1-0
罗霍左路拿球给到前场,上半场 15',1-0
这球给的也不好,上半场 16',1-0
南安普敦打门击中立柱！！,上半场 16',1-0
又是佩莱啊,上半场 16',1-0
南安普敦前场的逼抢造成了曼联的失误,上半场 17',1-0
佩莱停球转身后摆脱，低射近角被立柱挡出,上半场 17',1-0
这球是非常的危险,上半场 17',1-0
曼联的后防啊,上半场 17',1-0
德佩左路拿球给到禁区内,上半场 17',1-0
马夏尔禁区弧顶远射将球打高了,上半场 18',1-0
这球马夏尔没有压住啊,上半场 18',1-0
马夏尔的这脚打门是曼联全场的第一脚打门,上半场 18',1-0
而南安普敦这边已经有四次打门了,上半场 18',1-0
曼联前场拿球给到左路,上半场 19',1-0
罗霍这边跟进后起球,上半场 19',1-0
这球前点被后卫挡出边线,上半场 19',1-0
鲁尼这边前场抢球犯规,上半场 19',1-0
塔迪奇左路拿球,上半场 20',1-0
底线的挑传被后卫先头球解围,上半场 21',1-0
禁区外，沃德-普劳斯弹射被德赫亚得到,上半场 21',1-0
曼联的前20分钟打得并不好,上半场 21',1-0
曼联中场传球被断,上半场 22',1-0
南安普敦快速反击没有打起来,上半场 22',1-0
曼联右路起球送禁区内,上半场 24',1-0
德佩头球攻门将球顶高了,上半场 24',1-0
这球是一个好机会啊,上半场 24',1-0
这球传跑的一瞬间配合的非常好,上半场 24',1-0
但德佩这球跳早了,上半场 24',1-0
曼联后场横线转移,上半场 25',1-0
曼联这边很难打到前场,上半场 25',1-0
罗霍禁区内防守踢倒地方,上半场 27',1-0
但裁判给了一个角球,上半场 27',1-0
慢镜头来看，这球应该是一个点球,上半场 27',1-0
南安普敦角球送禁区内,上半场 27',1-0
球被曼联大脚解围出来,上半场 27',1-0
曼联中场拿球，还是没机会,上半场 31',1-0
罗霍中场拿球横敲,上半场 31',1-0
这段时间南安普敦攻势减缓,上半场 31',1-0
曼联左路起球送禁区,上半场 32',1-0
后点的南安普敦头球解围出来,上半场 32',1-0
罗霍左路拿球，还是没机会,上半场 32',1-0
曼联将球转移到了另一侧,上半场 32',1-0
前30分钟，曼联更多的还是打左路,上半场 33',1-0
马夏尔前场拿球没有过去,上半场 33',1-0
马塔拿球分到边路,上半场 33',1-0
曼联打得很有耐心,上半场 33',1-0
马夏尔,上半场 34',1-1
1-1！！,上半场 34',1-1
施奈德林前场头球点下来，禁区内马塔接球后被铲倒，第二点，马夏尔停球后摆脱推射将球打进！,上半场 35',1-1
但这球马塔接球的时候应该先越位了,上半场 35',1-1
看看南安普敦这边怎么攻,上半场 35',1-1
马塔中场带球被铲了一下,上半场 36',1-1
南安普敦左路带球进攻,上半场 36',1-1
塔格特带球先出了边线,上半场 36',1-1
鲁尼中场拿球在找机会,上半场 38',1-1
德佩中场大范围转移被拦截,上半场 38',1-1
曼联还是按照自己的节奏再打,上半场 39',1-1
罗霍长传找到左路的马夏尔,上半场 39',1-1
马夏尔接球后被边裁吹了越位,上半场 40',1-1
曼联左路拿球给到禁区内,上半场 40',1-1
德佩禁区内第一下没有停好,上半场 40',1-1
南安普敦这边不敢大意先出一脚将球解围出底线,上半场 41',1-1
曼联战术角球开出,上半场 41',1-1
边路的传球被佩莱解围出底线,上半场 41',1-1
曼联继续角球机会,上半场 41',1-1
曼联角球还是做配合,上半场 41',1-1
马塔禁区内送中路,上半场 41',1-1
施奈德林推射被挡了一下出了底线,上半场 42',1-1
这球斯特克伦博格没有任何的反应,上半场 42',1-1
曼联继续角球机会,上半场 42',1-1
角球还是打配合,上半场 42',1-1
这次没有打出来,上半场 42',1-1
比赛中，眼光也是很刺眼,上半场 43',1-1
曼联后场拿球稳一下,上半场 43',1-1
马夏尔底线拿球回敲,上半场 45',1-1
马塔这边接球很不舒服,上半场 45',1-1
塔格特这边受伤倒地,上半场 45',1-1
慢镜头来看，塔格特这球是自己滑倒了,上半场 45',1-1
上半场补时1分钟！,上半场 46',1-1
万亚马前场拿球送直塞,上半场 47',1-1
这球被曼联拦截了下来,上半场 47',1-1
上半场比赛结束！,中场,1-1
经过45分钟的激战，两队上半场暂时打成了1-1,中场,1-1
上半场比赛，南安普敦利用开局由佩莱打进一球,中场,1-1
而曼联随后利用一次不是机会的机会由马夏尔打入扳平一球,中场,1-1
让我们稍事休息，一会儿为您带来双方下半场的比赛,中场,1-1
让我们回到比赛现场,中场,1-1
中场休息的时候两队都进行人员调整,中场,1-1
下半场比赛开始！,下半场 1',1-1
曼联这边瓦伦西亚登场,下半场 1',1-1
南安普敦这边，塔格特下，马蒂纳上！,下半场 1',1-1
马内中场拿球被侵犯,下半场 4',1-1
1-2！！,下半场 5',1-2
马夏尔！！,下半场 5',1-2
南安普敦后场外脚背回传没有力量，马夏尔突然前插后形成单刀，面对门将推射将球打进！,下半场 6',1-2
吉田麻也的回敲太过随意了,下半场 6',1-2
南安普敦前场转移出现失误,下半场 7',1-2
佩莱前场拿球被侵犯,下半场 9',1-2
任意球直接吊到门前,下半场 9',1-2
德赫亚将球拿到,下半场 9',1-2
南安普敦这边要准备调整,下半场 10',1-2
南安普敦换人,下半场 11',1-2
罗梅乌下，史蒂文-戴维斯上！,下半场 11',1-2
南安普敦这边获得角球机会,下半场 12',1-2
角球送后点,下半场 12',1-2
鲁尼头球解围出了禁区,下半场 12',1-2
万亚马中场出球到了底线,下半场 13',1-2
马内这边底线赢得角球,下半场 13',1-2
角球送前点,下半场 14',1-2
德赫亚在球门线上将球击出,下半场 14',1-2
头球攻门的是丰特,下半场 15',1-2
这球慢镜头来看，德赫亚扑救的时候球还没到门线上,下半场 15',1-2
这球德赫亚的反应很快,下半场 15',1-2
曼联换人,下半场 15',1-2
卡里克下，施魏因斯泰格上！,下半场 15',1-2
德赫亚也是刷了一下存在感,下半场 16',1-2
下半场打了15分钟，曼联暂时2-1领先南安普敦,下半场 16',1-2
德佩左路带球,下半场 17',1-2
自己带的有点多,下半场 17',1-2
鲁尼前场拿球转移到了左路,下半场 19',1-2
德佩的突破赢得一个角球,下半场 19',1-2
角球送后点,下半场 19',1-2
这球给的落点并不好,下半场 19',1-2
曼联中场拿球横向转移,下半场 22',1-2
1-3！！,下半场 23',1-3
马塔！！,下半场 23',1-3
施魏因斯泰格前场拿球给到禁区内，德佩禁区内一扣后打近角被门柱弹回来，马塔跟进推射将球打进！,下半场 23',1-3
曼联这边也是换人了,下半场 24',1-3
罗霍下，麦克奈尔上！,下半场 24',1-3
布林德这边挪到了左路,下半场 24',1-3
南安普敦拿球给到了左路,下半场 26',1-3
边路的传球被封堵,下半场 26',1-3
曼联这边反击的机会,下半场 26',1-3
马夏尔拿球通过中场被拉了一下,下半场 27',1-3
曼联中场送直塞带身后,下半场 28',1-3
马夏尔拿球后横向带球,下半场 28',1-3
范迪克这边拉人犯规,下半场 28',1-3
范迪克得到一张黄牌！,下半场 28',1-3
曼联这边获得一个位置非常好的机会,下半场 28',1-3
马塔任意球直接打门,下半场 28',1-3
球打在了人墙上,下半场 28',1-3
马内右路带球突到禁区里,下半场 30',1-3
晃过防守球员后摔倒了,下半场 30',1-3
跟裁判要点球，裁判没有给,下半场 30',1-3
南安普敦换人,下半场 30',1-3
沃德-普劳斯下，肖恩-朗上！,下半场 31',1-3
曼联前场的逼抢也是让对方险些犯错,下半场 32',1-3
马夏尔禁区弧顶拿球被丰特铲倒,下半场 32',1-3
丰特得到一张黄牌！,下半场 32',1-3
马夏尔再次为曼联赢得一个位置极佳的任意球,下半场 33',1-3
德佩任意球直接打门,下半场 34',1-3
这球没有压住，将球打高了,下半场 34',1-3
鲁尼拿球横向转移,下半场 34',1-3
德佩边路接球的时候越位,下半场 35',1-3
曼联中场将球抢断下来,下半场 36',1-3
鲁尼拿球给到边路,下半场 36',1-3
马塔边路准备过人，被放倒了,下半场 37',1-3
这球并没有犯规,下半场 37',1-3
全场比赛已经过了80分钟,下半场 37',1-3
场上的比分是曼联客场3-1领先南安普敦,下半场 38',1-3
范迪克这边出现了抽筋,下半场 38',1-3
南安普敦这边没有换人的名额了,下半场 38',1-3
南安普敦前场右路获得定位球,下半场 40',1-3
任意球直接打到门前,下半场 40',1-3
德赫亚的出击没有打远,下半场 40',1-3
第二落点还好是曼联的,下半场 41',1-3
2-3！！！,下半场 41',2-3
佩莱！！,下半场 41',2-3
马内右路面对两人的防守将球传了出来，前点佩莱头球攻门将球顶进！,下半场 42',2-3
比赛的悬念又回来了,下半场 42',2-3
佩莱本场比赛也是进了2个球,下半场 42',2-3
南安普敦右路挑传没有送过去,下半场 43',2-3
曼联这段时间有些被动,下半场 43',2-3
南安普敦右路起球送禁区,下半场 44',2-3
佩莱头球攻门将球顶偏,下半场 45',2-3
曼联后场断抢下来,下半场 45',2-3
下半场补时5分钟,下半场 46',2-3
曼联左路进攻上来赢得角球,下半场 46',2-3
角球打了一个战术配合,下半场 46',2-3
德佩在接球的时候先越位,下半场 46',2-3
南安普敦右路起球送中间,下半场 47',2-3
塔迪奇头球攻门顶偏了,下半场 47',2-3
都很悬啊,下半场 47',2-3
万亚马禁区弧顶拿球，一扣晃开两名球员的防守,下半场 48',2-3
爆射被德赫亚单拳将球击出,下半场 48',2-3
南安普敦角球机会,下半场 48',2-3
角球送后点,下半场 48',2-3
队友头球攻门又是被德赫亚击出,下半场 48',2-3
乱战中，万亚马的头球攻门又是被德赫亚拿到,下半场 49',2-3
还剩下最后的一分钟,下半场 50',2-3
曼联这边后场都抢到一个点了,下半场 50',2-3
马塔大脚将球先解围出来,下半场 50',2-3
曼联前场界外球的机会,下半场 51',2-3
掷球出来,下半场 51',2-3
全场比赛结束！,完赛,2-3
最终南安普敦主场2-3惜败曼联,完赛,2-3
本场比赛，佩莱率先破门，马夏尔梅开二度,完赛,2-3
马塔打进曼联的第三球进球，随后佩莱再次破门,完赛,2-3
曼联逆转取胜后距榜首的曼城2分位居次席,完赛,2-3
今天的比赛就为大家解说到这里，欢迎您继续关注新浪体育为您送上的其他精彩赛事直播节目，谢谢！,完赛,2-3
