大家好，欢迎收看新浪体育为您带来的意甲第3轮 国际米兰VSAC米兰,未赛,0-0
米兰德比从来都是火花四溅，两支球队也有太多的恩怨,未赛,0-0
而在今年夏天，两支米兰城的球队都进行了豪购，其中国际米兰花费8645万欧元进行引援,未赛,0-0
而AC米兰的投入也达到了9097万欧元，可以说，经过今年夏天的招兵买马，两支球队的实力都非常的强劲,未赛,0-0
国际米兰在意甲前2轮取得2连胜的佳绩，曼奇尼期待在这场比赛继续高奏凯歌,未赛,0-0
如果蓝黑军团获胜的话，他们很可能领跑积分榜，而AC米兰则输不起，毕竟他们在前2轮已经有过败绩,未赛,0-0
曼奇尼和米哈伊洛维奇其实是一对好朋友，在昔日执教国际米兰期间，米哈伊洛维奇就当过曼奇尼的球员,未赛,0-0
而随后，米哈也曾经出任曼乔的助教，可见，两人的关系的确非常不错,未赛,0-0
巴洛特利在今年夏天重返AC米兰，不过巴神还没有代表球队在正式比赛亮相,未赛,0-0
在热身赛上，马里奥倒是表现出不俗状态，打入1球，助攻1次，且制造1个点球,未赛,0-0
考虑到国际米兰也曾经是巴神的老东家，因此如果他登场的话，不仅会迎来回归米兰后首秀，也会反戈旧主国际米兰,未赛,0-0
这是历史上第285次、意甲（包括前身）历史上第185场米兰德比,未赛,0-0
在此前进行的284次米兰德比中，AC米兰110胜75平99负占据上风,未赛,0-0
但在联赛历史上，国际米兰却以68胜55平61负的成绩稍占优势,未赛,0-0
从意甲正式成立的1929-30赛季开始，国际米兰对阵AC米兰更是取得了62胜52平52负的明显优势,未赛,0-0
目前两队首发阵容已经公布,未赛,0-0
国际米兰首发：1-汉达诺维奇/21-桑顿，17-梅德尔，24-穆里略，5-小胡安/13-瓜林，83-梅洛，7-孔多比亚/44-佩里希奇/9-伊卡尔迪，10-约维蒂奇,未赛,0-0
AC米兰首发：23-迭戈-洛佩斯/20-阿巴特，17-萨帕塔，13-罗马尼奥利，2-德希利奥/27-库奇卡，18-蒙托利沃，28-博纳文图拉/10-本田圭佑/70-巴卡，9-路易斯-阿德里亚诺,未赛,0-0
佩里希奇和梅洛上演首秀，梅德尔客串中卫,未赛,0-0
让我们来到比赛现场,未赛,0-0
双方球员已经入场了,未赛,0-0
上半场比赛开始！,上半场 1',0-0
首先开球的是国际米兰,上半场 1',0-0
德希利奥中场拿球被侵犯,上半场 1',0-0
库奇卡边路拿球，在干扰下失误了,上半场 2',0-0
国米后场长传打到前场,上半场 2',0-0
约维蒂奇点了一下顶远了,上半场 2',0-0
国米这边失误了,上半场 3',0-0
巴卡拿球给到禁区内,上半场 3',0-0
路易斯-阿德里亚诺单刀推射被门将扑了出去,上半场 3',0-0
汉达诺维奇的出击很及时啊,上半场 3',0-0
汉达诺维奇也是及时封住了对方射门的角度,上半场 4',0-0
AC米兰后场拿球横向转移,上半场 4',0-0
国米在后场将球抢断下来,上半场 4',0-0
佩里希奇拿球给到前场,上半场 4',0-0
中路的直塞没有送过去,上半场 4',0-0
梅洛右路拿球给到小胡安,上半场 4',0-0
小胡安左路带球突破，也是没机会,上半场 5',0-0
瓜林禁区边缘挑传没有过顶,上半场 5',0-0
约维蒂奇禁区外围突施冷剑~~,上半场 5',0-0
这球也是蹭着门柱出了底线,上半场 5',0-0
两队开场后也是各有一次比较有威胁的打门,上半场 5',0-0
巴卡前场抢球的时候有一个撞人,上半场 7',0-0
裁判也是先吹了犯规,上半场 7',0-0
如果这是一个合理的抢断，对国米的后防是个不小的威胁,上半场 7',0-0
国米这边后防再出漏洞,上半场 7',0-0
中场直接送直塞打国米身后,上半场 7',0-0
路易斯-阿德里亚诺禁区内小角度打门将球打高,上半场 7',0-0
库奇卡这边有些受伤,上半场 9',0-0
问题并不太大,上半场 9',0-0
米兰这边进攻又来了,上半场 9',0-0
本田圭佑右路低平球送禁区内,上半场 9',0-0
前点被国米解围出来,上半场 9',0-0
米兰这边再传禁区,上半场 9',0-0
汉达诺维奇将球先拿到,上半场 9',0-0
佩里希奇禁区外围打远射,上半场 11',0-0
这球也是没有压住,上半场 11',0-0
国米左路拿球,上半场 12',0-0
手上先有动作,上半场 12',0-0
桑顿中场拿球给到右路,上半场 12',0-0
德希利奥这边抢球先犯规,上半场 13',0-0
国米前场右路的任意球机会,上半场 13',0-0
任意球打了一个战术,上半场 13',0-0
这个战术没有打成,上半场 13',0-0
长传送到左路底线,上半场 13',0-0
队友接球后半高球送前点,上半场 13',0-0
伊卡尔迪的打门被封堵,上半场 14',0-0
巴卡左路拿球往里切，没有进去,上半场 14',0-0
库奇卡右路拿球到了禁区内,上半场 14',0-0
低平球送前点,上半场 14',0-0
路易斯-阿德里亚诺的打门也是被封堵,上半场 14',0-0
比赛开始后，两队的节奏还是不慢的,上半场 15',0-0
汉达诺维奇冲出禁区解围,上半场 16',0-0
这球没有打远,上半场 16',0-0
博纳文图拉想吊射也是被干扰,上半场 17',0-0
博纳文图拉中场送直塞打到禁区前沿,上半场 17',0-0
路易斯-阿德里亚诺有机会啊,上半场 17',0-0
禁区内推射被小胡安挡了出来,上半场 18',0-0
今天国米的后防有些让人担心,上半场 18',0-0
库奇卡右路想横扫门前被挡出,上半场 18',0-0
瓜林禁区前沿传球被后卫碰了一下,上半场 19',0-0
国米的角球机会,上半场 19',0-0
角球送中路，米兰抢到第一点,上半场 19',0-0
博纳文图拉前场拿球被侵犯,上半场 21',0-0
米兰前场左路的任意球机会,上半场 21',0-0
镜头也是给到了看台上的萨内蒂,上半场 21',0-0
本田圭佑任意球传进去,上半场 22',0-0
第一点被国米球员先顶到,上半场 22',0-0
国米这边的反击,上半场 22',0-0
约维蒂奇中场拿球有一个节奏变化,上半场 22',0-0
阿巴特这边拉人犯规,上半场 22',0-0
阿巴特得到一张黄牌！,上半场 23',0-0
库奇卡右路带球自己带大了,上半场 23',0-0
国米左路传球打米兰身后,上半场 25',0-0
伊卡尔迪接球瞬间先越位了,上半场 25',0-0
米兰这边控球稍微稳一下节奏,上半场 25',0-0
瓜林禁区内拿球有机会,上半场 26',0-0
这球停的有些太靠近自己,上半场 26',0-0
最后的打门也是被后卫封堵,上半场 26',0-0
国米的角球机会,上半场 26',0-0
角球送禁区，威胁不大,上半场 26',0-0
右路国米再传禁区,上半场 27',0-0
这球也是没有送好,上半场 27',0-0
国米再传禁区内,上半场 27',0-0
伊卡尔迪禁区接球后，双方一起摔倒在禁区,上半场 27',0-0
裁判这边吹了进攻犯规,上半场 27',0-0
博纳文图拉前场挑传送身后,上半场 28',0-0
这球没有过顶,上半场 28',0-0
国米这边替补开始热身了,上半场 29',0-0
米兰中场传球往边路走被碰了出去,上半场 29',0-0
国米这段时间稍微有些被动,上半场 31',0-0
本田圭佑刚刚禁区弧顶的打门被汉达诺维奇得到,上半场 32',0-0
约维蒂奇禁区前沿自己没有控制好重心,上半场 32',0-0
约维蒂奇也是顺势将球抱了一下,上半场 32',0-0
约维蒂奇手球犯规,上半场 32',0-0
国米中场拿球转移到了右路,上半场 32',0-0
外脚背的传球没有踢正部位,上半场 32',0-0
德希利奥左路拿球,上半场 33',0-0
巴卡这边被踢了一下,上半场 33',0-0
米兰这边也是不愿意放弃进攻的机会,上半场 33',0-0
边路的转移没有配合好，出了底线,上半场 33',0-0
孔多比亚前场拿球给到左路,上半场 35',0-0
国米将球大范围转移到右路,上半场 35',0-0
约维蒂奇这边斜向启动先被门将得到,上半场 35',0-0
蒙托利沃前场的打门打在自己队友的身上,上半场 36',0-0
小胡安这边得到一张黄牌！,上半场 37',0-0
前场的抢球踢倒了库奇卡,上半场 37',0-0
米兰前场拿球到了禁区内,上半场 39',0-0
库奇卡准备打门被干扰,上半场 39',0-0
约维蒂奇禁区外围又是突施冷剑,上半场 39',0-0
这球直奔球门上角飞去,上半场 39',0-0
还是差了那么一点点,上半场 39',0-0
蒙托利沃前场有一个阻挡,上半场 42',0-0
本田圭佑在本方半场一个铲球亮了鞋钉,上半场 43',0-0
本田圭佑得到一张黄牌！,上半场 43',0-0
国米这个任意球距离球门稍微有些远,上半场 43',0-0
约维蒂奇任意球送禁区内,上半场 43',0-0
瓜林前插头球蹭了一下,上半场 43',0-0
这球并没有改变方向,上半场 43',0-0
迭戈-洛佩斯门线上将球拿到,上半场 44',0-0
国米前场右路送直线,上半场 44',0-0
伊卡尔迪拿球打门被后卫封堵,上半场 44',0-0
国米的角球机会,上半场 44',0-0
角球送前点，梅洛头球被干扰,上半场 45',0-0
国米继续角球机会,上半场 45',0-0
这次角球打了一个战术,上半场 45',0-0
约维蒂奇在拿球的时候越位了,上半场 45',0-0
上半场补时1分钟,上半场 46',0-0
米兰中场任意球送禁区弧顶,上半场 46',0-0
国米这边将球解围出来,上半场 46',0-0
伊卡尔迪禁区内单刀！！,上半场 46',0-0
迭戈-洛佩斯出击将球封住！！,上半场 46',0-0
送出助攻的是约维蒂奇,上半场 47',0-0
慢镜头来看这球是好球,上半场 47',0-0
伊卡尔迪调整的太多了,上半场 47',0-0
上半场比赛结束！,中场,0-0
经过45分钟的激战，两队暂时打成了0-0,中场,0-0
上半场比赛，两队各有一次单刀的机会但都被门将化解,中场,0-0
而国米的后防在上半场给了米兰太多的机会,中场,0-0
但米兰这边都是没有把握住,中场,0-0
而国米这边约维蒂奇的两脚远射也是考验了迭戈-洛佩斯,中场,0-0
让我们稍事休息，一会儿为您带来双方下半场的比赛,中场,0-0
让我们回到比赛现场,中场,0-0
下半场比赛开始！,下半场 1',0-0
下半场比赛由AC米兰开球,下半场 1',0-0
米兰后场的长传出了边线,下半场 2',0-0
下半场开始后，两队的节奏并不开,下半场 5',0-0
迭戈-洛佩斯后场拿球有些犹豫,下半场 5',0-0
约维蒂奇禁区内拿球晃开角度打门,下半场 5',0-0
球还是被后卫封堵,下半场 5',0-0
巴卡拿球给到禁区内,下半场 5',0-0
博纳文图拉拿球没有办法转身,下半场 5',0-0
叫回到禁区外围,下半场 5',0-0
蒙托利沃远射将球打偏,下半场 6',0-0
巴卡右路带球突破,下半场 8',0-0
禁区边缘的回敲给到禁区弧顶,下半场 8',0-0
队友的打门打在后卫身上折射出了底线,下半场 8',0-0
米兰的角球机会,下半场 8',0-0
角球开出威胁不大,下半场 9',0-0
米兰左路下底，前点被破坏出来,下半场 9',0-0
佩里希奇左路下底到后点,下半场 10',0-0
瓜林近距离头球顶了一个反弹球,下半场 10',0-0
迭戈-洛佩斯不敢怠慢将球托出横梁,下半场 10',0-0
国米角球送中路,下半场 10',0-0
瓜林头球攻门将球顶高,下半场 11',0-0
国米这段时间突然发力,下半场 11',0-0
国米进球了！！,下半场 13',1-0
瓜林！！,下半场 13',1-0
国米中场拿球直塞给到瓜林，瓜林拿球后一扣直接到了禁区弧顶，冷射一脚将球打进，迭戈-洛佩斯没有碰到球！,下半场 14',1-0
看看AC米兰接下来怎么调整,下半场 14',1-0
米兰换人，巴卡下，巴洛特利上！,下半场 17',1-0
巴洛特利一上来就要主罚任意球,下半场 17',1-0
米兰前场右侧的机会,下半场 17',1-0
巴洛特利任意球送禁区,下半场 17',1-0
库奇卡头球后蹭,下半场 17',1-0
后点的队友包抄并没有碰到球,下半场 17',1-0
孔多比亚后场拿球失误,下半场 18',1-0
梅洛这边凶狠的防守放倒了巴洛特利,下半场 19',1-0
梅洛得到一张黄牌,下半场 19',1-0
巴洛特利任意球送中路,下半场 19',1-0
国米这边拿到第一点,下半场 19',1-0
米兰左路斜传球送禁区,下半场 19',1-0
汉达诺维奇出击将球先摘到,下半场 20',1-0
库奇卡这边也得一张黄牌,下半场 21',1-0
身后放铲放倒了小胡安,下半场 21',1-0
小胡安也是很痛苦的倒地,下半场 21',1-0
看样子小胡安不能在坚持了,下半场 22',1-0
国米要准备换人了,下半场 22',1-0
国米换人，小胡安下，特莱斯上！,下半场 23',1-0
国米前场拿球又被侵犯,下半场 24',1-0
约维蒂奇左侧任意球直接往门里转,下半场 24',1-0
球弹地后被迭戈-洛佩斯得到,下半场 24',1-0
米兰右路送直塞到禁区内,下半场 25',1-0
本田圭佑横敲被后卫挡出底线,下半场 25',1-0
角球送后点,下半场 25',1-0
博纳文图拉头球点下来被汉达诺维奇得到,下半场 26',1-0
国米这边要准备换人,下半场 26',1-0
国米右路半高球送禁区,下半场 27',1-0
伊卡尔迪头球冲顶将球顶高,下半场 27',1-0
AC米兰先换人，库奇卡下，波利上,下半场 27',1-0
国米这边也换人，约维蒂奇下，帕拉西奥上！,下半场 28',1-0
阿巴特中场拿球被侵犯,下半场 29',1-0
德希利奥左路拿球再次被侵犯,下半场 29',1-0
巴洛特利左路拿球到了禁区里,下半场 30',1-0
底线的横敲送前点,下半场 30',1-0
国米的解围险些自摆乌龙,下半场 30',1-0
米兰的角球机会,下半场 30',1-0
角球送后点被国米球员头球解围,下半场 30',1-0
国米这边又有球员受伤倒地,下半场 31',1-0
受伤的是梅洛,下半场 31',1-0
梅洛也是拼劲了全力,下半场 31',1-0
梅洛估计很难在坚持,下半场 32',1-0
场边梅洛也是准备等待继续上场,下半场 32',1-0
估计也是给替补球员在热身下,下半场 32',1-0
巴洛特利禁区外围打远射,下半场 33',1-0
球击中立柱的外侧出了底线！！,下半场 33',1-0
这球也是比较的可惜啊,下半场 33',1-0
孔多比亚斜传球送禁区,下半场 34',1-0
米兰拿到第一点,下半场 34',1-0
米兰左路送直塞,下半场 35',1-0
本田圭佑没有追上,下半场 35',1-0
切尔奇准备要上场,下半场 35',1-0
波利前场传球,下半场 36',1-0
国米这绕前的防守将球先解围,下半场 36',1-0
AC米兰换人，本田圭佑下，切尔奇上！,下半场 36',1-0
巴洛特利前场左路拿球被瓜林侵犯,下半场 37',1-0
巴洛特利任意球直接打门，球有一个弹地后飞出底线,下半场 37',1-0
这球还是碰到了对方球员,下半场 37',1-0
米兰的角球送禁区，威胁不大,下半场 37',1-0
米兰右路下底，队友头球攻门被后卫干扰,下半场 38',1-0
米兰继续角球机会,下半场 38',1-0
角球送前点被后卫解围,下半场 38',1-0
佩里希奇这边又是出现受伤,下半场 39',1-0
国米换人，佩里希奇下，拉诺齐亚上！,下半场 40',1-0
国米这边角球的机会,下半场 42',1-0
角球送禁区,下半场 42',1-0
穆里略的打门将球打高,下半场 42',1-0
米兰这边角球几乎,下半场 45',1-0
角球送中路被门将击出,下半场 45',1-0
这球传出来的时候先出了底线,下半场 45',1-0
下半场补时5分钟！,下半场 45',1-0
切尔奇右路带球突破赢得角球机会,下半场 46',1-0
角球送前点被顶了出来,下半场 47',1-0
切尔奇右路带球突破被放倒,下半场 49',1-0
米兰右侧的前场任意球,下半场 49',1-0
任意球送中路被顶了出来,下半场 49',1-0
禁区外围，博纳文图拉抽射将球打高,下半场 49',1-0
米兰前场右路再次获得任意球,下半场 50',1-0
任意球吊到禁区内,下半场 51',1-0
落点并不是很好,下半场 51',1-0
全场比赛结束！,完赛,1-0
最终国际米兰凭借着瓜林的进球1-0小胜AC米兰,完赛,1-0
这样国米三轮过后全胜领跑,完赛,1-0
上半时，阿德里亚诺和伊卡尔迪单刀被扑,完赛,1-0
下半时，瓜林远射破门，巴洛特利替补出场打中门柱,完赛,1-0
国米拿下德比后，也是唯一3轮全胜的球队,完赛,1-0
今天的比赛就为大家解说到这里，欢迎您继续关注新浪体育为您送上的其他精彩赛事直播节目，谢谢！,完赛,1-0
