大家好，欢迎收看新浪体育为您带来的英超第3轮 埃弗顿VS曼城,未赛,0-0
赛前传来噩耗，右后卫萨巴莱塔因在训练中膝盖受伤，将休战至少一个月,未赛,0-0
不过好在新赛季萨尼亚的状态不俗，预计法国人将继续为曼城镇守右路,未赛,0-0
对曼城来说，之前很长一段时间埃弗顿都是他们的苦主,未赛,0-0
虽然过去4场比赛曼城对埃弗顿保持3胜1平的不败战绩，但过去18次做客古迪逊公园球场踢联赛，曼城只赢过3次,未赛,0-0
上轮埃弗顿在客场3-0大胜南安普敦，太妃糖士气大涨,未赛,0-0
本轮主场战曼城对马丁内斯的球队来说又是一大考验。此前马丁内斯率队和曼城踢过12场英超，战绩是0胜2平10负,未赛,0-0
上轮3-0大胜切尔西，曼城豪取跨赛季联赛8连胜，如果能客场击败埃弗顿，曼城将在103年后再次取得顶级联赛9连胜,未赛,0-0
目前两队首发阵容已经公布,未赛,0-0
埃弗顿首发：门将：24-霍华德；后卫：23-科尔曼、6-贾吉尔卡、5-斯通斯、32-加洛威；后腰：16-麦卡锡、18-巴里；前卫：9-科内、20-巴克利、15-克莱维利；前锋：10-卢卡库,未赛,0-0
曼城首发：门将：1-乔哈特；后卫：3-萨尼亚、4-孔帕尼、20-曼加拉、11-科拉罗夫；后腰：25-费尔南迪尼奥、42-亚亚-图雷；前卫：15-纳瓦斯、21-席尔瓦、7-斯特林；前锋：10-阿圭罗,未赛,0-0
曼城近6次客战古迪逊公园仅1次取胜，另有4次落败,未赛,0-0
让我们来到比赛现场,未赛,0-0
双方球员已经入场了,未赛,0-0
上半场比赛开始！,上半场 1',0-0
首先开球的是埃弗顿,上半场 1',0-0
斯特林中场拦截没有拿下来,上半场 1',0-0
科内中场拿球给到右路,上半场 1',0-0
埃弗顿前场传球丢了,上半场 2',0-0
曼城这边反击的机会,上半场 2',0-0
席尔瓦禁区前沿横向带球,上半场 2',0-0
突然的远射被后卫挡了一下,上半场 2',0-0
阿圭罗跟进这边补射打近角,上半场 2',0-0
霍华德用腿将球挡了出去,上半场 2',0-0
现场似乎有球迷受伤了,上半场 3',0-0
医疗团队也是到球迷区先治疗,上半场 3',0-0
曼城的角球机会,上半场 3',0-0
角球送中路，科内头球顶了出来,上半场 3',0-0
裁判这边哨子先响了，进攻犯规,上半场 4',0-0
巴克利前场拿球被双方包夹,上半场 5',0-0
曼城这边将球抢断下来,上半场 5',0-0
底线拿球回敲给到斯特林,上半场 5',0-0
斯特林禁区内想做撞墙，没有成功,上半场 5',0-0
曼城后场大范围转移给到右路,上半场 6',0-0
阿圭罗边路带球被断,上半场 6',0-0
曼城将球打到左路,上半场 7',0-0
斯通斯将球解围出边线,上半场 7',0-0
阿圭罗底线附近接球，边裁举旗了,上半场 8',0-0
阿圭罗这边有机会啊,上半场 10',0-0
纳瓦斯前场边路跟队友做撞墙,上半场 10',0-0
底线横敲到禁区中路,上半场 10',0-0
阿圭罗推射被霍华德用腿再次封挡！,上半场 10',0-0
埃弗顿主要还是打两个边路,上半场 11',0-0
曼城这边有球员倒地,上半场 11',0-0
萨尼亚中场争抢头球的时候被暗算了一下,上半场 11',0-0
萨尼亚也是先接受治疗,上半场 12',0-0
埃弗顿角球的机会,上半场 13',0-0
角球送前点,上半场 13',0-0
第一点被曼城头球解围出来,上半场 13',0-0
亚亚-图雷中场拿球控制一下节奏,上半场 13',0-0
斯特林左路拿球没有往前走,上半场 14',0-0
曼城还是走的中路,上半场 14',0-0
席尔瓦拿球突然来脚冷射,上半场 14',0-0
霍华德扑球脱手，但很快将球压在身下,上半场 15',0-0
曼城这边又有机会啊,上半场 15',0-0
斯特林的反跑滑铲没有碰到,上半场 16',0-0
曼城前场拿球给到亚亚-图雷脚下,上半场 16',0-0
曼城还是给到右路,上半场 16',0-0
底线的传球被加洛威滑铲封堵,上半场 16',0-0
曼城这边的角球机会,上半场 16',0-0
角球开出，威胁不大,上半场 17',0-0
萨尼亚边路再传送中路,上半场 17',0-0
落点上并没有好的机会,上半场 17',0-0
上半场打了将近20分钟，曼城还是占据着主动,上半场 19',0-0
埃弗顿这段时间更多的精力还是在防守,上半场 19',0-0
埃弗顿中场拿球大范围转移,上半场 21',0-0
埃弗顿右路挑传送禁区内,上半场 21',0-0
曼加拉头球先破坏出去,上半场 21',0-0
控球上，曼城是51%,上半场 22',0-0
科尔曼右路带球突破被破坏出边线,上半场 23',0-0
卢卡库这边打进一球,上半场 23',0-0
但边裁这边举旗示意越位,上半场 23',0-0
巴克利禁区前沿传球被后卫碰了一下,上半场 24',0-0
卢卡库这边接球后摆脱防守将球打进,上半场 24',0-0
但边裁这边先认定越位,上半场 24',0-0
埃弗顿中场拿球给到右路,上半场 26',0-0
科尔曼踩单车过人后走内线,上半场 26',0-0
禁区前沿的低射打在了边网上,上半场 26',0-0
科尔曼的助攻能力很强,上半场 26',0-0
埃弗顿这段时间攻势上来了,上半场 27',0-0
双方在中场的拼抢很激烈,上半场 29',0-0
费尔南迪尼奥中场拦截的时候犯规,上半场 29',0-0
麦卡锡前场拿球再分边路,上半场 32',0-0
埃弗顿传球被挡出底线,上半场 32',0-0
角球打了一个外围,上半场 32',0-0
贾吉尔卡头槌攻门稍稍高出,上半场 32',0-0
球是打在横梁上方的网子上,上半场 32',0-0
曼城的这次角球看防并不到位,上半场 34',0-0
曼城左路进攻,上半场 35',0-0
亚亚-图雷的传球轻了一点,上半场 35',0-0
曼城的角球机会,上半场 36',0-0
角球送了一个低平球,上半场 36',0-0
埃弗顿这边先将球破坏出来,上半场 36',0-0
斯特林边路强突,上半场 36',0-0
底线的起球送前点，还是被顶了出来,上半场 36',0-0
场上也是出现了受伤,上半场 41',0-0
利用治疗的时间，双方也是抓紧布置,上半场 41',0-0
巴克利前场中路拿球,上半场 41',0-0
前场一对四，没有过去,上半场 41',0-0
阿圭罗前场拿球给到左路,上半场 41',0-0
这球传到了斯特林身后,上半场 42',0-0
曼加拉这边上的有些鲁莽,上半场 42',0-0
在禁区弧顶放倒了巴克利,上半场 42',0-0
曼加拉得到一张黄牌！,上半场 42',0-0
巴克利要自己主罚,上半场 43',0-0
巴克利任意球直接打门，想打上角,上半场 43',0-0
这球也是没有压住,上半场 43',0-0
上半场补时4分钟！,上半场 45',0-0
埃弗顿中场拿球给到卢卡库,上半场 46',0-0
卢卡库背身拿球转身再传失误,上半场 46',0-0
加洛威这边坐在地上,上半场 46',0-0
加洛威看样子不能在坚持,上半场 46',0-0
加洛威就是跟萨尼亚对抗后出现的伤病,上半场 46',0-0
不知道是不是一个老伤,上半场 46',0-0
埃弗顿换人，加洛威下，布朗宁上！,上半场 47',0-0
费尔南迪尼奥背后铲球得到一张黄牌！,上半场 48',0-0
犯规的地点在禁区弧顶,上半场 48',0-0
费尔南迪尼奥觉得很冤,上半场 48',0-0
但这球先碰到了人在碰到了球,上半场 48',0-0
卢卡库来打,上半场 49',0-0
卢卡库任意球直接打门，球擦着横梁上沿出底线！！,上半场 49',0-0
这球乔哈特没有反应,上半场 50',0-0
根据表现来看，乔哈特预判也是错的,上半场 50',0-0
上半场比赛结束！,中场,0-0
经过45分钟的较量，两队暂时打成了0-0,中场,0-0
上半场比赛，曼城抢开局，一度压制着埃弗顿，霍华德这边屡有上佳的表现,中场,0-0
而埃弗顿这边顶住压力后也是通过反击不断给曼城施压,中场,0-0
曼加拉和费尔南迪尼奥因此得到黄牌,中场,0-0
而两次的任意球也是考验了一下乔哈特,中场,0-0
让我们稍事休息，一会儿为您带来双方下半场的比赛,中场,0-0
让我们回到比赛现场,中场,0-0
下半场比赛开始！,下半场 1',0-0
下半场比赛由曼城开球,下半场 1',0-0
曼城左路送直塞,下半场 1',0-0
科拉罗夫底线的下底被霍华德得到,下半场 1',0-0
曼城将球转移给到左路,下半场 2',0-0
席尔瓦的远射打在立柱上！！,下半场 2',0-0
斯特林拿球给到禁区内，席尔瓦停球后转身打近角被立柱挡出！,下半场 3',0-0
斯特林左路高速带球到了禁区里,下半场 4',0-0
一扣被对方直接带了一下,下半场 4',0-0
埃弗顿下半场的开局还是有些被动,下半场 5',0-0
曼城前场拿球给到右路,下半场 7',0-0
底线的突破给到禁区内,下半场 7',0-0
席尔瓦这边接球摔倒,下半场 7',0-0
裁判这边也没有吹假摔,下半场 7',0-0
但这球似乎是席尔瓦被阻挡,下半场 7',0-0
控球比重，曼城完全压制住了埃弗顿,下半场 8',0-0
埃弗顿中场附近断抢下来,下半场 9',0-0
克莱维利边路起球送禁区内,下半场 9',0-0
这球落点送的不好,下半场 9',0-0
斯特林前场边路拿球,下半场 9',0-0
也是出现了失误,下半场 9',0-0
卢卡库拉到边路来拿球,下半场 10',0-0
埃弗顿将球转移出来,下半场 10',0-0
巴克利这边前场没有连接上来,下半场 10',0-0
克莱维利边路传球送队友前插的点,下半场 10',0-0
但是队友并没去跑,下半场 10',0-0
亚亚-图雷前场禁区边缘拿球,下半场 10',0-0
想吊后点，直接传大了,下半场 11',0-0
埃弗顿中场送直塞到禁区,下半场 12',0-0
乔哈特提前出击将球得到,下半场 12',0-0
埃弗顿中场挑传找卢卡库,下半场 13',0-0
卢卡库头球直接摆渡被拦截,下半场 13',0-0
曼城这边，萨尼亚的传球有些离谱,下半场 13',0-0
球直接在空中出界了,下半场 14',0-0
传球的次数曼城283次,下半场 14',0-0
0-1！！！,下半场 15',0-1
科拉罗夫！！,下半场 15',0-1
斯特林左路拿球到了禁区内，送直塞给到后排插上的科拉罗夫，带球到了底线，小角度打近角，霍华德这球失误了，没有封近角,下半场 16',0-1
这球霍华德似乎没有意识到会打近角,下半场 17',0-1
而科拉罗夫这球近乎0度角了,下半场 17',0-1
埃弗顿这边要准备调整了,下半场 17',0-1
科内禁区内转身打门被后卫挡出,下半场 18',0-1
球正好在卢卡库脚下，结果动作慢了,下半场 18',0-1
曼城这边很快将球解围出来,下半场 18',0-1
曼城这边反击的机会,下半场 18',0-1
纳瓦斯利用对方后卫的失误,下半场 19',0-1
禁区内面对霍华德,下半场 19',0-1
打门打在霍华德的脸上！！,下半场 19',0-1
埃弗顿换人，科内下，奈史密斯上！,下半场 19',0-1
曼城角球开出，威胁不大,下半场 19',0-1
纳瓦斯这球在打门的时候稍微有些犹豫,下半场 19',0-1
奈史密斯传球送禁区内,下半场 21',0-1
巴克利跟进的打门打在后卫的身上,下半场 21',0-1
埃弗顿的角球机会,下半场 21',0-1
角球送前点被后卫顶出来,下半场 21',0-1
巴克利前场拿球到禁区弧顶,下半场 22',0-1
奈史密斯这边接球后起脚被后卫挡出,下半场 22',0-1
埃弗顿继续角球机会,下半场 22',0-1
角球送前点还是被解围,下半场 22',0-1
继续角球的机会,下半场 22',0-1
巴克利角球送后点,下半场 22',0-1
找卢卡库被解围,下半场 22',0-1
纳瓦斯前场边路带球被断,下半场 24',0-1
席尔瓦拿球给到中路被解围,下半场 25',0-1
曼城前场右路控球,下半场 27',0-1
底线的下底被奈史密斯碰出底线,下半场 27',0-1
曼城的角球机会,下半场 27',0-1
角球打了一个配合,下半场 27',0-1
席尔瓦边路的传球送出了底线,下半场 28',0-1
曼城中场控球，挑传打身后,下半场 30',0-1
斯特林底线将球追到,下半场 30',0-1
斯特林的速度确实是快啊,下半场 30',0-1
但埃弗顿双方包夹将球抢了下来,下半场 30',0-1
曼城中场很快将球反抢回来,下半场 30',0-1
右路边线的突破再次被断,下半场 30',0-1
曼城要换人了,下半场 31',0-1
斯特林下，纳斯里上！,下半场 31',0-1
埃弗顿这段时间打不到前场,下半场 33',0-1
科尔曼右路拿球下底被解围,下半场 33',0-1
埃弗顿的角球机会,下半场 33',0-1
角球送中路,下半场 33',0-1
乔哈特这边出击打球没有打好,下半场 34',0-1
混战中，曼城这边还是先将球解围,下半场 34',0-1
纳斯里中场外脚背给一个直线,下半场 34',0-1
这球先被埃弗顿解围了,下半场 34',0-1
曼城这边准备继续调整,下半场 34',0-1
博尼准备上场,下半场 34',0-1
萨尼亚底线倒三角传回来,下半场 35',0-1
亚亚-图雷禁区外围推射将球打高,下半场 35',0-1
曼城换人，阿圭罗下，博尼上！,下半场 36',0-1
埃弗顿中场的传球被拦截,下半场 38',0-1
全场比赛已经过了80分钟，场上的比分是曼城1-0暂时领先,下半场 38',0-1
埃弗顿这边进攻上来,下半场 38',0-1
科尔曼强突赢得角球,下半场 38',0-1
角球送后点,下半场 39',0-1
队友的争抢没有顶到,下半场 39',0-1
博尼前场将球控球下来,下半场 39',0-1
底线的回敲出现了失误,下半场 39',0-1
曼城前场拿球给到左路,下半场 40',0-1
纳斯里拿球再分出来,下半场 41',0-1
边路的传球被后卫挡出底线,下半场 41',0-1
埃弗顿换人，克莱维利下，德乌洛费乌上！,下半场 41',0-1
曼城角球送后点,下半场 41',0-1
球在空中先出界了,下半场 42',0-1
纳斯里这边也是得到一张黄牌！,下半场 42',0-1
纳斯里禁区内有及hi,下半场 43',0-1
角度很小的打门被门将封出,下半场 43',0-1
0-2！！！,下半场 43',0-2
纳斯里！！,下半场 43',0-2
亚亚-图雷禁区前沿妙传到禁区里，纳斯里前插后挑射破门！,下半场 44',0-2
曼城换人，席尔瓦下，德尔菲上！,下半场 45',0-2
下半场补时4分钟,下半场 46',0-2
曼城这边锁定了比赛,下半场 46',0-2
曼城中场拿球给到左路,下半场 47',0-2
科拉罗夫得球后选择将球回敲,下半场 47',0-2
最后的几分钟，曼城这边要将球控在脚下,下半场 47',0-2
埃弗顿前场拿球给到左路,下半场 48',0-2
巴克利前场送直塞没有给过去,下半场 48',0-2
卢卡库禁区内想蝎子摆尾被后卫干扰,下半场 49',0-2
埃弗顿的角球,下半场 49',0-2
最后一次的进攻机会了,下半场 49',0-2
角球送中路，球被乔哈特扑了一下,下半场 50',0-2
全场比赛结束！,完赛,0-2
最终埃弗顿主场0-2负于曼城,完赛,0-2
这样曼城拿到了9连胜,完赛,0-2
而新赛季他们已经是三连胜且不失一球,完赛,0-2
本场比赛，席尔瓦憾中立柱，斯特林助攻科拉罗夫打破僵局，替补出场的纳斯里扩大比分,完赛,0-2
曼城3连胜领跑积分榜,完赛,0-2
今天的比赛就为大家解说到这里，欢迎您继续关注新浪体育为您送上的其他精彩赛事直播节目，谢谢！,完赛,0-2
