各位网友、球迷朋友，欢迎来到新浪体育收看精彩的比赛图文直播,未赛,0-0
本次直播给大家带来的是英超第5轮，埃弗顿主场迎战切尔西的比赛,未赛,0-0
双方在各项正式比赛中一共交锋172场，切尔西68胜52平52负稍占上风，进269球失244球,未赛,0-0
英超历史上，切尔西46次对阵埃弗顿，战绩是22胜16平8负，其中在客场，切尔西23次挑战埃弗顿9胜7平7负,未赛,0-0
两队上次交锋是2014-15赛季英超第25轮，切尔西1-0力克埃弗顿,未赛,0-0
英超新赛季，切尔西整体状态低迷，前4轮1胜1平2负只拿到4分，被榜首的曼城甩开8分,未赛,0-0
而在本场比赛的赛前训练中，切尔西主力门将、比利时国门库尔图瓦膝盖受伤，将面临长达数月的休战，这对于整体状态不佳的蓝军来说，无疑是雪上加霜,未赛,0-0
不过也有好消息，第三轮拿到红牌，上轮停赛的蓝军队长特里，本场将解禁复出，特里、祖玛、卡希尔如何选择，穆里尼奥有的考虑了,未赛,0-0
切尔西新引进的佩德罗、贝戈维奇、肯尼迪、法尔考都已代表球队出场。不过2000万英镑的左后卫巴巴、400万英镑的中卫吉洛鲍吉，还未代表切尔西上阵，此役两人能否上演蓝军处子秀，值得关注,未赛,0-0
埃弗顿前4轮取得1胜2平1负积5分排在第9位，阵中的小魔兽卢卡库是切尔西的老熟人，此役卢卡库面对老东家，会有怎样的表现，值得期待,未赛,0-0
北京时间9月12日晚19点45分，切尔西客场面对埃弗顿，状态低迷的蓝军能否迎来新赛季球队的第二场胜利，我们拭目以待！,未赛,0-0
大家晚上好，欢迎来到新浪体育赛事直播间,未赛,0-0
即将送上的是英超第5轮，切尔西客场和埃弗顿的比赛,未赛,0-0
英超前四轮战罢，切尔西1胜1平2负积4分，埃弗顿1胜2平1负积5分列第九,未赛,0-0
作为卫冕冠军，切尔西本赛季开局整体表现低迷，四轮仅取1胜，以让球队上下遭遇不小压力,未赛,0-0
目前双方的首发名单已经公布，我们先睹为快,未赛,0-0
埃弗顿首发阵容(4-2-3-1)：霍华德；科尔曼，斯通斯，加吉尔卡，加罗维；巴里，麦卡锡；贝西奇，巴克利，科内；卢卡库,未赛,0-0
替补：罗布莱斯，米拉拉斯，列农，奈史密斯，德乌洛费乌，奥斯曼，莫里,未赛,0-0
切尔西首发阵容(4-2-3-1)：1-贝戈维奇；2-伊万诺维奇，5-祖马，26-特里，28-阿斯皮利奎塔；12-米克尔，21-马蒂奇；17-佩德罗，4-法布雷加斯，10-阿扎尔；19-迭戈-科斯塔,未赛,0-0
替补：布莱克曼，法尔考，肯尼迪，雷米，威廉，卡希尔，洛夫图斯-奇克,未赛,0-0
切尔西近3次赛季6次对阵埃弗顿仅1次在客场落败，上赛季曾在古迪逊公园6比3取胜,未赛,0-0
这是双方历史第173场交锋，此前切尔西68胜52平52负,未赛,0-0
库尔图瓦在赛前训练中膝盖受伤，贝戈维奇替代首发登场,未赛,0-0
第三轮领到红牌，上轮停赛的队长特里解禁复出，和祖玛搭档双中卫,未赛,0-0
双方球员已经在通道，准备入场啦,未赛,0-0
埃弗顿后卫斯通这个夏天一直是切尔西的引进目标，可惜最终埃弗顿不愿放手，才终止,未赛,0-0
本场比赛，看台上的主队球迷打出横幅，我们要斯通，不要你们的钱，有意思啊,未赛,0-0
上半场比赛开始,上半场 1',0-0
首先由深蓝衣白裤的埃弗顿开球，从画面的右侧向左进攻,上半场 1',0-0
佩德罗前场左路拿球，直塞给到科斯塔,上半场 2',0-0
科斯塔底线强突，被斯通转身强行拦截,上半场 2',0-0
科内右路拿球，强突想和卢卡库配合，失误啦,上半场 3',0-0
切尔西的反击，阿斯皮利奎塔长传球找科斯塔，被贾吉尔卡拦截,上半场 3',0-0
埃弗顿的反击，左路直塞球给到前插的贝西奇,上半场 3',0-0
贝西奇停球，面对祖玛，强行内切，小角度打门,上半场 4',0-0
球打在祖玛角上折射打在边网上,上半场 4',0-0
埃弗顿获得左侧角球机会,上半场 4',0-0
不过贝西奇这次拼的有点凶，拉伤了，出场接受治疗,上半场 4',0-0
埃弗顿战术角球开出，左路斜传球到禁区,上半场 4',0-0
卢卡库抢点头球，被吹冲撞贝戈维奇犯规,上半场 5',0-0
米克尔中圈拿球，带了两步，分边右侧给到阿扎尔,上半场 5',0-0
阿扎尔再给佩德罗，佩德罗脚后跟想给小法，被后卫出脚破坏,上半场 6',0-0
伊万右路拿球，强突下底传中，被科尔曼挡出边线,上半场 6',0-0
伊万右路拿球，再传禁区，贾吉尔卡头球解围,上半场 6',0-0
阿斯皮利奎塔左路拿球，底线强突，趟大出界,上半场 7',0-0
科尔曼前场拿球强突，被米克尔上抢拦截,上半场 7',0-0
米克尔带球到中圈，过顶球找前插的佩德罗，传大啦,上半场 8',0-0
卢卡库前场中路拿球，直塞打身后想找贝西奇,上半场 8',0-0
被特里出脚拦截回来，到了巴克利脚下,上半场 8',0-0
巴克利停球内切，禁区左侧起脚打门，打偏,上半场 8',0-0
埃弗顿换人：拉伤的贝西奇无法坚持，被奈史密斯换下,上半场 9',0-0
米克尔中场拿球，过顶斜传找佩德罗，被后卫出脚破坏,上半场 10',0-0
切尔西前场进攻，伊万的右路传中，被加洛维挡出底线,上半场 10',0-0
切尔西再次获得右侧角球机会，佩德罗主罚,上半场 10',0-0
角球开出到前点，第一点被后卫解围,上半场 10',0-0
小法前场右路拿球，再传禁区，祖玛跟进凌空扫射打偏,上半场 11',0-0
斯通后场拿球，面对逼抢，直塞给到巴里,上半场 11',0-0
巴里带球过中线，直塞再给科内,上半场 12',0-0
科内右路拿球，强突后斜传球到后点，奈史密斯的头球顶偏,上半场 12',0-0
佩德罗前场中路拿球，强突被断啦,上半场 13',0-0
巴克利中场拿球，分边左侧给加洛维,上半场 13',0-0
加洛维拿球，想利用速度强吃伊万，被反断,上半场 13',0-0
阿扎尔右路拿球，趟了两步，横传球，失误,上半场 14',0-0
卢卡库中场背身拿球，靠着米克尔转身后分边右侧给科内,上半场 14',0-0
科内右路拿球，大范围斜传球到后点找奈史密斯,上半场 15',0-0
伊万回防，卡住身位，将球护送出底线,上半场 15',0-0
奈史密斯身后上抢时掀翻了伊万，在伊万倒地时还上脚踢球，有点不应该啊,上半场 15',0-0
埃弗顿进球啦！！！,上半场 16',1-0
替补登场的奈史密斯，先拔头筹！！！,上半场 16',1-0
奈史密斯禁区外拿球，一扣摆脱防守直塞给加洛维，加洛维禁区左侧拿球，面对伊万的封堵，左脚横传球，奈史密斯跟进打门得手！！！,上半场 17',1-0
上半场18分钟，主队埃弗顿取得了领先,上半场 18',1-0
埃弗顿前场再攻，中场过顶球给到右侧的科尔曼,上半场 19',1-0
科尔曼右路拿球，起球到禁区，科内的头球,上半场 19',1-0
贝戈维奇奋力将球挡出底线，角球,上半场 19',1-0
角球开出到禁区，第一点被后卫解围,上半场 19',1-0
外围的巴里迎球再射，打在防守球员身上出底线,上半场 20',1-0
埃弗顿再次获得左侧角球机会，巴克利主罚,上半场 20',1-0
角球开出，这次没能形成威胁,上半场 20',1-0
之前科内的头球，贝戈维奇的扑救相当精彩，手指蹭到了一点点，如果蹭不到，那真不好说哦,上半场 21',1-0
切尔西前场再攻，伊万的过顶球找科斯塔,上半场 21',1-0
边裁举旗，吹罚了科斯塔对加洛维的推人犯规,上半场 21',1-0
2-0！！！奈史密斯！！！,上半场 21',2-0
替补登场12分钟的奈史密斯，梅开二度，帮助球队取得两球领先优势,上半场 22',2-0
埃弗顿前场进攻，巴里中路斜传给奈史密斯，奈史密斯禁区左上角停球一趟，面对伊万和特里的封堵，左脚抽射打远角死角，得分！！！,上半场 23',2-0
米克尔前场中路拿球，斜传找右路的阿扎尔,上半场 24',2-0
可惜传球力量没控制好，直接传出了底线,上半场 24',2-0
埃弗顿前场再攻，巴克利进攻，马蒂奇回防拉人犯规,上半场 25',2-0
上半场25分钟，比分2-0，主队埃弗顿领先,上半场 25',2-0
切尔西左路进攻，佩德罗的直塞找前插的阿斯皮利奎塔,上半场 25',2-0
阿斯皮利奎塔拿球一趟，面对斯通的封堵，起脚打门，被挡出底线，打在边网,上半场 26',2-0
切尔西获得左侧角球机会，开出到禁区，科内解围,上半场 26',2-0
伊万右路拿球，再传禁区，巴里挡出底线,上半场 26',2-0
切尔西右侧角球，这次没能形成威胁,上半场 26',2-0
埃弗顿的前场进攻，直塞打身后找卢卡库,上半场 27',2-0
卢卡库跑过了，转身回来再拿，没机会啦,上半场 27',2-0
卢卡库控制一下，下底传中到前点，被挡出,上半场 27',2-0
阿扎尔的前场拿球，转身强突被贾吉尔卡绊倒在地,上半场 28',2-0
切尔西获得前场中路的任意球机会,上半场 28',2-0
战术任意球开出到右侧给伊万,上半场 28',2-0
伊万拿球，面对加洛维，强突，被断啦,上半场 28',2-0
小法前场中路拿球，直塞到禁区找佩德罗,上半场 29',2-0
斯通回防，抢在佩德罗之前将球解围,上半场 29',2-0
巴克利左路拿球，直塞给到奈史密斯,上半场 30',2-0
奈史密斯停球，面对逼抢，回带被上抢的伊万踢翻在地,上半场 30',2-0
米克尔中圈拿球，过顶长传找前插的科斯塔,上半场 31',2-0
斯通转身回防，抢在科斯塔之前将球拦截,上半场 31',2-0
伊万右路拿球，强突下底被回防的奈史密斯挡出底线,上半场 32',2-0
切尔西再次获得右侧角球机会,上半场 32',2-0
小法主罚，开出到禁区，第一点被埃弗顿球员解围,上半场 33',2-0
马蒂奇外围拿球，再分左侧给到科斯塔,上半场 33',2-0
科斯塔起球到门前，直接送入饿了霍华德的怀中,上半场 33',2-0
科尔曼右路拿球，内切后分球给科内,上半场 34',2-0
科内拿球，再找右路前插的麦卡锡,上半场 34',2-0
麦卡锡起球被切尔西球员挡出,上半场 34',2-0
这球阿斯皮利奎塔有手球的嫌疑啊，很明显的,上半场 34',2-0
埃弗顿的球迷呐喊，裁判不理，呐喊声改嘘声！！！1,上半场 35',2-0
切尔西进球啦！！！,上半场 35',2-1
马蒂奇的远射直挂死角！！！,上半场 35',2-1
切尔西右路进攻，佩德罗横传给马蒂奇，马蒂奇停球一趟，20米开外的左脚世界波，直挂球门左上死角，打进！！！,上半场 36',2-1
马蒂奇的世界波,上半场 36',2-1
切尔西前场再攻，阿扎尔的远射，打在防守球员身上，折射出底线,上半场 37',2-1
切尔西获得左侧角球机会，开出到前点，科内头球解围出底线,上半场 38',2-1
切尔西继续角球，战术角球开出,上半场 38',2-1
阿扎尔起球到前点，特里的冲顶，顶高一点点！！！,上半场 38',2-1
祖玛后场拿球，横传给到特里,上半场 39',2-1
切尔西开始控球，放缓节奏，寻求最佳的进攻机会,上半场 40',2-1
伊万右路拿球，横传球给到中间的马蒂奇,上半场 40',2-1
马蒂奇禁区正前方，起脚打门，打在巴里身上出底线,上半场 40',2-1
切尔西再次获得左侧角球机会,上半场 40',2-1
开出到禁区，科内头球解围,上半场 40',2-1
阿扎尔左路拿球，再突，下底后倒三角回传，直接到了斯通脚下,上半场 41',2-1
奈史密斯第一个进球,上半场 41',2-1
科斯塔禁区弧顶拿球，转身打门，被斯通挡出底线,上半场 41',2-1
切尔西获得右侧角球机会，小法主罚,上半场 42',2-1
角球开出到禁区，贾吉尔卡头球解围出底线,上半场 42',2-1
切尔西再次获得角球机会，第一点被埃弗顿球员解围,上半场 42',2-1
阿扎尔外围得球，远射，被伊万一垫，打偏,上半场 43',2-1
卢卡库前场中路拿球，分边给到右侧的科尔曼,上半场 43',2-1
科尔曼再斜传给到科内，科内起球往禁区吊，直接出底线,上半场 43',2-1
上半场比赛进入尾声，比分2-1，埃弗顿领先,上半场 44',2-1
马蒂奇前场拿球，强突到禁区，遭遇夹击,上半场 44',2-1
马蒂奇变向强突，球被后卫捅出,上半场 44',2-1
球到了佩德罗脚下，佩德罗停球一拨，拔脚怒射，打偏,上半场 45',2-1
上半场比赛补时2分钟,上半场 45',2-1
小法前场拿球，分边右路给到伊万,上半场 45',2-1
伊万边路强突，被奈史密斯上抢拦截,上半场 45',2-1
奈史密斯面对逼抢，回传加洛维，被伊万伸脚挡出边线,上半场 46',2-1
埃弗顿前场再攻，卢卡库直塞给到奈史密斯,上半场 47',2-1
奈史密斯禁区左侧拿球，转身传中到后点,上半场 48',2-1
科尔曼插上头球顶偏,上半场 48',2-1
上半场比赛结束，埃弗顿主场2-1暂时领先切尔西,中场,2-1
贝西奇受伤，替补登场的奈史密斯梅开二度，主场作战的埃弗顿取得2球领先,中场,2-1
在切尔西进攻办法不多的情况下，马蒂奇左脚世界波扳回一城，激励队友奋起反击,中场,2-1
半场双方差距一个球，下半场切尔西还是有机会扳平甚至是反超，看看穆里尼奥如何布置,中场,2-1
我们稍事休息，再回来继续双方的下半场比赛,中场,2-1
双方上半场射门：埃弗顿6次，4次射正；切尔西11次，1次射正,中场,2-1
双方球员回来，下半场比赛马上开始,中场,2-1
下半场比赛开始，切尔西开球,下半场 1',2-1
埃弗顿右路的进攻，科尔曼强突，被阿斯皮利奎塔破坏出边线,下半场 1',2-1
特里后场拿球，分边左侧给阿斯皮利奎塔,下半场 2',2-1
阿斯皮利奎塔再给小法，小法横传阿扎尔,下半场 2',2-1
阿扎尔强突后分边左侧给阿斯皮利奎塔,下半场 2',2-1
阿斯皮利奎塔的起球到禁区，第一点被埃弗顿球员解围,下半场 3',2-1
科斯塔右路拿球，强突时被加洛维绊倒在地,下半场 3',2-1
奈史密斯左路回防抢断，分球给到卢卡库,下半场 4',2-1
卢卡库再和奈史密斯的配合，被伊万抢断,下半场 4',2-1
伊万回传贝戈维奇，差点失误，贝戈维奇出击到大禁区外，将球解围,下半场 4',2-1
小法后场拿球，大脚长传时被身后上来的奈史密斯踢倒在地,下半场 5',2-1
阿扎尔左路拿球，强行内切，被麦卡锡回防抢断,下半场 5',2-1
麦卡斯拿球，转身解围，在科斯塔的干扰下，出底线,下半场 6',2-1
切尔西获得左侧角球机会，这是蓝军的第10次角球,下半场 6',2-1
角球开出到禁区，还是没能形成威胁,下半场 6',2-1
祖玛禁区外拿球，巴里上抢踢翻了祖玛，犯规,下半场 7',2-1
祖玛倒地，接受队医的检查处理,下半场 8',2-1
卡希尔在场边热身，祖玛出场接受治疗,下半场 8',2-1
卢卡库场边接受主教马丁内斯的指点,下半场 8',2-1
小法前场左路和佩德罗的配合，被贾吉尔卡上抢拦截,下半场 8',2-1
米克尔后场抢断，横传左侧给到阿斯皮利奎塔,下半场 9',2-1
阿斯皮利奎塔再回传特里，特里给祖玛,下半场 9',2-1
祖玛分球右侧给伊万，伊万的斜塞球失误,下半场 9',2-1
埃弗顿的反击，科尔曼右路拿球，强突下底横传，被特里挡出底线,下半场 10',2-1
埃弗顿获得右侧角球机会，巴克利主罚,下半场 10',2-1
角球开出到后点，斯通的头球顶出底线,下半场 10',2-1
切尔西换人：16号肯尼迪上，换下12号米克尔,下半场 11',2-1
下半场比赛也10分钟了，比分依旧是2-1，埃弗顿领先,下半场 11',2-1
特里中线位置拿球，直塞找肯尼迪,下半场 12',2-1
肯尼迪背身停球，没停好，球被科内抢断,下半场 12',2-1
巴克利前场拿球，强突到禁区，遭遇四人围抢,下半场 12',2-1
巴克利还在带，横切被回防的马蒂奇拦截,下半场 13',2-1
埃弗顿前场进攻，科内的斜传球到左侧给卢卡库,下半场 14',2-1
卢卡库停球，一趟，起脚打门，被贝戈维奇挡出,下半场 14',2-1
卢卡库跟进再抢，特里卡住身位，跳起落地时，将球捅给了贝戈维奇,下半场 14',2-1
卢卡库向裁判投诉，这球特里回传，贝戈维奇手拿违例,下半场 15',2-1
不过裁判认为这球并不是回传，未予理睬，球迷再次送上嘘声,下半场 15',2-1
慢镜头回放显示，这球特里在卢卡库上来，身体未接触之前，右脚脚尖将球捅给了贝戈维奇，应该是回传，贝戈维奇不应该手拿的,下半场 16',2-1
奈史密斯前场左路拿球，横传给到科内,下半场 16',2-1
科内拿球横切，直塞打身后找卢卡库,下半场 16',2-1
卢卡库前插停球，趟出两步，小禁区右侧起脚打门，打在边网上,下半场 17',2-1
肯尼迪左路拿球，横切后交给小法,下半场 17',2-1
小法再塞禁区找佩德罗，被断啦,下半场 17',2-1
巴克利拿球反击，快速推进到禁区弧顶，分边右侧,下半场 18',2-1
传球传大了，伊万上抢将球拦截,下半场 18',2-1
埃弗顿前场再攻，巴克利强突到禁区,下半场 19',2-1
巴克利在马蒂奇的逼抢下，摔倒在禁区,下半场 19',2-1
裁判并未理会，球被切尔西球员解围,下半场 19',2-1
切尔西的反击，加洛维防守犯规,下半场 20',2-1
不过球还在切尔西这边，伊万的传中赢得角球,下半场 20',2-1
加洛维被主裁判补发黄牌一张！！！,下半场 20',2-1
切尔西获得角球机会，并未形成威胁,下半场 21',2-1
埃弗顿前场进攻，科内的短传给到奈史密斯,下半场 22',2-1
奈史密斯强突受阻，再给科内,下半场 22',2-1
科内将球一趟，自己倒地，球被切尔西球员解围出底线,下半场 23',2-1
埃弗顿获得左侧角球机会，开出到禁区,下半场 23',2-1
第一点被切尔西球员解围，加洛维再传后点,下半场 23',2-1
卢卡库拿球，强突后的打门，被挡出,下半场 23',2-1
卢卡库跟进再补，被特里挡出底线,下半场 23',2-1
埃弗顿再次获得右侧角球，并未形成威胁,下半场 23',2-1
切尔西换人：法尔考上，换下佩德罗,下半场 24',2-1
埃弗顿的进攻赢得左侧角球,下半场 24',2-1
战术角球开出，巴克利底线强突，被断,下半场 25',2-1
切尔西的反击，右路的斜传球到前场中路给前插的伊万,下半场 25',2-1
伊万拿球，一停，趟出两步，禁区弧顶分边左侧给科斯塔,下半场 25',2-1
科斯塔拿球连续两扣，内切准备打门，被斯通倒地铲出底线,下半场 25',2-1
切尔西左侧角球机会，并未形成威胁,下半场 26',2-1
埃弗顿的进攻，左路的直塞球给到前插的卢卡库,下半场 26',2-1
卢卡库停球，内切，强突到禁区，起脚打门，打飞,下半场 26',2-1
埃弗顿换人：科内下，换上列侬,下半场 26',2-1
这样双方都换了两个名额啊,下半场 27',2-1
阿斯皮利奎塔左路拿球，强突被科尔曼破坏出边线,下半场 28',2-1
埃弗顿后场抢断，巴里中场拿球，斜传右侧给到科尔曼,下半场 29',2-1
科尔曼右路的起球到后点，越过卢卡库的头顶，出了底线,下半场 29',2-1
切尔西再次换人：22号威廉上，换下4号小法,下半场 29',2-1
列侬前场右路拿球，底线内切，倒三角回传门前,下半场 30',2-1
回防的威廉，抢在卢卡库之前出脚解围,下半场 30',2-1
科尔曼右路传中后，自己也是有点拉伤，坐在了地上,下半场 31',2-1
科尔曼在队医的陪伴下出场接受治疗,下半场 31',2-1
埃弗顿直接换人：23号科尔曼被换下，换上了25号福尼斯,下半场 32',2-1
斯通被推到了右边路，贾吉尔卡和福尼斯担当中卫,下半场 32',2-1
阿扎尔右路拿球，面对列侬的防守，没机会,下半场 33',2-1
阿扎尔回传给到马蒂奇，马蒂奇内切后的挑传到后点,下半场 33',2-1
没有队友接应，球被威廉控制,下半场 33',2-1
威廉再传禁区，加洛维解围出底线,下半场 33',2-1
切尔西右侧角球机会，开出到禁区，奈史密斯头球解围,下半场 34',2-1
威廉右路拿球再传，加洛维将球顶出边线,下半场 34',2-1
双方的三个换人名额全部用完，看看最后十几分钟的情况如何吧,下半场 35',2-1
马蒂奇前场中路拿球，远射打在防守球员身上出底线,下半场 35',2-1
切尔西获得右侧角球机会，威廉主罚,下半场 35',2-1
角球开出到禁区中路，祖玛的头球顶高,下半场 35',2-1
卢卡库左路拿球，短传给到奈史密斯,下半场 36',2-1
奈史密斯背身停球，伊万上抢踢倒奈史密斯，犯规,下半场 36',2-1
3-1！！！,下半场 37',3-1
奈史密斯，上演帽子戏法！！！,下半场 37',3-1
列侬右路拿球，横传给到巴克利，巴克利横切，禁区外直塞打身后，奈史密斯前插拿球，面对贝戈维奇，小角度劲射，穿过贝戈维奇小门，打进近角！！！,下半场 38',3-1
切尔西前场进攻，阿扎尔左路拿球，挑传球到后点,下半场 39',3-1
法尔考在加洛维的干扰下，头球顶高！！！,下半场 39',3-1
奈史密斯带帽进球,下半场 39',3-1
威廉后场逼抢，放倒了拿球强突的巴克利，犯规,下半场 40',3-1
埃弗顿获得了前场中路的任意球机会,下半场 40',3-1
巴克利任意球直接攻门，放了高射炮！！！,下半场 40',3-1
切尔西前场进攻，马蒂奇的强突，被斯通绊倒在地,下半场 41',3-1
斯通被主裁判出示了黄牌警告！！！,下半场 41',3-1
切尔西获得前场中路的任意球机会,下半场 41',3-1
威廉任意球搓传禁区，贾吉尔卡抢在科斯塔之前头球解围,下半场 42',3-1
列侬右路拿球反击，阿斯皮利奎塔上抢，直接撞翻了列侬,下半场 42',3-1
阿斯皮利奎塔被主裁判出示了黄牌警告！！1,下半场 42',3-1
斯通右路拿球，强突后的传中，被挡出,下半场 44',3-1
比赛已经进入尾声，比分3-1，埃弗顿领先,下半场 44',3-1
下半场比赛补时4分钟,下半场 45',3-1
伊万右路拿球，直塞球被破坏出边线,下半场 46',3-1
切尔西前场失误，威廉的反抢，身后拉倒了加洛维，犯规,下半场 47',3-1
法尔考中场拿球，面对逼抢，回传特里,下半场 47',3-1
特里在巴里的干扰下，球没停好，出了边线,下半场 47',3-1
福尼斯后场拿球，带球到前场，科斯塔回防上抢，身后放倒了福尼斯，犯规,下半场 48',3-1
科斯塔被主裁判出示了黄牌警告！！1,下半场 48',3-1
埃弗顿获得前场中路的任意球机会,下半场 49',3-1
巴里的任意球传入禁区，第一点被切尔西球员解围,下半场 49',3-1
斯通外围拿球，再传禁区,下半场 49',3-1
奈史密斯抢点先推翻了祖玛，自己再被出击的贝戈维奇撞翻在地,下半场 49',3-1
切尔西前场控球，威廉横传给阿扎尔,下半场 50',3-1
全场比赛结束，埃弗顿主场3-1战胜切尔西！！！,完赛,3-1
替补登场的奈史密斯上演帽子戏法，马蒂奇世界波为切尔西打进一球！！1,完赛,3-1
五轮之后，卫冕冠军切尔西1胜1平3负，仅积4分，状态相当低迷，需及时调整,完赛,3-1
奈史密斯和斯通是埃弗顿攻防两端表现最为出色的两人，估计又是豪门的“潜力股”了,完赛,3-1
好了，本场比赛的直播就到这里，谢谢大家的陪伴和观看，再见！,完赛,3-1
