北京时间10月25日15点，2015赛季中超联赛第29轮全面展开争夺，新浪体育将准时为大家带来本场石家庄永昌对阵贵州人和的直播,未赛,0-0
永昌上轮在客场力阻上港的表现赢得了舆论一致赞叹，这即表明了这支升班马能高居积分榜第6位的战斗力，更是为中国联赛在收官阶段的敏感场次表率了职业态度。,未赛,0-0
本赛季永昌主场战绩6胜7平1负，此战是永昌本赛季最后一个主场，力求精彩收官与继续诠释职业面貌是永昌的看点。,未赛,0-0
遭遇5连败后人和积分停滞在25分，是当前降级险情最大的球队，球队即使最后两轮取得全胜也无法掌控保级主动权，还要盼望曙光重现的前提就是此战赢球。,未赛,0-0
本赛季人和客场战绩2胜4平8负。本赛季首回合人和主场0-0战平永昌,未赛,0-0
赛前双方公布了出场阵容，让我们来看一下,未赛,0-0
石家庄永昌：22-关震；2-吕宏琛，5-白鹤，9-隆冬，13-冯绍顺，14-赵荣亨，15-王鹏，17-王子豪，19-穆伦加，24-古德约翰森，25-糜昊伦,未赛,0-0
替补：1-朱嘉琦，3-刘君鹏，10-鲁本，11-黄世博，23-胡伟，26-孙昊晟，32-武浩然,未赛,0-0
贵州人和：12-张烈；3-张成林，5-刘洋，8-夏维耶，9-米西莫维奇，11-桑托斯，15-陈杰，21-萨利霍维奇，27-朴柱成，30-冯仁亮，31-饶伟辉,未赛,0-0
替补：1-徐嘉敏，4-于睿，6-范云龙，13-史亮，17尤里，22-王刚，33-朱宝杰,未赛,0-0
球员列队来到球场,未赛,0-0
双方握手致意,未赛,0-0
上半场比赛开始,未赛,0-0
永昌率先开球,未赛,0-0
古德约翰森左路拿球回敲,未赛,0-0
永昌右路传中被挡出底线,未赛,0-0
赢得角球,上半场 1',0-0
隆东右路传中，直接出了底线,上半场 2',0-0
张烈大脚开出门球,上半场 2',0-0
永昌后卫大脚踢出边线,上半场 2',0-0
冯仁亮左路拿球回敲,上半场 3',0-0
米西莫维奇禁区左侧小角度打门被封堵出底线,上半场 3',0-0
米西莫维奇角球送到禁区被顶出底线,上半场 4',0-0
米西莫维奇角球再送到禁区，第一点被解围,上半场 4',0-0
永昌后场断球,上半场 5',0-0
冯绍顺中场被萨利霍维奇踢翻在地,上半场 5',0-0
古德约翰森中场拿球直塞,上半场 5',0-0
冯绍顺右路斜传禁区被顶出,上半场 5',0-0
人和右路拿球,上半场 6',0-0
米西莫维奇外围打门，皮球打在防守球员身上弹出,上半场 7',0-0
人和外围继续控球,上半场 7',0-0
米西莫维奇中场拿球杀到禁区前沿直接起脚打门，皮球被关震没收,上半场 7',0-0
在另外一场争冠比赛中，恒大取得了进球,上半场 8',0-0
人和开场之后打的是比较主动的,上半场 9',0-0
冯绍顺右路上来给到隆东,上半场 9',0-0
古德语汉森中场摆脱后给到右路的隆东，隆东右路直接传中，球被张烈挡了一下，穆伦加没能拿到，人和后卫及时解围,上半场 10',0-0
冯仁亮传中被顶出,上半场 10',0-0
人和前场断球，桑托斯给到左路,上半场 10',0-0
冯仁亮左路传中，球被后卫蹭到右路,上半场 11',0-0
人和前场右侧犯规,上半场 11',0-0
人和后场回传门将，差点被古德约翰森抢断,上半场 12',0-0
米西莫维奇斜塞左路的桑托斯，桑托斯拿球到禁区,上半场 12',0-0
突破犯规踢倒了赵荣亨,上半场 12',0-0
桑托斯上前也是伸手表示歉意,上半场 13',0-0
继续比赛,上半场 13',0-0
永昌中场左侧拿球长传找穆伦加，脚法差了点,上半场 13',0-0
冯仁亮左路拿球回给米西莫维奇,上半场 14',0-0
冯仁亮左路想找饶伟辉，球打在自己腿上出了边线,上半场 14',0-0
萨利霍维奇拿球分给右路,上半场 14',0-0
刘君鹏拿球杀到禁区被阻挡了，球也丢了,上半场 15',0-0
开场之后永昌打的并不着急,上半场 15',0-0
人和中场断球,上半场 16',0-0
米西莫维奇中场被侵犯倒地,上半场 16',0-0
人和左路传中被后卫顶出，外围摩西莫维奇直接凌空打门被后卫挡出,上半场 16',0-0
永昌反击，冯绍顺拿球突破被识破了，反抢犯规,上半场 17',0-0
桑托斯前场被踢倒,上半场 17',0-0
战术任意球开出，冯仁亮左路传中被关震没收,上半场 18',0-0
隆东前场拼抢犯规,上半场 18',0-0
米西莫维奇禁区前沿打门，打在桑托斯腿上弹出，禁区右侧人和回敲，刘君鹏直接左脚打门高出,上半场 19',0-0
米西莫维奇外围又是一脚打门高出,上半场 20',0-0
人和左路又来了,上半场 20',0-0
刘君鹏外围右侧打门，被后卫挡出底线,上半场 21',0-0
萨利霍维奇角球到禁区，关震抱球踏进球门，人和球员示意球进了，裁判吹了朴柱成手球,上半场 22',0-0
陈昌源突破被踢倒在地,上半场 22',0-0
人和活得禁区前沿定位球,上半场 22',0-0
萨利霍维奇任意球直接打门，皮球越过人墙被关震扑出底线,上半场 23',0-0
右侧角球开出被解围出底线,上半场 23',0-0
米西莫维奇角球到禁区被顶出,上半场 24',0-0
米西左路连续晃动，往禁区传，球出了底线,上半场 24',0-0
人和前场控球,上半场 25',0-0
冯仁亮前场突破被双人包夹倒地,上半场 25',0-0
米西来主罚,上半场 26',0-0
米西莫维奇任意球打门打了一个低平球被关震倒地扑住,上半场 26',0-0
永昌现在球到不了前场了,上半场 27',0-0
隆东右路传球，没能找到穆伦加,上半场 27',0-0
永昌中场断球反击，隆东给到穆伦加，穆伦加拿球突破到禁区拔腿打门，皮球滚进球门,上半场 28',1-0
人和中场差点又丢球,上半场 29',1-0
永昌反击又来了,上半场 30',1-0
隆东右路突破被断，反抢犯规,上半场 30',1-0
米西莫维奇拿球横带给右侧,上半场 31',1-0
人和右路传中到后点，跟进球员打门被封堵,上半场 31',1-0
萨利霍维奇禁区外围远射，皮球被关震单手拖出横梁,上半场 31',1-0
角球到禁区被解围出底线,上半场 32',1-0
角球又是被解围出去,上半场 32',1-0
萨利霍维奇前场被踢倒,上半场 32',1-0
可惜了啊,上半场 33',1-0
萨利霍维奇任意球到禁区，前点人和蹭到后点，关震扑了一下，没打远，禁区内人和球员连续四脚打门最后出了底线,上半场 33',1-0
人和运气太不好了,上半场 34',1-0
王鹏接受队医治疗,上半场 34',1-0
隆东中场拿球直塞被挡住,上半场 36',1-0
人和在丢球后，有些急躁,上半场 37',1-0
人和右路拿球,上半场 37',1-0
古德约翰森拿球敲到左路，左路带球出了边线,上半场 37',1-0
隆东右路拿球倒地，裁判没吹,上半场 38',1-0
米西给到左路，饶伟辉传中被顶出，外围米西晃开防守后打门，被关震扑出,上半场 38',1-0
人和中场控球,上半场 39',1-0
穆伦加中场拿球给到右侧,上半场 40',1-0
人和中场断球,上半场 40',1-0
冯仁亮直塞禁区前沿,上半场 40',1-0
萨利霍维奇停球失误,上半场 40',1-0
陈昌源逼抢赢得一个角球,上半场 40',1-0
人和扳平比分了,上半场 41',1-0
萨利霍维奇角球到禁区，张成林禁区内头球攻门将球顶进,上半场 41',1-1
人和又看到了希望,上半场 43',1-1
白鹤和张成林倒地,上半场 43',1-1
张成林犯规吃到一张黄牌,上半场 43',1-1
古德约翰森右侧拿球,上半场 44',1-1
永昌倒回后场,上半场 44',1-1
比赛来到常规时间最后一分钟,上半场 45',1-1
隆东前场争抢犯规,上半场 45',1-1
上半场补时2分钟,上半场 46',1-1
冯仁亮左路横传,上半场 46',1-1
桑托斯禁区内停球停大了被解围,上半场 46',1-1
米西外围又是一脚远射偏出,上半场 46',1-1
米西中场往禁区吊，关震抱住,上半场 47',1-1
穆伦加前场撞到人和球员犯规,上半场 47',1-1
人和中场拿球,上半场 47',1-1
上半场比赛结束,中场,1-1
上半场比赛，人和打的积极主动，永昌主打防守反击,中场,1-1
然而，人和中场的一次失误，让穆伦加率先打破了僵局,中场,1-1
但在中场前，张成林利用角球扳平了比分,中场,1-1
在射门次数上，人和占据绝对优势，若不是运气不好，人和或许可以取得领先了,中场,1-1
稍事休息，过会为大家带来下半场双方的较量,中场,1-1
下半场比赛开始,下半场 1',1-1
冯仁亮左路拿球回敲,下半场 4',1-1
张成玲进去右侧打门被关震没收,下半场 4',1-1
永昌右路犯规,下半场 5',1-1
萨利霍维奇来主罚,下半场 5',1-1
萨利霍维奇任意球给到禁区，稍微深了一点,下半场 5',1-1
球被关震摘下,下半场 5',1-1
萨利霍维奇后场将球解围出边线,下半场 5',1-1
陈杰后场被踢倒在地,下半场 6',1-1
冯仁亮左路拿球,下半场 6',1-1
冯仁亮回敲，队友斜传禁区被解围,下半场 7',1-1
隆东中场被侵犯倒地,下半场 7',1-1
裁判给了饶伟辉一张黄牌,下半场 7',1-1
永昌禁区内打门被门将没收,下半场 8',1-1
永昌后场犯规,下半场 8',1-1
张成林横传，米西莫维奇禁区前沿转身打门被关震倒地没收,下半场 8',1-1
糜昊伦后场犯规,下半场 9',1-1
萨利霍维奇任意球直接打门，皮球高出横梁,下半场 9',1-1
人和中场挑传被解围,下半场 10',1-1
张成林中场犯规,下半场 10',1-1
古德约翰森前场停球失误被断了,下半场 10',1-1
冯仁亮左路拿球往里切被断了,下半场 11',1-1
永昌后场转移球失误，球出了边线,下半场 11',1-1
米西往禁区塞，被踢出,下半场 11',1-1
冯仁亮左路突破后传中，球被顶出底线,下半场 12',1-1
米西角球送到禁区，关震击出,下半场 12',1-1
永昌左路反击，直塞球被挡住,下半场 12',1-1
米西禁区左侧晃开后传中，王鹏后点解围,下半场 13',1-1
萨利霍维奇角球送到禁区，关震击出,下半场 13',1-1
永昌右路斜传禁区被顶出,下半场 14',1-1
糜昊伦左路突破后横敲，穆伦加打门踢偏,下半场 14',1-1
人和直塞球，力量稍大被关震没收,下半场 14',1-1
张成林外围远射被关震扑出，桑托斯补射高出,下半场 15',1-1
人和换人，尤里上场替下桑托斯,下半场 15',1-1
另一场比赛中，泰达进球了,下半场 16',1-1
人和反击，尤里带球稍大，关震扑住,下半场 17',1-1
穆伦加右路拿球犯规,下半场 17',1-1
裁判吹了穆伦加犯规,下半场 17',1-1
隆东右路拿球倒地，裁判依然没吹,下半场 18',1-1
现场球迷相当不满,下半场 18',1-1
主裁判跑向了第四官员,下半场 19',1-1
不知出现了什么情况,下半场 19',1-1
比赛继续,下半场 19',1-1
永昌后场传球出了边线,下半场 19',1-1
萨利霍维奇被踢倒在地,下半场 20',1-1
人和右路斜传禁区，球来到左路,下半场 20',1-1
冯仁亮突破传中被挡出底线,下半场 20',1-1
米西角球送到禁区被顶出,下半场 20',1-1
米西左路拿球再往禁区送，皮球滑门而过,下半场 21',1-1
尤里拿球给到右路,下半场 21',1-1
张成林右路横扫门前被挡住,下半场 21',1-1
萨利霍维奇右路直接往禁区吊，球飞出底线,下半场 22',1-1
永昌后场直塞球给了人和,下半场 22',1-1
米西莫维奇右路传球出了底线,下半场 23',1-1
人和中场断球,下半场 23',1-1
王鹏后场将球踢出底线,下半场 24',1-1
萨利霍维奇角球到禁区被顶出,下半场 24',1-1
陈昌源右路再传中又是被解围,下半场 24',1-1
人和前场继续围攻永昌,下半场 26',1-1
人和左路直塞球被永昌倒地解围,下半场 26',1-1
冯绍顺禁区内对冯仁亮犯规，裁判给了点球,下半场 27',1-1
永昌换人，鲁本上场替下古德约翰森,下半场 27',1-1
米西莫维奇点球打左侧，被关震扑出底线,下半场 28',1-1
米西莫维奇外围远射被关震扑出,下半场 29',1-1
永昌继续换人，孙昊晟上场替下冯绍顺,下半场 30',1-1
人和反击,下半场 31',1-1
米西莫维奇斜塞右侧,下半场 31',1-1
尤里拿球到禁区倒地了，裁判给了尤里一张黄牌,下半场 31',1-1
穆伦加左路拿球直塞，被人和断掉,下半场 32',1-1
人和只能放手一搏了,下半场 32',1-1
萨利霍维奇转移左侧,下半场 33',1-1
米西莫维奇外围远射被关震抱住,下半场 33',1-1
鲁本中场犯规,下半场 34',1-1
人和换人，王刚上场替下张成林,下半场 35',1-1
看看还剩十分钟的情况下，人和还能不能续命,下半场 36',1-1
人和中场控球,下半场 36',1-1
球进了,下半场 37',1-1
冯仁亮,下半场 37',1-2
米西莫维奇拿球直塞，王刚拿球到禁区右侧小角度打门打在横梁弹出，冯仁亮补射将球打进,下半场 38',1-2
比赛可谓是一波三折啊,下半场 39',1-2
看看人和能不能挺过最后十分钟了,下半场 39',1-2
永昌换人，糜昊伦下，黄世博上,下半场 39',1-2
争冠的比赛中，恒大2-1领先,下半场 40',1-2
永昌任意球给到后点被解围,下半场 41',1-2
裁判吹了永昌隆东犯规,下半场 41',1-2
黄世博左路突破被踢倒在地,下半场 42',1-2
隆东任意球给到前点被顶出底线,下半场 43',1-2
鲁本角球开到禁区被顶出,下半场 43',1-2
人和后场直塞，关震及时出击大脚解围,下半场 44',1-2
这个球要不是关震出击，尤里就单刀了,下半场 44',1-2
京津德比天津4-0国安，好可怕的比分,下半场 44',1-2
穆伦加禁区内打门没踢准，张烈抱住,下半场 45',1-2
冯仁亮抽筋了,下半场 45',1-2
下半场补时3分钟,下半场 46',1-2
尤里左路拿球,下半场 46',1-2
左路突破被赵荣亨踢出边线,下半场 46',1-2
人和用于睿替下冯仁亮,下半场 46',1-2
边线球，人和前场就剩两个人了,下半场 47',1-2
永昌后场踢出边线,下半场 47',1-2
人和中场犯规,下半场 48',1-2
永昌并不放弃啊,下半场 48',1-2
关震都冲入禁区,下半场 48',1-2
人和反击，空门了,下半场 49',1-2
被解围,下半场 49',1-2
全场比赛结束,完赛,1-2
下半场凭借冯仁亮的补射，人和客场2-1战胜了永昌,完赛,1-2
避免了提前降级的命运,完赛,1-2
本轮中超联赛，保级球队大发神威啊,完赛,1-2
本场比赛，永昌门将关震表现出色，多次精彩扑救尤其是扑出米西的点球,完赛,1-2
最后一个保级名额要留到最后一轮了，希望各个球队能有精彩的表现,完赛,1-2
本场比赛就到这里，感谢收看，我们下次再见,完赛,1-2
