大家好！欢迎收看新浪体育中超直播,未赛,0-0
凭借巴尔克斯连续6轮入球的表现，泰达上轮在客场通过补时入球2-2战平亚泰。但这场平局并不能起到提振泰达走势的作用：泰达近10轮3平7负，目前积分只有22分。,未赛,0-0
辽足此前已是连续在打“保级关键战”，此战依然如此：辽足的积分也是22分。双方都必须以争胜为目标，平局并不解渴，落败更有可能会直接落入降级区。,未赛,0-0
泰达与辽足曾有过引发舆论热议的交锋故事，如今均要为保级而奋战，直接提升了双方交锋的看点。泰达本赛季前11个主场只取得2胜（5平4负），辽足前11个客场更是只有1胜（3平7负）。,未赛,0-0
中超交锋史上泰达对辽足13胜2平6负形成优势，泰达主场对辽足8胜2负优势更为明显。本赛季首回合辽足主场3-2击败泰达。,未赛,0-0
本轮泰达郭皓与辽足丁海峰均将停赛。,未赛,0-0
赛前双方公布了首发阵容，让我们来看一下,未赛,0-0
天津泰达：门将：29-杨启鹏；后卫：25-苑维玮、4-卢卡斯、30-吕伟、19-白岳峰；中场：8-胡人天、6-周海滨、32-瓦格纳、3-普拉利甘吉、13-王秋明；前锋：9-巴尔克斯,未赛,0-0
替补：1-宗磊、7-李本舰、14-周燎、15-聊博超、28-范柏群、31-塔纳塞、33-周通,未赛,0-0
辽宁宏运：门将：1-张鹭；后卫：20-金泰延、30-金裕晋、5-杨善平、11-郑涛；中场：35-丁捷、8-张野、13-埃里克、26-秦升、16-杨超声；前锋：34-邱卡,未赛,0-0
替补：29-刘旸、3-吴高俊、18-倪玉崧、19-张靖洋、22-王亮、25-胡延强、27-王博,未赛,0-0
双方球员准备入场,未赛,0-0
双方球员步入球场,未赛,0-0
比赛马上开始了,未赛,0-0
球员及裁判站在中圈线上，为前几天的灾难默哀,未赛,0-0
上半场比赛开始,上半场 1',0-0
主场作战的泰达率先开球,上半场 1',0-0
宏运断球，邱卡传回了后场,上半场 1',0-0
后场杨善平将球踢出了边线,上半场 1',0-0
王秋明禁区左侧小角度打门打到边网上,上半场 2',0-0
卢卡斯后场将球护出底线,上半场 2',0-0
泰达主场的草皮不是很好啊,上半场 3',0-0
宏运前场犯规,上半场 3',0-0
郑涛的过人没有过去，对胡人天犯规了,上半场 3',0-0
泰达长传，张鹭拿到,上半场 4',0-0
泰达左路给到禁区前沿,上半场 4',0-0
巴尔克斯又给到右路，球开向禁区,上半场 4',0-0
乱战中，张鹭将球抱住了,上半场 4',0-0
金泰延拿球回敲,上半场 5',0-0
金泰延左路传向禁区后点，杨超声摆渡中路，邱卡犯规了,上半场 5',0-0
金泰延左路带球直接出了边线,上半场 6',0-0
泰达进攻，后场杨善平将球踢出边线,上半场 6',0-0
周海滨分球，瓦格纳中路直接来了一脚，球偏出右侧立柱,上半场 7',0-0
肇俊哲场边也是喊话提醒球员,上半场 7',0-0
泰达左路直塞，杨善平大脚开出边线,上半场 7',0-0
巴尔克斯左路接球传回后场,上半场 8',0-0
瓦格纳中路拿球长传禁区左侧，巴尔克斯停球，裁判判罚手球犯规,上半场 8',0-0
宏运右路直塞球，莫特扎抢先将球铲出底线,上半场 9',0-0
丁捷角球开到禁区，后点被泰达球员解围,上半场 9',0-0
泰达进攻，金裕晋抢先将球踢出边线,上半场 10',0-0
巴尔克斯转移球来到右路,上半场 10',0-0
胡人天传中直接被张鹭拿到,上半场 11',0-0
埃里克中场接球被断了,上半场 11',0-0
还好宏运反抢回来,上半场 11',0-0
宏运后场边线球掷出，泰达抢先一脚踢出边线,上半场 12',0-0
再次边线球掷出，邱卡给到左路，金泰延没能拿到，球出了边线,上半场 12',0-0
王秋明左路拿球斜传禁区，郑涛将球顶出底线,上半场 13',0-0
瓦格纳刚要开球,上半场 13',0-0
裁判响哨了,上半场 13',0-0
警告了双方球员,上半场 13',0-0
瓦格纳开出角球，落点不是很好，被张鹭直接摘下,上半场 14',0-0
宏运中场连续传球失误,上半场 14',0-0
泰达进攻，王秋明左路斜塞禁区，瓦格纳差了一点啊,上半场 15',0-0
杨善平后场铲球犯规,上半场 15',0-0
巴尔克斯示意裁判出牌,上半场 15',0-0
泰达获得前场左侧定位球,上半场 15',0-0
瓦格纳传到禁区，被顶出,上半场 16',0-0
外围再组织，再次传向禁区，后卫回摆给到张鹭,上半场 16',0-0
杨超声禁区右侧底线附近传中路，泰达后卫破坏,上半场 16',0-0
丁捷后场大脚开球，球打在巴尔克斯身上出了边线,上半场 17',0-0
巴尔克斯斜传禁区，胡人天撞人犯规了,上半场 18',0-0
宏运后场定位球,上半场 18',0-0
金泰延左路传中没有过前点,上半场 19',0-0
泰达后场长传，巴尔克斯追不到了，张鹭出来没收,上半场 19',0-0
瓦格纳右侧拿球内切之后传向禁区被挡出边线,上半场 20',0-0
丁捷后场将球破坏出边线,上半场 20',0-0
苑维玮前场被侵犯了,上半场 21',0-0
泰达禁区左侧定位球,上半场 21',0-0
瓦格纳传到禁区，被顶出,上半场 21',0-0
右路再次给到后点，传中被张鹭扑出,上半场 22',0-0
莫特扎已经倒在禁区内了,上半场 22',0-0
泰达球员还在进攻,上半场 22',0-0
最后宏运将球踢出了边线,上半场 22',0-0
巴尔克斯左路斜塞禁区，瓦格纳跟进，直接一脚爆射，皮球高出横梁,上半场 23',0-0
阿里汉也是一脸遗憾啊,上半场 24',0-0
泰达后场一脚开到前场,上半场 25',0-0
郑涛将球护出边线,上半场 25',0-0
泰达右路进攻,上半场 26',0-0
杨善平先出一脚将球解围,上半场 26',0-0
泰达界外球掷出,上半场 27',0-0
瓦格纳拿球禁区角上直接打门，球高出横梁,上半场 27',0-0
泰达后场对秦升犯规,上半场 28',0-0
丁捷任意球开到禁区左侧，球被后卫解围出边线,上半场 28',0-0
秦升大力手抛球掷到禁区,上半场 29',0-0
邱卡头球顶了一下,上半场 29',0-0
杨启鹏竟然脱手了,上半场 29',0-0
卢卡斯抢先解围掉,上半场 29',0-0
巴尔克斯禁区左侧拿球横传，后卫断下,上半场 30',0-0
埃里克后场犯规,上半场 30',0-0
直接铲倒了莫特扎,上半场 30',0-0
瓦格纳左路底线传中，赢得一个角球,上半场 31',0-0
短角球开出，苑维玮开到禁区被破坏了,上半场 31',0-0
巴尔克斯对秦升犯规,上半场 32',0-0
泰达中场直接打身后，被张鹭没收,上半场 33',0-0
邱卡直塞禁区，杨超声想横传被铲出底线了,上半场 34',0-0
丁捷开出角球到中路，第一点被后卫顶出,上半场 34',0-0
外围宏运抢球，金泰延犯规了,上半场 35',0-0
邱卡传球，直接出了边线,上半场 35',0-0
吕伟带球，直塞找巴尔克斯,上半场 37',0-0
巴尔克斯没有机会，给到王秋明,上半场 37',0-0
再次分给边路，宏运断球了,上半场 37',0-0
邱卡前场犯规了,上半场 37',0-0
邱卡一脸疑惑，肇队也是找场边第四裁判理论下,上半场 38',0-0
卢卡斯给到右路,上半场 38',0-0
胡人天右路直接传中，宏运后场拿球,上半场 38',0-0
邱卡前场回敲，杨超声大范围给到左路，直接出了边线,上半场 39',0-0
胡人天带球，郑涛抢先解围,上半场 39',0-0
胡人天起来反抢犯规了,上半场 39',0-0
这个球是个吃牌动作啊,上半场 40',0-0
裁判给了胡人天一张黄牌,上半场 40',0-0
比赛进行了40分钟，双方都有太好的机会,上半场 40',0-0
杨善平后场将球踢出边线,上半场 41',0-0
泰达向前传递，直接出了底线,上半场 41',0-0
张鹭大脚开到前场，杨超声蝎子摆尾姿势的传球，并没有踢到,上半场 42',0-0
这个球太随意了,上半场 42',0-0
吕伟后场推人犯规,上半场 42',0-0
秦升给到左路,上半场 43',0-0
秦升中场转移来到左路，这个球传的提前量十米啊,上半场 43',0-0
苑维玮左路传中被张鹭拿到,上半场 44',0-0
上半场补时2分钟,上半场 44',0-0
郑涛前场犯规,上半场 45',0-0
泰达长传找巴尔克斯，巴尔克斯越位了,上半场 45',0-0
泰达右路进攻，郑涛犯规病吃到一张黄牌,上半场 46',0-0
这个球对于出黄牌，郑涛很是不满,上半场 46',0-0
瓦格纳送到禁区，周海滨顶了一下，张鹭拖出横梁,上半场 47',0-0
角球到禁区，宏运连续两点解围,上半场 47',0-0
上半场比赛结束,上半场 48',0-0
双方暂时打成0-0平,中场,0-0
比赛中，双方都没创造出相对好的破门机会,中场,0-0
泰达在主场攻势相对猛烈一点，宏运基本上没有打出自己的进攻,中场,0-0
一场6分之战，看看下半场两队如何改变战术,中场,0-0
稍事休息，过会为大家带来下半场双方的较量,中场,0-0
球员重新回到球场,中场,0-0
下半场比赛开始了,下半场 1',0-0
埃里克前场将球踢出边线,下半场 2',0-0
金泰延前场犯规,下半场 2',0-0
泰达左路直塞球被宏运拿到,下半场 2',0-0
周海滨分球右路,下半场 3',0-0
胡人天与队友二过二没有成功,下半场 3',0-0
巴尔克斯禁区外围远射被张鹭没收,下半场 4',0-0
邱卡前场抢球犯规,下半场 4',0-0
埃里克右路拿球横传被挡，秦升上抢倒地了,下半场 5',0-0
裁判并没有吹罚,下半场 5',0-0
巴尔克斯斜传左路，杨善平大脚开出边线,下半场 5',0-0
苑维玮倒地传球被挡出底线,下半场 6',0-0
瓦格纳角球给到禁区，中路争顶，被宏运解围了,下半场 6',0-0
瓦格纳左路传中，莫特扎中路头球攻门，被张鹭没收,下半场 7',0-0
第52分钟，瓦格纳左路传中，莫特扎中路头球攻门，被张鹭没收,下半场 7',0-0
这个球很可惜啊,下半场 7',0-0
角度太正了,下半场 7',0-0
宏运右路进攻,下半场 8',0-0
直塞禁区右侧，倒三角传到中路被解围,下半场 9',0-0
泰达右路斜传禁区，巴尔克斯胸部回做，王秋明跟进打门，皮球偏出左侧球门,下半场 9',0-0
王明秋左路突破，球出了底线,下半场 10',0-0
宏运前传，金泰延接球手球了,下半场 11',0-0
胡人天右路拿球斜塞,下半场 11',0-0
邱卡前场突破，莫特扎回防将球拿到,下半场 11',0-0
邱卡再抢犯规了,下半场 11',0-0
泰达右路斜传禁区，巴尔克斯直接头球攻门，皮球偏出右侧球门,下半场 13',0-0
泰达角球开出，中路被宏运顶出,下半场 13',0-0
莫特扎前场抢球犯规,下半场 13',0-0
邱卡前场拿球被断,下半场 14',0-0
郑涛将球踢出底线,下半场 14',0-0
瓦格纳角球开到中路，张鹭直接摘下,下半场 15',0-0
卢卡斯后场犯规,下半场 15',0-0
任意球到禁区，杨善平进攻犯规,下半场 16',0-0
瓦格纳禁区右侧传后点被顶出,下半场 16',0-0
杨超声前场接球手球犯规,下半场 17',0-0
瓦格纳前场被踢倒了,下半场 17',0-0
泰达外围控制球,下半场 18',0-0
巴尔克斯禁区外围传中被挡,下半场 18',0-0
巴尔克斯再反抢犯规,下半场 18',0-0
宏运长传找邱卡，邱卡犯规,下半场 19',0-0
泰达前场反抢,下半场 19',0-0
左路传中，莫特扎禁区内倒地打门，皮球高出横梁,下半场 20',0-0
金泰延给到右路,下半场 20',0-0
杨超声犯规,下半场 20',0-0
泰达后场控球,下半场 21',0-0
卢卡斯给到左路,下半场 21',0-0
巴尔克斯右路面对两人防守还是赢得一个边线球,下半场 22',0-0
裁判改判，是宏运的球权,下半场 22',0-0
宏运长传左路，埃里克没能追到,下半场 22',0-0
王秋明左路传中，直接上天了,下半场 22',0-0
裁判到场边警告了马林,下半场 23',0-0
泰达要准备换人了,下半场 23',0-0
王秋明左路拿球回敲,下半场 24',0-0
巴尔克斯被秦升踢倒了,下半场 24',0-0
任意球直接出了底线,下半场 24',0-0
泰达进行换人调整，周通上场替下胡人天,下半场 25',0-0
泰达后场犯规,下半场 26',0-0
秦升给到右路,下半场 26',0-0
大脚开向前场，邱卡犯规,下半场 26',0-0
巴尔克斯左路拿球被破坏出边线,下半场 27',0-0
卢卡斯直塞禁区前沿被宏运断下,下半场 27',0-0
莫特扎前场犯规,下半场 27',0-0
泰达长传禁区右侧，张鹭出击失误，巴尔克斯禁区右侧小角度打门，皮球高出横梁,下半场 28',0-0
吕伟后场将球破坏出边线,下半场 29',0-0
埃里克前场抢球犯规,下半场 30',0-0
泰达中场两人发生误会,下半场 30',0-0
泰达左路传禁区被踢出,下半场 30',0-0
宏运换人，王博上场替下张野,下半场 31',0-0
泰达中场控球,下半场 31',0-0
丁捷上抢犯规,下半场 32',0-0
泰达再次换人，李本舰上场替下王秋明,下半场 33',0-0
刚刚瓦格纳推人吃到一张黄牌,下半场 34',0-0
杨善平给到前场,下半场 35',0-0
宏运前场又被断了,下半场 35',0-0
宏运右路进攻，泰达倒地破坏掉,下半场 35',0-0
巴尔克斯前场接球回敲,下半场 35',0-0
整场比赛宏运射门寥寥无几啊,下半场 36',0-0
郑涛传到禁区被顶出,下半场 36',0-0
宏运前场有犯规,下半场 37',0-0
裁判有利原则,下半场 37',0-0
周通左路内切打门，皮球高出横梁,下半场 37',0-0
胡延强站到了场边,下半场 38',0-0
泰达中场带球被断下,下半场 38',0-0
宏运右路传禁区被杨启鹏扑出,下半场 39',0-0
宏运换人，胡延强上场替下杨超声,下半场 39',0-0
埃里克后场左侧犯规,下半场 40',0-0
泰达换人，塔纳塞上场替下瓦格纳,下半场 41',0-0
卢卡斯禁区内冲撞张鹭犯规,下半场 42',0-0
张鹭接受治疗,下半场 42',0-0
邱卡也是到场边听下战书部署,下半场 42',0-0
比赛继续,下半场 43',0-0
秦升界外球掷出,下半场 44',0-0
白岳峰后场犯规,下半场 45',0-0
倪玉崧准备出场了,下半场 45',0-0
宏运左路边线球,下半场 45',0-0
掷到禁区被顶出,下半场 46',0-0
下半场补时3分钟,下半场 46',0-0
泰达左路进攻,下半场 46',0-0
前场接球越位了,下半场 46',0-0
宏运换人，倪玉崧上场替下金泰延,下半场 46',0-0
宏运前场定位球,下半场 47',0-0
看看有没有机会,下半场 48',0-0
战术任意球开出,下半场 48',0-0
宏运禁区右侧传后点，直接抽射被杨启鹏扑出,下半场 48',0-0
泰达角球开出被解围,下半场 49',0-0
辽足不满了,下半场 49',0-0
教练组成员冲进球场,下半场 49',0-0
裁判吹哨,下半场 50',0-0
全场比赛结束,下半场 50',0-0
最终双方都没有取得进球，平局收场,完赛,0-0
泰达进攻更具威胁，辽足最后阶段有过接近破门的机会，可惜没有把握住,完赛,0-0
最后阶段，辽足教练组也是冲进球场示意补时时间已过,完赛,0-0
在各取得一分之后，两队还是并驾齐驱，在保级圈苦苦挣扎,完赛,0-0
本场比赛的直播就到这里，谢谢收看，我们下次再见,完赛,0-0
