大家好，欢迎收看新浪体育为您带来的中超第29轮 天津泰达VS北京国安,未赛,0-0
京津对话可以说是本轮最为重要的一战，这场比赛将争夺亚冠与保级战团的悬念结合在了一起,未赛,0-0
泰达目前只领先人和2分，理论上就是人和最有追赶可能性的球队,未赛,0-0
而国安要想保住积分榜第3位从而锁定亚冠门票，理论上的需求就是要在此战赢球,未赛,0-0
泰达近16轮赛事只取得1胜，本赛季3胜6平5负的主场战绩在中超中仅好于申鑫,未赛,0-0
以这些数据看泰达此战抢分的难度很大,未赛,0-0
泰达也曾在2013赛季的保级压力下激发出“连斩BIG4”的经典故事,未赛,0-0
国安本赛季4胜6平4负的客场战绩并不理想，这可以直接解释为国安提前退出争冠行列的原因,未赛,0-0
如果泰达在主场激发出强烈的保级斗志，国安此战将遇到的考验是很直观的,未赛,0-0
中超交锋史上泰达对国安6胜8平9负，泰达主场对国安5胜3平3负形成一定优势,未赛,0-0
上赛季国安主场2-1、客场1-0实现了对泰达的首次中超双杀,未赛,0-0
本赛季首回合国安主场3-0取得了对泰达的中超历史最大赢球比分,未赛,0-0
目前两队首发阵容已经公布,未赛,0-0
天津泰达首发:29-杨启鹏；19-白岳峰、3-普拉利甘吉、30-吕伟、23-聂涛；4-卢卡斯、6-周海滨、7-李本舰、33-周通、32-瓦格纳；9-巴尔克斯,未赛,0-0
北京国安首发:22-杨智；31-赵和靖、30-雷腾龙、13-徐云龙、4-周挺；5-马季奇、8-朴成、19-于大宝、27-张稀哲、17-巴塔拉；10-德扬,未赛,0-0
让我们来到比赛现场,未赛,0-0
双方球员已经入场了,未赛,0-0
上半场比赛开始！,上半场 1',0-0
首先开球的是北京国安,上半场 1',0-0
赵和靖后场传球被挡出边线,上半场 1',0-0
泰达队一上来也是抢的很凶,上半场 1',0-0
国安队左路进攻被普拉利甘吉解围,上半场 1',0-0
朴成中场拿球被撞倒,上半场 2',0-0
徐云龙后场长传打到前场,上半场 2',0-0
这球传的并没有什么威胁,上半场 2',0-0
泰达中场挑传送到边路,上半场 2',0-0
瓦格纳左路突破被关门,上半场 3',0-0
泰达后场拿球给到中场,上半场 3',0-0
双方在中场的争抢很凶,上半场 3',0-0
国安队拿球到了禁区弧顶,上半场 4',0-0
泰达这边也是双人包夹拦截了下来,上半场 4',0-0
瓦格纳中场拿球被于大宝放倒,上半场 4',0-0
泰达任意球送禁区,上半场 4',0-0
队友头球后蹭直接出了底线,上半场 4',0-0
于大宝前场拿球给到朴成,上半场 6',0-0
国安队边路的进攻被泰达破坏,上半场 6',0-0
朴成边路挑传到禁区,上半场 6',0-0
泰达这边后防看防的很到位,上半场 6',0-0
吕伟左路带球突破,上半场 7',0-0
传球的时候自己没有掌握好,上半场 7',0-0
我们看到国安的球迷也是来到了现场,上半场 7',0-0
已经很多年没有在天津的主场看到国安球迷了,上半场 8',0-0
于大宝左路挑传被白岳峰碰出边线,上半场 8',0-0
于大宝左路拿球转身,上半场 9',0-0
泰达这边多人围堵,上半场 9',0-0
于大宝这球也是没有传出来,上半场 9',0-0
泰达左路拿球下底,上半场 10',0-0
但这球先越位了,上半场 10',0-0
于大宝边路进攻失误,上半场 10',0-0
魏秋月今天也是来到了现场,上半场 11',0-0
巴塔拉前场拿球给到右路,上半场 11',0-0
转移的时候又是失误了,上半场 11',0-0
今天国安队失误比较多,上半场 11',0-0
张稀哲这边也是看了看自己的球鞋,上半场 12',0-0
巴尔克斯禁区前沿得球,上半场 12',0-0
第一下停球没有停好,上半场 13',0-0
等再次要打门的时候已经没有了空间,上半场 13',0-0
国安队这边反击的机会来了,上半场 13',0-0
巴塔拉右路拿球到了禁区内,上半场 13',0-0
低射打远角将球打偏,上半场 13',0-0
这球德扬在球的路线上也是让了一下,上半场 13',0-0
泰达队左路起球送禁区,上半场 14',0-0
国安队这边抢到了第一点,上半场 14',0-0
泰达队前场获得定位球机会,上半场 15',0-0
任意球送禁区内,上半场 15',0-0
乱战中裁判先吹了卢卡斯的犯规,上半场 15',0-0
卢卡斯和徐云龙这边又发生了口角,上半场 16',0-0
裁判把卢卡斯和雷腾龙叫到身前,上半场 16',0-0
雷腾龙这边倒地后起身的时候手上有动作,上半场 16',0-0
雷腾龙得到一张黄牌！,上半场 17',0-0
泰达队左路突破到了底线,上半场 17',0-0
倒三角传回到了肋部,上半场 17',0-0
于大宝这边的回访将球解围,上半场 17',0-0
这球也是非常的危险,上半场 17',0-0
国安队中场连续的一脚传球被断,上半场 18',0-0
国安队很快将球反抢回来,上半场 18',0-0
边路的传球落点不好,上半场 18',0-0
赵和靖左路拿球稍微稳一下,上半场 19',0-0
徐云龙中场拿球给到边路,上半场 19',0-0
周海滨这边先头球蹭了一下出了边线,上半场 20',0-0
上半场打了将近20分钟，两队也是都有机会,上半场 20',0-0
德扬前场争抢头球的时候先犯规,上半场 20',0-0
赵和靖后场边路拿球被侵犯,上半场 21',0-0
于大宝中场停球出了边线,上半场 22',0-0
比赛的攻防转换节奏还是很快的,上半场 22',0-0
于大宝中场拦截的时候又是犯规,上半场 22',0-0
瓦格纳任意球送禁区,上半场 22',0-0
巴尔克斯垫了一下后摔倒了,上半场 23',0-0
边裁这边先举旗示意越位,上半场 23',0-0
马季奇长传球打身后,上半场 24',0-0
德扬边路将球拿到,上半场 24',0-0
张稀哲拿球给到右路,上半场 24',0-0
国安队还在耐心的找机会,上半场 24',0-0
周挺这边传球被拦截,上半场 24',0-0
泰达这边反击的机会,上半场 24',0-0
巴尔克斯左路送直塞没有过去,上半场 24',0-0
国安队这边获得角球机会,上半场 26',0-0
巴塔拉角球送前点被顶了出来,上半场 26',0-0
禁区外围，朴成远射又是被后卫挡出,上半场 26',0-0
李本舰这边受伤倒地,上半场 27',0-0
为了封堵朴成的远射，李本舰也是拼了,上半场 27',0-0
泰达这边上抢的很凶,上半场 29',0-0
泰达这边长传送底线,上半场 29',0-0
周通这边没有追上,上半场 29',0-0
国安队将球给到中场,上半场 30',0-0
泰达这边先头球顶了出来,上半场 30',0-0
国安队前场送直塞到小禁区内,上半场 31',0-0
德扬推射将球打高了！！,上半场 31',0-0
国安队中场拿球走中路,上半场 32',0-0
于大宝拉到边路来进攻,上半场 32',0-0
于大宝得球后内切横向摆脱，突然的远射击中球门立柱外侧出了底线！,上半场 32',0-0
国安队短时间内连续获得机会,上半场 32',0-0
国安队后场拿球转移,上半场 33',0-0
朴成停球后稳了一下,上半场 33',0-0
大范围转移给到了右路,上半场 34',0-0
泰达的防守很严将球破坏,上半场 34',0-0
于大宝禁区弧顶做球没有过去,上半场 34',0-0
瓦格纳中场拿球被侵犯,上半场 35',0-0
泰达中场附近获得定位球机会,上半场 35',0-0
任意球送禁区内,上半场 35',0-0
队友头球蹭了一下被普拉利甘吉拿到,上半场 36',0-0
但赵和靖这边卡住身位将球抢断下来,上半场 36',0-0
普拉利甘吉在反抢的时候先犯规,上半场 36',0-0
国安队前场右路获得定位球机会,上半场 37',0-0
任意球送后点,上半场 37',0-0
于大宝头球攻门顶远角被杨启鹏单掌打了出去！,上半场 37',0-0
国安队角球机会,上半场 37',0-0
角球送中路，于大宝头球冲顶稍稍高出横梁,上半场 38',0-0
射门上国安队已经有5次,上半场 38',0-0
而泰达队这边还没有打门,上半场 38',0-0
巴尔克斯右路起球送禁区,上半场 39',0-0
巴塔拉禁区弧顶也有机会,上半场 40',0-0
远射又是将球打偏了。。。,上半场 40',0-0
泰达前场又获得定位球机会,上半场 40',0-0
任意球送禁区中路被解围,上半场 41',0-0
泰达队前场拿球走中路，没有过去,上半场 42',0-0
马季奇带球往前走被反抢,上半场 42',0-0
周通边路抢球的时候先犯规,上半场 42',0-0
周通也是辩解自己并不犯规,上半场 43',0-0
国安队前场拿球被断,上半场 44',0-0
泰达这边的反击没有打出来,上半场 44',0-0
巴尔克斯左路拿球被徐云龙铲倒,上半场 44',0-0
上半场补时1分钟！,上半场 45',0-0
德扬右路拿球扣回来,上半场 45',0-0
禁区内前点并没有队友的接应,上半场 46',0-0
上半场比赛结束！,中场,0-0
经过45分钟的较量，两队暂时打成了0-0,中场,0-0
上半场比赛，国安队这边机会比较多，但都没有把握住,中场,0-0
而泰达队这边抢的很凶但是射门上却很少,中场,0-0
让我们稍事休息，一会儿为您带来双方下半场的比赛！,中场,0-0
同时开始的其它比赛，恒大1-0鲁能，永昌1-1人和，亚泰0-1上港，富力2-0力帆，申鑫1-0建业，宏运0-0绿地，舜天1-1绿城,中场,0-0
让我们回到比赛现场,中场,0-0
双方下半场的比赛马上开始,中场,0-0
下半场比赛开始！,下半场 1',0-0
下半场比赛由泰达队开球,下半场 1',0-0
国安队中场长传打身后,下半场 1',0-0
张稀哲边路传球被挡出,下半场 2',0-0
于大宝禁区内争抢先犯规,下半场 2',0-0
巴尔克斯左路拿球传到禁区内,下半场 3',0-0
这球传的并不好，给到了杨智手里,下半场 3',0-0
德扬中场抢断下来,下半场 3',0-0
徐云龙长传给到右路,下半场 3',0-0
巴塔拉这边争顶被对方先破坏,下半场 4',0-0
国安队右路拿球赢得角球机会,下半场 4',0-0
角球送前点,下半场 5',0-0
德扬头球蹭到后点,下半场 5',0-0
于大宝这边冲顶将球顶偏！！,下半场 5',0-0
于大宝今天已经获得了多次机会,下半场 5',0-0
但都是没有把握住,下半场 5',0-0
瓦格纳前场拿球给到左路,下半场 6',0-0
边路的传球送禁区内,下半场 6',0-0
国安队先将球顶了出来,下半场 6',0-0
泰达这边后场失误了,下半场 6',0-0
德扬拿球扣球也是没有过掉卢卡斯,下半场 6',0-0
阿里汉这边向裁判投诉,下半场 7',0-0
国安队中场送直塞给到德扬,下半场 8',0-0
德扬这边接球先越位了,下半场 8',0-0
泰达右路起球送禁区,下半场 8',0-0
周挺先将球解围出来,下半场 8',0-0
巴尔克斯禁区内拿球底线传进来,下半场 9',0-0
瓦格纳连续两脚打门都是被后卫拦截,下半场 9',0-0
泰达这边也是要起势了,下半场 9',0-0
泰达这边进球了！！,下半场 10',1-0
周海滨！！,下半场 10',1-0
李本舰左路拿球给到瓦格纳，瓦格纳一脚传递给到巴尔克斯，巴尔克斯迅速给到小禁区内，周海滨及时插上推射入网！,下半场 11',1-0
国安队这球，马季奇被拖在了身后,下半场 12',1-0
泰达将球送到禁区内,下半场 13',1-0
杨智出击将球得到,下半场 13',1-0
马季奇中场拿球横向换衣,下半场 13',1-0
国安队左路传球被挡,下半场 14',1-0
马季奇禁区外围远射！！,下半场 14',1-0
杨启鹏飞身将球托出底线,下半场 14',1-0
国安队角球机会,下半场 14',1-0
角球送前点被顶了出来,下半场 14',1-0
泰达这边踢兴奋了,下半场 15',1-0
巴尔克斯中场直接吊射,下半场 15',1-0
这球是打高了,下半场 15',1-0
马季奇中场争抢头球被侵犯,下半场 16',1-0
巴塔拉将球转移给到左路,下半场 16',1-0
于大宝拿球被对方球员猜到,下半场 16',1-0
巴塔拉前场抢球对卢卡斯犯规,下半场 18',1-0
周挺这边做出了换人的手势,下半场 18',1-0
国安队这边要准备换人了,下半场 19',1-0
泰达前场送直塞,下半场 19',1-0
巴尔克斯这边先越位了,下半场 19',1-0
国安队换人，周挺下，李运秋上！,下半场 19',1-0
鲁能追回一球，这样恒大1-1鲁能！,下半场 20',1-0
按照这样的比分，国安队将掉到积分榜第四的位置,下半场 20',1-0
朴成拿球给到边路,下半场 21',1-0
德扬边路拿球被碰出边线,下半场 21',1-0
李运秋助攻了上来,下半场 21',1-0
马季奇挑传送禁区,下半场 21',1-0
这球没有传过去,下半场 21',1-0
泰达这边空门被徐云龙用腿挡出！！,下半场 22',1-0
泰达中场长传打身后，杨智冲出禁区并没有拿到,下半场 22',1-0
瓦格纳有打空门的机会被徐云龙挡出！,下半场 22',1-0
2-0！！,下半场 22',2-0
瓦格纳！！！,下半场 22',2-0
巴尔克斯前场接球后带球分球给到插上的瓦格纳，瓦格纳禁区内快要失去重心的情况下推射破门！,下半场 23',2-0
泰达队基本上要锁定了胜局,下半场 24',2-0
于大宝这边又受伤倒地,下半场 24',2-0
国安队换人，朴成下，张池明上！,下半场 26',2-0
国安队中场拿球给到左路,下半场 27',2-0
国安队再次换人，雷腾龙下，邵佳一上！,下半场 28',2-0
泰达边路拿球给到另外一侧,下半场 29',2-0
周海滨停球没有停好,下半场 29',2-0
否则又是一个单刀的机会啊,下半场 29',2-0
3-0！！,下半场 30',3-0
聂涛！！,下半场 30',3-0
聂涛脱衣庆祝得到黄牌！,下半场 30',3-0
巴尔克斯前场挑传到禁区内，聂涛停球后一扣晃开防守，挑射远角，球击中横梁下沿后入网！,下半场 31',3-0
泰达拿下本场比赛可以说希望很大,下半场 31',3-0
周通这边又有机会,下半场 33',3-0
边路的挑传险些又是打进一球,下半场 33',3-0
国安队的后防线被爆了,下半场 33',3-0
张池明拿球给到德扬,下半场 34',3-0
德扬右路下底,下半场 34',3-0
邵佳一头球攻门被后卫碰到出了底线,下半场 34',3-0
国安队角球送送禁区内，威胁不大,下半场 34',3-0
徐云龙禁区外围远射被杨启鹏得到,下半场 34',3-0
国安队前场左路拿球被侵犯,下半场 36',3-0
国安队任意球机会,下半场 36',3-0
任意球送禁区内,下半场 37',3-0
泰达队球员头球后蹭拿到第一点,下半场 37',3-0
杨启鹏注意力很击中将球拿到,下半场 37',3-0
张稀哲前场拿球送直塞到禁区,下半场 38',3-0
德扬这边单刀机会，想晃开门将后打门,下半场 38',3-0
但这球并没有完全的晃开,下半场 38',3-0
杨启鹏化解了德扬的单刀,下半场 38',3-0
普拉利甘吉这边得到一张黄牌！,下半场 38',3-0
角球送禁区内，杨启鹏将球拿到,下半场 38',3-0
巴尔克斯前场抢球犯规,下半场 39',3-0
泰达换人，周通下，王秋明上！,下半场 41',3-0
4-0！！！,下半场 41',4-0
周海滨！！,下半场 41',4-0
泰达中场长传打到禁区内，杨智出击并没有拿到球，周海滨二点头球顶空门将球打进！,下半场 42',4-0
张池明右路传球到禁区,下半场 43',4-0
这球送的点并不好,下半场 43',4-0
泰达队再次换人，瓦格纳下，塔纳塞上！,下半场 44',4-0
巴尔克斯前场抢球的时候犯规,下半场 45',4-0
下半场补时3分钟！,下半场 45',4-0
泰达这边还要准备换人调整,下半场 46',4-0
国安队转移到左路被解围,下半场 47',4-0
泰达换人，巴尔克斯下，胡人天上！,下半场 47',4-0
国安队左路起球送禁区,下半场 47',4-0
杨启鹏禁区内很稳的将球得到,下半场 47',4-0
邵佳一前场拿球有犯规,下半场 49',4-0
全场比赛结束！,完赛,4-0
最终天津泰达4-0击败了北京国安,完赛,4-0
国安队输掉比赛后，国安队的名次不会再往前进,完赛,4-0
而泰达队在拿下比赛后，保级的希望大增,完赛,4-0
本场比赛的4粒进球全部发生在下半场，周海滨梅开二度，瓦格纳、聂涛各入一球,完赛,4-0
今天的比赛就为大家解说到这里，欢迎您继续关注新浪体育为您送上的其他精彩赛事直播节目，谢谢！,完赛,4-0
