大家好，欢迎收看新浪体育为您带来的意甲第13轮 尤文图斯 VS AC米兰,未赛,0-0
前12轮后，米兰以20分排名第6位，而尤文以18分排名第7位,未赛,0-0
尤文近3场保持不败，取得2胜1平的成绩。意甲首战主场负于乌迪内斯之后，尤文近7个主场保持不败,未赛,0-0
AC米兰近五战保持不败，取得3胜2平的成绩。在客场四连败之后，米兰近4个客场取得2胜1平1负的成绩,未赛,0-0
阿根廷客场对阵哥伦比亚时，巴卡首发出场，而迪巴拉则替补出场20分钟。回到俱乐部后，两人将再次对决,未赛,0-0
曼朱基奇在对阵俄罗斯时脚踝受伤，而迪巴拉长途飞行后体能受到影响,未赛,0-0
AC米兰则缺少受伤的梅内斯、巴洛特利、迭戈-洛佩斯、贝尔托拉奇和德容,未赛,0-0
在此前四个国家队比赛日后的首场比赛，尤文仅取得1胜2平1负的成绩，唯一一场胜利也是侥幸战胜都灵,未赛,0-0
1995年11月19日，布冯完成职业生涯处子秀，对米兰一战堪称尤文门神20周年纪念战,未赛,0-0
米哈伊洛维奇此役将面对老对手阿莱格里，执教生涯至今，米哈6次对阵阿莱格里从未取胜，仅取得2平4负的成绩,未赛,0-0
阿莱格里多次表示尤文的目标是在圣诞节前升至积分榜前列，这意味着圣诞节前的五场比赛不容有失,未赛,0-0
两队历史交锋176场，尤文图斯取得65胜62平49负的成绩，打入240球丢221球,未赛,0-0
主场88次对阵米兰取得42胜24平22负的成绩，打入138球丢105球,未赛,0-0
自2012年11月25日以来，尤文近6次对阵米兰全胜，打入12球仅丢4球，其中3次零封对手,未赛,0-0
尤文图斯(4-3-1-2)：1-布冯/26-利希施泰纳，15-巴尔扎利，3-基耶利尼，33-埃弗拉/27-斯图拉罗，8-马尔基西奥，10-博格巴/11-埃尔纳内斯/17-曼朱基奇，21-迪瓦拉,上半场 2',0-0
AC米兰(4-3-3)：99-唐纳鲁马/20-阿巴特，33-阿莱士，13-罗马尼奥利，13-安东内利/27-库奇卡，18-蒙托利沃，28-博纳文图拉/11-切尔奇，70-巴卡，78-尼昂,上半场 2',0-0
博纳文图拉一记长传给到禁区内,上半场 3',0-0
布冯拿下了皮球,上半场 3',0-0
尤文图斯借助主场优势,上半场 4',0-0
开场攻势很猛,上半场 4',0-0
尤文获得任意球机会,上半场 4',0-0
迪巴拉打在了人墙上,上半场 4',0-0
埃尔纳内斯再来一脚打偏了,上半场 4',0-0
安东内利直传身前,上半场 5',0-0
巴卡中路拿到皮球,上半场 5',0-0
敲给身边队友博纳文图拉,上半场 5',0-0
库卡凌空打门,上半场 5',0-0
打偏了,上半场 5',0-0
布冯分到右边路利希施泰纳,上半场 6',0-0
中线右侧位置双方球员争抢皮球,上半场 8',0-0
切尔奇被基耶利尼撞到了,上半场 8',0-0
米兰前场右路定位球机会,上半场 8',0-0
定位球开出来,上半场 8',0-0
斯图若多断下了皮球,上半场 8',0-0
前场中路位置埃尔纳内斯送出一记低平球,上半场 11',0-0
斜传左路,上半场 11',0-0
斯图若多面对对方球员包夹回传,上半场 11',0-0
博纳文图拉断下了皮球,上半场 12',0-0
米兰前场传球失误，基耶利尼得球推进,上半场 13',0-0
分左路博格巴，阿巴特先卡住位置，博格巴推人犯规,上半场 14',0-0
阿莱士回传门将多纳鲁马，面对逼抢回传阿莱士,上半场 16',0-0
分右路安东内利,上半场 16',0-0
直传切尔奇失误出了边线,上半场 16',0-0
尤文左路进攻，博格巴中路推进短传斯图拉罗,上半场 16',0-0
分右路利希施泰纳,上半场 17',0-0
米兰左路进攻，博纳文图拉背身拿球被捅出去,上半场 17',0-0
巴卡凌空远距离扫射偏出左侧底线,上半场 18',0-0
切尔奇右路下底传中被挡出边线,上半场 20',0-0
米兰前场右路任意球,上半场 20',0-0
博纳文图拉右路传中被头球解围,上半场 20',0-0
库茨卡中路得球挑传右侧,上半场 20',0-0
球给大了出了底线,上半场 20',0-0
尤文右路进攻，直塞球找曼朱基齐，曼朱基齐拉倒罗马尼奥利犯规,上半场 21',0-0
米兰中路进攻，博纳文图拉远射低平球被布冯轻松抱住,上半场 21',0-0
巴尔扎利直传右路利希施泰纳被阿巴特断球,上半场 21',0-0
埃弗拉直传身前,上半场 21',0-0
博格巴杀到了小禁区啦,上半场 21',0-0
低平球横传到门前,上半场 21',0-0
迪巴拉没有踢到,上半场 21',0-0
尤文右路进攻，马尔基西奥中路得球左脚抽射被多纳鲁马侧扑抱住。,上半场 24',0-0
斯图若多反抢犯规,上半场 24',0-0
裁判给了一张黄牌,上半场 24',0-0
尤文这边把埃弗拉换下场,上半场 24',0-0
A·桑德罗上场,上半场 24',0-0
埃尔纳内斯一脚低平球很传到大禁区前沿,上半场 27',0-0
博格巴背身拿球,上半场 27',0-0
库卡身后绊人犯规,上半场 27',0-0
尤文前场左路定位球机会,上半场 27',0-0
定位球给到后点,上半场 27',0-0
阿莱士解围出来,上半场 27',0-0
巴尔扎利给右侧利希施泰纳，斜传迪巴拉,上半场 30',0-0
在分边利希施泰纳，传中被挡了一下，多纳鲁马拿到球,上半场 30',0-0
尤文左路进攻，埃尔纳内斯横传弧顶,上半场 31',0-0
博格巴抽射打飞,上半场 31',0-0
库卡拿到皮球转移到右路,上半场 33',0-0
阿巴特一记长传给到禁区内,上半场 33',0-0
基耶利尼解围出来,上半场 34',0-0
尤文前场中路定位球,上半场 34',0-0
埃尔纳内斯来处理这个球,上半场 34',0-0
这球打到了人墙上,上半场 34',0-0
博纳文图拉头球解围失误往球门飞去，多纳鲁马奋力挡出底线,上半场 35',0-0
尤文右路角球传中被头球解围,上半场 35',0-0
博格巴左路传中被挡出边线,上半场 41',0-0
基耶利尼中场拿球，分左侧桑德罗，回传给巴尔扎利,上半场 41',0-0
短传基耶利尼，挑传埃尔纳内斯，分边利希施泰纳，传中被头球解围,上半场 41',0-0
利希施泰纳右路趟球突破，安东内利铲倒他犯规,上半场 41',0-0
尤文任意球传前点，博格巴禁区内卡位犯规,上半场 41',0-0
尤文反击给斯图拉罗,上半场 42',0-0
传中打中后卫落到禁区内被多纳鲁马拿到,上半场 42',0-0
上半场接近尾声了,上半场 42',0-0
裁判哨响，上半场比赛结束，双方均无建树,上半场 44',0-0
尤文主场暂时0:0战平米兰,上半场 44',0-0
稍事休息！！稍后带来下半场比赛的文字直播,上半场 44',0-0
裁判哨响，下半场比赛开始,下半场 1',0-0
米兰的反击直传直接给了基耶利尼,下半场 1',0-0
基耶利尼分边左路桑德罗失误出了边线,下半场 1',0-0
尼昂左路拿球，利希施泰纳身后铲球犯规吃到黄牌,下半场 2',0-0
尤文的反击被断,下半场 2',0-0
博纳文图拉中路大力抽射打中防守球员出了底线,下半场 2',0-0
尤文左路进攻,下半场 5',0-0
桑德罗内切右脚抽射偏出右侧底线,下半场 5',0-0
博格巴中场断球吊米兰禁区被多纳鲁马拿到,下半场 5',0-0
尤文后场断球推进，基耶利尼过顶球找曼朱基齐越位了,下半场 5',0-0
马尔基西奥中场长传，利希施泰纳越位了,下半场 6',0-0
米兰中场又失误了，尤文基本压着米兰打,下半场 6',0-0
尤文左路进攻，桑德罗突破被阿巴特绊倒犯规,下半场 12',0-0
尤文长传转移右路失误出了边线,下半场 12',0-0
米兰前场配合失误，尤文反击，博格巴给桑德罗,下半场 15',0-0
横传博格巴，超远距离抽射被多纳鲁马扑出底线,下半场 15',0-0
尤文右路角球给到小禁区被多纳鲁马双拳击出,下半场 15',0-0
博努奇外围得球挑传禁区曼朱基齐,下半场 19',0-0
脚后跟横传被罗马尼奥利解围,下半场 19',0-0
比赛来到64分钟了，双方依旧没有破门良机,下半场 19',0-0
尤文进球了！桑德罗助攻，迪巴拉破门~~,下半场 20',1-0
博格巴左路挑传，迪巴拉门前左脚扫射得分,下半场 20',1-0
迪巴拉这边射门动作完成之后倒地了,下半场 20',1-0
当并无大碍,下半场 21',1-0
米兰必须攻上去了,下半场 21',1-0
阿莱士反抢成功，给安东内利，,下半场 21',1-0
带过中超给切尔奇，突到底线横传门前,下半场 21',1-0
库茨卡背身拿球凌空倒钩打偏,下半场 21',1-0
桑德罗给博格巴，回传马尔基西奥，直塞被库茨卡断下,下半场 23',1-0
博格巴反抢犯规,下半场 23',1-0
米兰换人，阿德里亚诺换下库茨卡,下半场 24',1-0
米兰中路挑传，基耶利尼头球解围出去,下半场 24',1-0
巴卡前场中路拿球低头盘带陷入包夹被断,下半场 24',1-0
巴尔扎利前场得球禁区外左脚抽射偏出底线,下半场 24',1-0
博格巴中路推进分边利希施泰纳,下半场 26',1-0
传中被多纳鲁马直接摘下,下半场 26',1-0
莫拉塔换下迪巴拉,下半场 27',1-0
曼朱基齐前场断球，回传给巴尔扎利,下半场 32',1-0
桑德罗短传给莫拉塔，下底传中,下半场 32',1-0
后点利希施泰纳和尼昂对脚双双倒地，门将多纳鲁马拿到球,下半场 32',1-0
莫拉塔拿球反击被放倒犯规,下半场 33',1-0
米兰再度换人,下半场 33',1-0
米兰用本田圭佑换下尼昂,下半场 33',1-0
阿巴特右路拿球被断,下半场 33',1-0
桑德罗挑球过人被阿巴特拉倒犯规,下半场 34',1-0
蒙托利沃给右路切尔奇，转身突破滑倒，球出了边线,下半场 34',1-0
米兰中场拿球被断，莫拉塔背身拿球被博纳文图拉拉倒犯规,下半场 35',1-0
尤文前场左路30米任意球,下半场 35',1-0
任意球短传给右侧斯图拉罗,下半场 36',1-0
回传给基耶利尼,下半场 36',1-0
桑德罗横带回传给马尔基西奥,下半场 36',1-0
短传基耶利尼，分左侧桑德罗失误出了边线,下半场 37',1-0
巴尔扎利长传被安东内利断下,下半场 41',1-0
下半场比赛进入了尾声,下半场 42',1-0
下半场补时3分钟,下半场 42',1-0
博努奇一个大脚把球开上去,下半场 42',1-0
本田圭佑拿下了皮球,下半场 42',1-0
面对双人防守没能过去,下半场 42',1-0
利希施泰纳把球解围出了边线,下半场 42',1-0
尤文左路进攻，桑德罗转身突破被绊倒犯规,下半场 43',1-0
桑德罗左路突破下底横扫禁区,下半场 44',1-0
曼朱基齐扫射打飞,下半场 44',1-0
切尔奇右路内切左脚爆射被布冯飞扑出去,下半场 44',1-0
切尔奇右路拿球,下半场 44',1-0
裁判哨响，没再给机会,下半场 45',1-0
全场比赛结束,下半场 45',1-0
尤文主场1:0拿下了米兰,下半场 45',1-0
凭借着莫拉塔在下半场的进球，尤文主场1-0击败米兰，完成对对手的七连胜,下半场 47',1-0
同时也取得联赛三连胜，在积分榜上他们也反超米兰1分攀升到意甲第六。,下半场 47',1-0
本场比赛的直播就到这里，我们下次直播再见,完赛,1-0
