大家好，欢迎收看新浪体育为您带来的中超第23轮 石家庄永昌VS北京国安,未赛,0-0
凭借连续15轮不败的表现，永昌目前以33分排名积分榜第5位,未赛,0-0
本赛季迄今永昌以5胜6平战绩保持着主场不败的强势,未赛,0-0
上述这两则数据直接提升了此战看点：永昌能对国安延续“不败”走势么？国安在击败鲁能后能否持续反弹？,未赛,0-0
上轮国安在主场3-1战胜鲁能，结束了此前1平2负的滑坡势头,未赛,0-0
列积分榜第4位的国安在积分上已追平鲁能，落后上港3分，落后恒大4分,未赛,0-0
国安想要重现榜首竞争力的前提条件就是继续赢球,未赛,0-0
本赛季国安前11个客场战绩为3胜5平3负，客场积分排名中超第5位，国安客场打入10球的攻击力更是列中超倒数第5位,未赛,0-0
国安的客场数据表明，要想在客场战胜永昌的难度是很大,未赛,0-0
本赛季首回合，国安主场3-1击败永昌，巴塔拉该场梅开二度,未赛,0-0
目前两队首发阵容已经公布,未赛,0-0
北京国安首发:22-杨智；31-赵和靖、30-雷腾龙、13-徐云龙、4-周挺；5-马季奇、8-朴成、23-陈志钊、17-巴塔拉、27-张稀哲；10-德扬,未赛,0-0
石家庄永昌首发:22-关震；4-李超、18-许博、14-赵荣亨、25-糜昊伦；9-隆东、10-鲁本、5-白鹤、23-胡伟、13-冯绍顺；19-穆伦加,未赛,0-0
让我们来到比赛现场,未赛,0-0
双方球员已经入场了,未赛,0-0
上半场比赛开始！,上半场 1',0-0
首先开球的是石家庄永昌,上半场 1',0-0
永昌长传转移直接出了边线,上半场 1',0-0
巴塔拉中场拿球，出球被封堵,上半场 1',0-0
马季奇中场拿球被侵犯,上半场 2',0-0
国安队右路进攻打底线,上半场 2',0-0
倒三角传回来，巴塔拉禁区外围打远射,上半场 3',0-0
这球没有压住将球打高了,上半场 3',0-0
永昌中场拿球没有传出去,上半场 3',0-0
马季奇拿球给到左路,上半场 3',0-0
张稀哲边路起球送到禁区里,上半场 4',0-0
关震直接将球摘到,上半场 4',0-0
赵和靖中场争抢头球的时候犯规,上半场 4',0-0
永昌长传给到了鲁本,上半场 4',0-0
鲁本底线接球自己将球停了出去,上半场 4',0-0
永昌左路拿球到了禁区内,上半场 5',0-0
鲁本这边反越位上来到了禁区里,上半场 5',0-0
低平球横敲门前,上半场 5',0-0
杨智先将球碰了一下,上半场 5',0-0
鲁本底线再打，将球打高了,上半场 5',0-0
这球也是非常的危险,上半场 6',0-0
给国安队的后防提了一个醒,上半场 6',0-0
德扬打远射，考验了一下关震,上半场 6',0-0
永昌右路送直塞，队友接触后倒地,上半场 7',0-0
裁判这边也是没吹,上半场 7',0-0
永昌右路助攻上来，赵和靖禁区内先将球解围,上半场 7',0-0
永昌这边角球的机会,上半场 7',0-0
角球送前点，双方都没有抢到球,上半场 8',0-0
中路，国安队拿到第二点将球解围,上半场 8',0-0
穆伦加右路得球后到了禁区边缘,上半场 8',0-0
边路的传球送到禁区内,上半场 8',0-0
国安队先将球解围,上半场 8',0-0
雷腾龙禁区前沿拿球被穆伦加侵犯,上半场 9',0-0
雷腾龙也是受伤倒地,上半场 9',0-0
国安队队医进场,上半场 9',0-0
永昌的开局打得非常不错,上半场 9',0-0
国安队后防这段时间比较危险,上半场 9',0-0
经过队医的检查，问题不是很大，还能继续比赛,上半场 9',0-0
德扬中场拿球，只能将球先回敲,上半场 10',0-0
国安队右路策动攻势,上半场 10',0-0
边路的回敲直接失误了,上半场 10',0-0
朴成中场上抢将球防了下来,上半场 10',0-0
国安队将球转移到了左路,上半场 10',0-0
挑传送禁区打得比较着急被关震得到,上半场 10',0-0
永昌前场转移给到左路,上半场 11',0-0
陈志钊回来将球先捅了出去,上半场 11',0-0
永昌后场拿球长传,上半场 12',0-0
穆伦加头球摆渡下来被徐云龙拿到,上半场 12',0-0
永昌上来的拼抢非常凶,上半场 12',0-0
马季奇前场拿球给到右路,上半场 12',0-0
陈志钊右路得球后起球送后点,上半场 13',0-0
德扬头球点下来,上半场 13',0-0
中路，朴成抽射将球打高了,上半场 13',0-0
这球没有吃准部位,上半场 13',0-0
张稀哲左路拿球先回敲,上半场 14',0-0
德扬向前出球比较草率,上半场 14',0-0
永昌这边马上组织反击,上半场 14',0-0
隆东右路带球到了底线,上半场 14',0-0
低平球横敲到了门前,上半场 14',0-0
国安队第一点解围出现失误,上半场 15',0-0
穆伦加准备倒钩打门先被破坏,上半场 15',0-0
国安队边路起球送禁区,上半场 15',0-0
永昌头球解围出来,上半场 15',0-0
禁区外围，马季奇的看防将球铲出边线,上半场 15',0-0
永昌前场边路活动定位球,上半场 17',0-0
任意球送禁区内，杨智出击将球摘到,上半场 17',0-0
雷腾龙中场上抢的时候犯规,上半场 18',0-0
永昌这边任意球并没有打好,上半场 18',0-0
周挺右路拿球，没有什么机会,上半场 18',0-0
国安队大范围转移被头球破坏,上半场 18',0-0
永昌送直塞找穆伦加,上半场 19',0-0
徐云龙将球先碰出边线,上半场 19',0-0
界外球掷球到了禁区内,上半场 19',0-0
穆伦加头球后蹭被杨智得到,上半场 20',0-0
陈志钊右路带球带大了,上半场 20',0-0
陈志钊底线逼抢将球权拿了回来,上半场 20',0-0
界外球掷出来，配合失误了,上半场 20',0-0
朴成中场带球被穆伦加侵犯,上半场 21',0-0
国安队长传找边路的张稀哲,上半场 22',0-0
永昌这边卡住身位将球让出底线,上半场 22',0-0
张稀哲拿球跟巴塔拉做配合,上半场 23',0-0
禁区前沿，张稀哲突然打元素,上半场 23',0-0
禁区前沿，张稀哲突然打远射,上半场 23',0-0
关震扑球出现脱手,上半场 23',0-0
附近并没有双方球员，关震将球拿到,上半场 24',0-0
国安队后场转移直接出了边线,上半场 24',0-0
雷腾龙这边坐在地上,上半场 24',0-0
脚上还是有问题,上半场 24',0-0
马季奇这边做出了一个换人的手势,上半场 24',0-0
看样子不能在坚持了,上半场 24',0-0
河大成这边似乎在准备,上半场 25',0-0
永昌前场边路传球也失误,上半场 25',0-0
国安队换人，雷腾龙下，河大成上！,上半场 26',0-0
这样马季奇应该是被撤回去,上半场 26',0-0
赵和靖左路拿球突破到了底线,上半场 27',0-0
倒三角传回来直接送出禁区外围,上半场 27',0-0
周挺禁区外围远射被后卫挡出,上半场 27',0-0
隆东左路突破被马季奇铲倒,上半场 28',0-0
永昌任意球送禁区内,上半场 28',0-0
威胁不是很大，杨智将球得到,上半场 29',0-0
赵和靖中场带球被铲倒,上半场 29',0-0
石家庄永昌进球了！！,上半场 29',1-0
穆伦加！！,上半场 29',1-0
马季奇后场禁区前沿回敲，结果穆伦加突然杀出，抢在杨智之前先捅了一下，最后小角度打门将球打进！,上半场 30',1-0
这球的责任在马季奇,上半场 30',1-0
张稀哲左路拿球走底线,上半场 31',1-0
最后的传球被挡出底线,上半场 31',1-0
国安队的角球机会,上半场 31',1-0
角球送中路，穆伦加头球顶了出来,上半场 31',1-0
隆东拿球给到了左路,上半场 32',1-0
穆伦加这次边路的传球也是颇具威胁,上半场 32',1-0
巴塔拉右路跟队友做撞墙配合,上半场 32',1-0
最后一下没有停好,上半场 33',1-0
国安队边路传中被挡出底线,上半场 33',1-0
国安队的角球机会,上半场 33',1-0
角球送前点破坏了,上半场 33',1-0
禁区弧顶打远射被自己球员挡了一下,上半场 33',1-0
小禁区前沿，张稀哲头球攻门没有顶上力量,上半场 33',1-0
国安队这边又获得角球,上半场 34',1-0
角球送中路，第一点还是永昌的,上半场 34',1-0
德扬左路拿球一对一,上半场 34',1-0
送球给到张稀哲,上半场 34',1-0
张稀哲带球突破被破坏,上半场 35',1-0
国安队前场左路获得任意球机会,上半场 35',1-0
任意球送后点,上半场 35',1-0
朴成抢到点将球顶出底线,上半场 36',1-0
永昌的防守实在是密集,上半场 36',1-0
巴塔拉禁区内拿球，横敲被铲出底线,上半场 36',1-0
角球送后点被永昌球员顶出,上半场 37',1-0
国安队继续角球机会,上半场 37',1-0
角球开出来被关震得到,上半场 38',1-0
边裁这边先举旗示意，球在空中先出界,上半场 38',1-0
巴塔拉拿球分到左路,上半场 39',1-0
德扬拿球内切后到了禁区前沿,上半场 39',1-0
直接打门没有吃准部位,上半场 39',1-0
国安队中场断抢下来,上半场 40',1-0
将球直接分到了右路,上半场 40',1-0
边路的传中被后卫挡出边线,上半场 40',1-0
国安队边路挑传送禁区内,上半场 40',1-0
这球差了一点点,上半场 40',1-0
朴成拿球走中路，禁区弧顶被断抢,上半场 41',1-0
国安队很快在中场将球反抢回来,上半场 42',1-0
陈志钊边路起球送禁区,上半场 42',1-0
关震第一下接球出现脱手,上半场 43',1-0
好在第二下很快将球拿到,上半场 43',1-0
永昌将球转移到了右路,上半场 43',1-0
冯绍顺边路传球被徐云龙顶了出来,上半场 43',1-0
张稀哲前场拿球还是走中路,上半场 43',1-0
禁区弧顶，德扬打远射将球打高,上半场 44',1-0
朴成边路防守穆伦加犯规,上半场 44',1-0
任意球打了一个战术,上半场 45',1-0
挑传送禁区内给到肋部,上半场 45',1-0
穆伦加前插险些再次将球碰进去,上半场 45',1-0
上半场补时2分钟！,上半场 45',1-0
德扬中场抢球的时候犯规,上半场 46',1-0
巴塔拉禁区前沿得球，被捅了出去,上半场 46',1-0
国安队左路起球，永昌又是将球破坏,上半场 47',1-0
上半场比赛结束！,中场,1-0
上半场的补时的2分钟并没有打满,中场,1-0
经过45分钟的激战，石家庄永昌1-0暂时领先北京国安,中场,1-0
上半场比赛，永昌的开局打得积极主动，国安队的后防一度很被动,中场,1-0
而雷腾龙受伤后，马季奇被撤回到中后卫的位置上,中场,1-0
而马季奇的回传出现失误，并由穆伦加抓住机会打进一球,中场,1-0
让我们稍事休息，一会儿为您带来双方下半场的比赛,中场,1-0
让我们回到比赛现场,中场,1-0
国安队有一个换人调整，张稀哲下，于大宝上！,中场,1-0
下半场比赛开始！,下半场 1',1-0
下半场比赛由国安队开球,下半场 1',1-0
于大宝左路带球突进来,下半场 1',1-0
想倒三角传回来被解围,下半场 1',1-0
国安队角球机会,下半场 1',1-0
角球送后点,下半场 1',1-0
于大宝头球攻门被后卫在门线上顶了一下，球正好顶在横梁下沿后弹了出来,下半场 2',1-0
陈志钊门前近距离补射被关震扑了出去,下半场 2',1-0
赵和靖中场上抢犯规,下半场 3',1-0
这球也是比较的凶猛,下半场 3',1-0
永昌中场拿球给到右路,下半场 4',1-0
直塞给到了隆东,下半场 4',1-0
低平球送禁区内被国安队解围,下半场 4',1-0
巴塔拉禁区前沿出球一直没过去,下半场 5',1-0
国安队将球传到禁区内,下半场 5',1-0
双方球员接触倒地后被补防球员解围,下半场 5',1-0
国安队进球了！！,下半场 5',1-1
德扬！！,下半场 6',1-1
国安队右侧掷球到禁区里，于大宝禁区内头球后蹭，禁区中路，德扬抽射破门！,下半场 6',1-1
国安队这段时间攻势也是比较猛,下半场 7',1-1
陈志钊右路拿球送直塞,下半场 7',1-1
德扬这球并没有先去跑,下半场 8',1-1
穆伦加底线附近横敲到后点,下半场 8',1-1
马季奇的解围踢疵了,下半场 8',1-1
永昌这边获得角球机会,下半场 8',1-1
角球送前点被国安队顶出,下半场 9',1-1
国安队前场三打二,下半场 9',1-1
陈志钊禁区前沿拿球往右路走,下半场 9',1-1
赵荣亨经验丰富将球防了下来,下半场 9',1-1
于大宝左路在寻找机会,下半场 10',1-1
横向的转移险些又是失误,下半场 10',1-1
朴成低球传到中路,下半场 10',1-1
德扬这边没有拿到,下半场 10',1-1
永昌这边长传找穆伦加,下半场 11',1-1
马季奇这次的看防挺准,下半场 11',1-1
巴塔拉中场停球的时候手球了,下半场 11',1-1
河大成中场上抢犯规,下半场 11',1-1
河大成得到一张黄牌！,下半场 11',1-1
河大成和鲁本都是受伤,下半场 12',1-1
河大成这边似乎被踩了一下,下半场 12',1-1
鲁本这边应该是被撞到胯部,下半场 12',1-1
古德约翰森这边要上场了,下半场 13',1-1
鲁本这边看样子不能在坚持了,下半场 13',1-1
国安队这边周挺和徐云龙搀扶帮助鲁本离场,下半场 14',1-1
1-2！！！,下半场 14',1-2
巴塔拉！！,下半场 14',1-2
德扬左路拿球到了禁区边缘，传球被后卫垫了一下，球高高弹起后，巴塔拉禁区内抽射近角破门！,下半场 15',1-2
永昌这边换上了古德约翰森！,下半场 16',1-2
永昌主教练又被请上看台,下半场 16',1-2
永昌这边球迷也有仍东西的情况，亚森也是先让球迷冷静,下半场 17',1-2
估计永昌的换人没换上去让亚森有些不满,下半场 18',1-2
国安队这边获得角球机会,下半场 18',1-2
角球送前点被穆伦加头球解围,下半场 18',1-2
永昌看看接下来会怎么调整,下半场 19',1-2
穆伦加边路拿球给到中路,下半场 20',1-2
禁区外围的远射将球打偏了,下半场 20',1-2
赵和靖左路起球送禁区,下半场 21',1-2
于大宝头球顶下里被对方解围,下半场 21',1-2
陈志钊右路带球突破，自己将球碰了出去,下半场 22',1-2
永昌大范围转移给到右路,下半场 22',1-2
古德约翰森走中路被断,下半场 23',1-2
陈志钊右路带球突破，没有过去,下半场 23',1-2
隆东右路拿球下底到中路,下半场 23',1-2
徐云龙先出一脚将球解围,下半场 23',1-2
永昌这边的角球机会,下半场 23',1-2
角球送后点,下半场 24',1-2
队友头球摆渡下来被国安队拿到,下半场 24',1-2
德扬右路拿球给到陈志钊,下半场 24',1-2
陈志钊将球再分左路,下半场 24',1-2
禁区内，朴成有机会，结果步点没有踩好,下半场 24',1-2
永昌右路送直塞给到禁区内,下半场 25',1-2
横敲直接送中路,下半场 25',1-2
队友铲射没有碰到,下半场 25',1-2
周挺中路赶紧将球解围出去,下半场 25',1-2
隆东禁区内跟赵和靖争抢先犯规,下半场 25',1-2
赵和靖受伤倒地,下半场 25',1-2
石家庄永昌换人，胡伟下，黄凤涛上！,下半场 26',1-2
永昌这边加强进攻，目的很明显,下半场 26',1-2
国安队前场边路转移失误,下半场 27',1-2
于大宝长传找德扬,下半场 28',1-2
永昌这边头球先破坏,下半场 28',1-2
国安队将球控制下来,下半场 28',1-2
巴塔拉边路接球被撞倒,下半场 28',1-2
陈志钊边路两次传球都被挡了出来,下半场 29',1-2
黄凤涛边路上抢犯规,下半场 30',1-2
河大成右路拿球给到禁区内,下半场 30',1-2
德扬底线横敲过去,下半场 30',1-2
许博将球解围出了底线,下半场 30',1-2
这球是解围出了边线,下半场 31',1-2
国安队将球转移到了左路,下半场 31',1-2
巴塔拉禁区外围打远射，这球打晚了一点,下半场 32',1-2
场地的灯光有问题了,下半场 32',1-2
裁判也是先暂停了比赛,下半场 32',1-2
现场也是等待灯光恢复,下半场 33',1-2
在本轮客场挑战永昌之后，国安众将就将迎来近一个月修整的时间，一直到9月12日，国安将在客场挑战辽足,下半场 33',1-2
这段时间，双方都可以休息一下,下半场 33',1-2
但这对球员来说并不好,下半场 33',1-2
球员都在走回球员通道,下半场 33',1-2
先到了教练席边上,下半场 33',1-2
比赛已经暂停了10分钟,下半场 33',1-2
现场的广播也是通知工人在维修线路，大约需要10分钟,下半场 33',1-2
现场的灯光已经陆续被点亮,下半场 33',1-2
比赛应该马上恢复,下半场 33',1-2
球员已经回到了场上,下半场 33',1-2
比赛要恢复了,下半场 33',1-2
永昌换人，冯绍顺下，王鹏上！,下半场 33',1-2
比赛恢复进行！！等了20分钟啊！！,下半场 33',1-2
德扬前场拿球到了禁区内,下半场 33',1-2
最后一下传的时候被断,下半场 33',1-2
徐云龙这边又是受伤,下半场 34',1-2
右腿小腿出现问题,下半场 34',1-2
比赛又恢复进行,下半场 34',1-2
巴塔拉对古德约翰森犯规,下半场 35',1-2
巴塔拉得到一张黄牌！,下半场 35',1-2
永昌前场挑传送到左路,下半场 35',1-2
糜昊伦边路的传球打在国安球员后背上,下半场 36',1-2
永昌这边要展开最后的反击了,下半场 36',1-2
前场带球推进被铲了出去,下半场 36',1-2
糜昊伦边路的传中打在周挺身上,下半场 36',1-2
国安队这边反击的机会,下半场 37',1-2
边路的挑传找朴成,下半场 37',1-2
这球传到了身后,下半场 37',1-2
国安队换人，陈志钊下，邵佳一上！,下半场 37',1-2
现场的灯光再次又黑了！！,下半场 38',1-2
所有的灯光熄灭！！,下半场 38',1-2
比赛再次进入到暂停！,下半场 38',1-2
球员又是回到场边先休息,下半场 38',1-2
现场的情节跟开演唱会一样,下半场 38',1-2
现场现在电力还没有恢复！,下半场 38',0-0
请大家稍作等待,下半场 38',0-0
现场现在球场四周的LED广告牌还有电，球场看台上也有应急灯光，就是缺少了比赛用的照明,下半场 38',1-2
球场上双方球员都回到场地内了,下半场 38',1-2
看来比赛是要马上恢复吗？但还是缺少灯光,下半场 38',1-2
现场的照明渐渐开始恢复了,下半场 38',1-2
比赛马上就要恢复了,下半场 38',1-2
双方都在场地内进行热身,下半场 38',1-2
裁判也出来了，各就各位，比赛马上恢复,下半场 38',1-2
双方队友走向裁判对球权有点争议,下半场 38',1-2
好了，下半场恢复了，82分钟,下半场 38',1-2
北京国安在中场任意球吊到禁区前沿，球被后卫大脚破坏,下半场 38',1-2
石家庄也是长传反击，打到右边路给外援，球被徐云龙破坏出边线,下半场 38',1-2
石家庄准备手榴弹战术,下半场 38',1-2
界外球掷进禁区，隆东试图头球摆渡，可惜球被后卫先出一头解围,下半场 39',1-2
石家庄在右边路沿边路推进，隆东强行突破传中，球传出了底线,下半场 39',1-2
全场比赛时间马上到85分钟了，场上比分依然是北京2-1领先石家庄,下半场 40',1-2
古德约翰森在中场带球突破，国安3名防守球员夹击，最终绊倒了他，犯规,下半场 40',1-2
石家庄任意球中场吊到禁区前沿，第一点点下来后国安后卫把球破坏,下半场 41',1-2
石家庄长传冲吊到门前，杨智出击时被对手冲撞！裁判给了任意球,下半场 42',1-2
石家庄前场左边路短传配合，可惜边路传中太低，球被前点后卫顶出来,下半场 42',1-2
石家庄中场控球，距门差不到40米开外，一脚远射，力量很大，但角度太正被杨智稳稳没收,下半场 43',1-2
北京国安右边路快速通过中场，边路斜长传到禁区前沿，巴塔拉禁区弧里头球点到禁区里，力量稍大！,下半场 44',1-2
全场 比赛补时4分钟！,下半场 44',1-2
双方现在在中场更多的纠缠,下半场 45',1-2
北京国安现在就是要把皮球更多的远离自己球门,下半场 45',1-2
他们在中场拼的比较凶！,下半场 45',1-2
而石家庄则是想加快节奏，在中场没有太多的过渡,下半场 45',1-2
德扬前场铲断成功，自己带球突入禁区，在对方3人夹击下球带丢了,下半场 46',1-2
北京国安中场抢断，快速反击，还是巴塔拉送出直传球到右侧，邵佳一几乎单刀，一脚抽射打在边网上！,下半场 47',1-2
石家庄前场右侧获得一个任意球机会,下半场 47',1-2
古德约翰森来处理,下半场 47',1-2
古德约翰森任意球传到禁区里，队友头球摆渡，球被门前的于大宝头球解围！,下半场 48',1-2
隆东扳平比分！！！2-2,下半场 48',2-2
禁区内石家庄左侧小角度抽射被杨智扑出，门前的隆东补射！！！打入球门上角！扳平比分！,下半场 49',2-2
全场比赛结束，石家庄最后时刻扳平了比分，2-2主场逼平北京国安！,完赛,2-2
好了，这场极具戏剧性的比赛也以戏剧性的结果收场！感谢大家的观看，下次直播再见。,完赛,2-2
