大家好，欢迎进入由新浪体育为您带来的精彩赛事直播节目！,未赛,0-0
即将为您带来的是西甲第二轮巴萨主场迎战马拉加的比赛，欢迎您的收看,未赛,0-0
巴萨揭幕战客场面对一周前从自己手上抢走西级杯的毕尔巴鄂竞技,未赛,0-0
凭借苏神苏亚雷斯的进球，1-0带走三分，算是成功复仇,未赛,0-0
而马拉加揭幕战主场0-0憾平劲旅塞维利亚,未赛,0-0
近期梅西在欧足联颁奖典礼上再次获评欧洲最佳球员，是历史上第一个两次获评欧洲最佳的球员,未赛,0-0
巴萨上赛季主场0-1爆冷不敌马拉加，是双方近21次交手的唯一一支输球记录,未赛,0-0
而在近21次对话中，巴萨赢下了其中17场,未赛,0-0
此前因为腮腺炎错失多场比赛的巴西球星内马尔已经接近复出，有望在与马拉加一战中登场,未赛,0-0
大家好，欢迎进入由新浪体育为您带来的精彩赛事直播节目！,未赛,0-0
即将为您带来的是西甲第二轮巴萨主场迎战马拉加的比赛，欢迎您的收看,未赛,0-0
巴萨在过去4年的欧洲最佳球员颁奖结束后4战全胜，梅西总会贡献进球或助攻,未赛,0-0
上次荣膺欧洲最佳后，阿根廷巨星首战2射1传,未赛,0-0
此番梅西时隔4年再夺欧洲最佳球员殊荣，势必会激发他的斗志，帮助巴萨主场拿下马拉加,未赛,0-0
巴萨此役后防仍然有多名伤停，皮克仍然处在停赛期间，阿德里亚诺、阿尔维斯以及道格拉斯则因伤缺席,未赛,0-0
面对残缺的巴萨防线，马拉加有望收获新赛季首球,未赛,0-0
先来看下两队首发~,未赛,0-0
巴塞罗那：门将布拉沃，后卫阿尔巴、马斯切拉诺、维尔马伦、罗贝托，中场布斯克茨、拉基蒂奇、伊涅斯塔，前锋内马尔、苏亚雷斯、梅西,未赛,0-0
马拉加：门将卡梅尼，后卫安杰莱里、罗萨莱斯、维利顿、托雷斯，中场卡洛斯、奥尔塔、科普、雷西奥、蒂索内，前锋阿姆拉巴特,未赛,0-0
但马拉加今夏在前场完成多笔引援，包括迎回圣克鲁斯、租借高中锋科普---上海体育和广东体育,未赛,0-0
OK，两队球员终于出场了,未赛,0-0
两队身穿着各自的传统球衣,未赛,0-0
看到了阿尔维斯跟阿德坐在了看台上,未赛,0-0
上半场比赛终于开始了~,上半场 1',0-0
主场作战的巴萨开球,上半场 1',0-0
一开场巴萨就大举压上进攻,上半场 1',0-0
突然打向右路，梅西~底线传中,上半场 2',0-0
已经出界了,上半场 2',0-0
梅西似乎剪了个新发型~,上半场 3',0-0
看起来显得很精干,上半场 3',0-0
梅西在右路~交给苏亚雷斯！,上半场 4',0-0
苏牙一个漂亮的原地转身，抹过后卫,上半场 4',0-0
下底传中~后卫在后点头球解围出了底线,上半场 4',0-0
巴萨获得了开场之后的第一个角球,上半场 4',0-0
拉基蒂奇角球~好机会！！！,上半场 4',0-0
进球无效？？？,上半场 5',0-0
裁判吹了苏亚雷斯头球之前推人犯规,上半场 5',0-0
慢动作来看苏亚雷斯在头球之前确实手上有个推人动作,上半场 5',0-0
推了一下对方的15号安杰莱里,上半场 5',0-0
这种球要是在英超的话就不会吹...,上半场 6',0-0
当然这里是西甲联赛~所以裁判很快就吹了犯规，进球无效,上半场 6',0-0
巴萨继续控球进攻,上半场 6',0-0
全都压过了中场,上半场 7',0-0
整个一半场攻防演练,上半场 7',0-0
伊涅斯塔禁区线上突然塞给苏亚雷斯,上半场 7',0-0
可惜后者反应慢了半拍,上半场 7',0-0
门将卡梅尼出击倒地将球抱住,上半场 7',0-0
梅西长传找到内马尔~,上半场 8',0-0
内马尔杀入禁区，横敲梅西！,上半场 8',0-0
对方后卫先出一脚大脚解围,上半场 9',0-0
伊涅斯塔~~禁区肋部的突破下底传中,上半场 9',0-0
可惜队友跟进慢了,上半场 9',0-0
打回来之后，布教授在禁区外尝试了一脚远射,上半场 9',0-0
低平球没什么速度被门将卡梅尼轻松拿到,上半场 9',0-0
马拉加右路发动进攻~,上半场 10',0-0
阿姆拉巴特在队友的系列配合之后起脚打门~被拉基蒂奇封堵了一下,上半场 10',0-0
内马尔回防接应被对方球员放倒，犯规了,上半场 10',0-0
伊涅斯塔~~中路突破之后分球,上半场 11',0-0
苏牙有些越位的嫌疑~裁判没有理会,上半场 11',0-0
门将倒地扑了一下，没拿住~~~,上半场 11',0-0
苏亚雷斯脚后跟打门！！！,上半场 11',0-0
被挡了出去,上半场 11',0-0
再传的时候，已经出界了,上半场 11',0-0
打了10多分钟，巴萨牢牢占据了场上的主动,上半场 12',0-0
罗贝托在右边卫的位置上打得有板有眼的,上半场 14',0-0
梅西~~边路内切,上半场 14',0-0
打门被挡了一下之后变线出了底线,上半场 14',0-0
角球,上半场 14',0-0
还是拉基蒂奇来处理,上半场 14',0-0
传向了前点~~,上半场 15',0-0
布斯克茨背对球门的脚后跟射门，出了底线,上半场 15',0-0
内马尔传球被断~,上半场 16',0-0
还是脚下过于粘球了,上半场 16',0-0
马拉加右路进攻，托雷斯的挑传直接传给了布拉沃,上半场 17',0-0
罗贝托右路下底，传中有些大~,上半场 18',0-0
巴萨重新组织进攻,上半场 18',0-0
马斯切拉诺分边出现了失误~,上半场 18',0-0
马拉加快速反击，制造了一个角球机会,上半场 19',0-0
传中球出来~布拉沃扑救脱手,上半场 19',0-0
还好身边并没有进攻球员,上半场 19',0-0
哇~~~好险,上半场 19',0-0
布教授横传失误~~卡洛斯中场直接来了一个吊射！！,上半场 20',0-0
稍稍高出了横梁,上半场 20',0-0
马拉加制造了一个前场定位球,上半场 20',0-0
传中到禁区内~裁判鸣哨了,上半场 21',0-0
14号雷西奥在头球之前拉人犯规了,上半场 21',0-0
马拉加这边防守阵型还算严密,上半场 21',0-0
阵地战的防守方面并没有给巴萨多少机会,上半场 21',0-0
阿尔巴的传中逼得了一个角球,上半场 22',0-0
传中给出来~梅西在禁区前被放倒,上半场 22',0-0
裁判示意比赛继续,上半场 22',0-0
马拉加的反击~~布拉沃出击将球没收,上半场 22',0-0
慢动作来看，马拉加的球员有明显的绊人犯规,上半场 23',0-0
不过裁判多半是觉得梅西跳水了...,上半场 23',0-0
梅西突到了底线~~后卫回追速度很快,上半场 25',0-0
将球挡出界外，巴萨的角球,上半场 25',0-0
诺坎普看客 哪个托雷斯---米格尔托雷斯~,上半场 25',0-0
马拉加方面似乎维利顿有些受伤,上半场 26',0-0
被2号雷达尔换下,上半场 26',0-0
横梁~~~,上半场 26',0-0
小马哥接到了阿尔巴的传中，头球打在了横梁上弹出,上半场 27',0-0
罗贝托的速度很快，对方球员想要在他面前形成突破...很难,上半场 27',0-0
阿姆拉巴特的动作有些大啊,上半场 29',0-0
被裁判警告了一下,上半场 29',0-0
比赛打了快半个小时,上半场 29',0-0
巴萨还是没能找到什么好的射门机会,上半场 29',0-0
苏亚雷斯逼得了一个角球,上半场 29',0-0
战术角球~,上半场 29',0-0
梅西~~带到了小禁区内,上半场 30',0-0
传中还是被挡了出去,上半场 30',0-0
继续开角球,上半场 30',0-0
这次角球传中被破坏出了禁区,上半场 30',0-0
内马尔~~再传！维尔马伦跳起头球攻门,上半场 30',0-0
顶了一个直上直下...,上半场 31',0-0
马拉加犯规不断,上半场 32',0-0
犯规次数上，7比2,上半场 32',0-0
不过裁判似乎并不喜欢掏牌,上半场 33',0-0
内马尔~面对对方两人防守，左脚打门！！！,上半场 33',0-0
太正啦,上半场 33',0-0
阿尔巴挑球过人~~裁判吹了出界,上半场 34',0-0
伊涅斯塔大范围转移,上半场 35',0-0
罗贝托头球点向门前！！！,上半场 35',0-0
卡梅尼居然扑救脱手,上半场 35',0-0
还好第二反应够快，倒地将球抱入怀中,上半场 36',0-0
巴萨的中路防守出现了问题~~~,上半场 36',0-0
马拉加右路低平球传中,上半场 36',0-0
卡洛斯后排插上倒地铲射~~,上半场 36',0-0
布拉沃将球抱住了,上半场 36',0-0
回过来~苏亚雷斯接到小白的直塞,上半场 36',0-0
左脚打门~~被门将抱住,上半场 36',0-0
小白今天的状态似乎不错,上半场 37',0-0
越位了吧,上半场 37',0-0
阿姆拉巴特接应队友的边路传中，已经处在了越位位置,上半场 38',0-0
梅西~~挑传到禁区,上半场 38',0-0
阿尔巴出现在了中锋位置，头球后蹭！,上半场 38',0-0
门将及时出击将球拿到,上半场 38',0-0
手球~~没吹,上半场 39',0-0
裁判今天的哨子忘带了？,上半场 39',0-0
刚才内马尔禁区内的扣球过人,上半场 39',0-0
后卫倒地的时候明显的手球阻挡，裁判毫无反应,上半场 39',0-0
后卫的回传球，门将用手来接...,上半场 40',0-0
裁判还不吹~~~,上半场 40',0-0
今天这主裁判有点意思啊,上半场 40',0-0
维尔马伦刚才的回追，挡出了马拉加反击的传球,上半场 41',0-0
苏亚雷斯~~禁区内被放倒,上半场 41',0-0
裁判跑向禁区~还是没有点球,上半场 41',0-0
慢动作来看~15号安杰莱里出脚的时候没有碰到皮球,上半场 41',0-0
反倒是绊倒了苏亚雷斯,上半场 41',0-0
裁判今天的吹罚引起了太多的争议,上半场 42',0-0
马拉加似乎才是主场作战呢,上半场 42',0-0
马拉加制造了一个角球~,上半场 42',0-0
传中出来被布拉沃接住,上半场 42',0-0
马拉加有球员倒地受伤,上半场 43',0-0
而随后苏亚雷斯的射门直接被门将没收,上半场 43',0-0
梅西被绊倒了,上半场 43',0-0
裁判终于鸣哨了,上半场 43',0-0
并没给了14号雷西奥一张黄牌,上半场 43',0-0
梅西主罚的定位球，直接传出了底线,上半场 44',0-0
巴萨再次制造了角球,上半场 45',0-0
拉基蒂奇的角球传中直接转向了球门，卡梅尼将球拿到,上半场 46',0-0
上半场补时1分钟,上半场 46',0-0
主裁判吹响了上半场比赛结束的哨音~,中场,0-0
巴萨在进攻方面制造出来一些机会,中场,0-0
但裁判的吹罚似乎有些问题,中场,0-0
马拉加后卫一个禁区内的手球和铲人犯规裁判都没有吹点球,中场,0-0
而且上半场的哨子更多的偏向了客队,中场,0-0
马拉加的犯规次数早已上双，但黄牌只有一张,中场,0-0
休息一下，稍后回来,中场,0-0
欢迎回来，下半场比赛开始了~,下半场 1',0-0
中场休息阶段两队都没有进行人员调整,下半场 1',0-0
维尔马伦今天的发挥也不错,下半场 2',0-0
在他这一侧的防守还没有出现过什么失误,下半场 3',0-0
伊涅斯塔漂亮的踩球过人~阿姆拉巴特从身后踢人犯规了,下半场 3',0-0
内马尔脚下稍慢被对方后卫断球,下半场 3',0-0
阿姆拉巴特想跟托雷斯来个撞墙式配合,下半场 4',0-0
维尔马伦站位不错~将球断走,下半场 4',0-0
梅西禁区弧顶挑给内马尔~,下半场 5',0-0
后者脚后跟再敲向门前！！！,下半场 5',0-0
打得太细啦~,下半场 5',0-0
梅西脚下一滑，没能接到皮球,下半场 5',0-0
马拉加的后卫也差点玩火了,下半场 6',0-0
安杰莱里在苏亚雷斯的干扰下接球滑倒了,下半场 6',0-0
不过他很快就反应过来，倒地将球拦截,下半场 6',0-0
巴萨有反击的机会~~~,下半场 7',0-0
内马尔晃开了雷达尔~~,下半场 7',0-0
横敲梅西~~低平球射门！！！,下半场 7',0-0
门将立功了，倒地将球扑出底线,下半场 7',0-0
角球传前点~~维尔马伦的半转身抽射没打上力量,下半场 8',0-0
马拉加似乎又要换人,下半场 8',0-0
换下了阿姆拉巴特,下半场 8',0-0
换上的是9号查尔斯,下半场 8',0-0
小马哥在本方禁区内解围的时候被科普从身后放倒,下半场 10',0-0
裁判鸣哨了,下半场 10',0-0
梅西大范围的长传转移~,下半场 10',0-0
阿尔巴边路传中落点被对方后卫抢到,下半场 10',0-0
梅西继续在中路拿球组织进攻,下半场 11',0-0
不过对方的防守阵型太过密集,下半场 11',0-0
中路打不进去，边路的传中效果也不好,下半场 11',0-0
场上有球员在争抢头球的时候受伤,下半场 12',0-0
雷西奥倒地这一下很疼啊,下半场 12',0-0
巴萨断球反击~~,下半场 13',0-0
梅西~~内切之后突然起脚！！！,下半场 13',0-0
卡梅尼飞身扑救将球挡出底线,下半场 13',0-0
伊涅斯塔~~中路远射！,下半场 13',0-0
左脚的这次射门偏出了右侧立柱,下半场 13',0-0
苏亚雷斯在接应梅西的时候越位了,下半场 14',0-0
慢动作来看~~并没有越位,下半场 14',0-0
巴萨再次制造了一个角球,下半场 15',0-0
传中到小禁区线附近，苏亚雷斯跃起头球~~~,下半场 16',0-0
顶偏了,下半场 16',0-0
马拉加现在几乎过不了中场,下半场 16',0-0
伊涅斯塔被绊倒在了禁区内~,下半场 17',0-0
但是球正好弹到了内马尔面前~,下半场 17',0-0
内马尔的射门被托雷斯挡出了底线,下半场 17',0-0
角球,下半场 17',0-0
传中出来，卡梅尼将球抱住,下半场 17',0-0
卡梅尼的小腿似乎有些受伤,下半场 18',0-0
巴萨开始做出人员调整,下半场 18',0-0
换下了拉基蒂奇，换上拉菲尼亚,下半场 18',0-0
拉基蒂奇的体能消耗有些大,下半场 18',0-0
哇~险些乌龙,下半场 19',0-0
伊涅斯塔斜传右路的罗贝托,下半场 19',0-0
后者低平球传中~门前安杰莱里的解围险些自摆乌龙,下半场 20',0-0
巴萨角球开出~梅西在禁区右侧的小角度打门又被卡梅尼化解,下半场 20',0-0
球还在巴萨的控制下,下半场 20',0-0
马拉加断球反击~有球员越位了,下半场 21',0-0
阿尔巴左路传中~~后卫伸腿挡了一下,下半场 23',0-0
巴萨找不到好办法来破对方的大巴战术,下半场 23',0-0
内马尔外脚背给阿尔巴，力量太大了,下半场 24',0-0
内马尔显然还没有找回最佳状态,下半场 24',0-0
不过今天几次给梅西的传球还是有些意思，可惜梅西没能把握住机会,下半场 25',0-0
梅西~~~眼看对方没人上来逼抢,下半场 25',0-0
禁区外来了一脚远射~~~,下半场 25',0-0
卡梅尼飞身扑了一下,下半场 25',0-0
苏亚雷斯~~补射打了高射炮,下半场 26',0-0
不过裁判又吹了他越位在先,下半场 26',0-0
慢动作来看苏亚雷斯还是没越位,下半场 26',0-0
拉菲尼亚~~也想来个远射，卡梅尼轻松将球拿住,下半场 27',0-0
内马尔突破被绊倒了,下半场 27',0-0
巴萨获得了一个禁区左上角的定位球,下半场 27',0-0
快速开出定位球~,下半场 28',0-0
梅西禁区内的射门打在了后卫腿上出了底线,下半场 28',0-0
巴萨看起来就快要进球，但始终只差那么一点点,下半场 28',0-0
有了~~~,下半场 28',0-0
维尔马伦~~~,下半场 28',1-0
利用这次角球机会，苏亚雷斯的下底传中被卡梅尼飞身扑了一下，球正好弹到维尔马伦面前~~无人防守之下左脚凌空抽射将球打入网窝,下半场 29',1-0
场上出现了冲突,下半场 29',1-0
马斯切拉诺在被放倒之后，马拉加的球员似乎还有个附带动作,下半场 30',1-0
不过从慢动作来看似乎并不是有意的,下半场 30',1-0
马拉加换上了28号胡安皮,下半场 30',1-0
巴萨制造了一个角球,下半场 31',1-0
战术角球~,下半场 31',1-0
巴萨在禁区外控球,下半场 32',1-0
差点儿~~~,下半场 32',1-0
阿尔巴的横敲，苏亚雷斯小角度挑射打在了边网上,下半场 32',1-0
在取得了进球之后巴萨不依不饶，继续压着对手在打,下半场 34',1-0
巴萨需要控一控节奏,下半场 37',1-0
拼了这么久体能也会有些问题,下半场 37',1-0
维尔马伦这状态让恩里克也会有些幸福的烦恼,下半场 37',1-0
皮克复出之后，维尔马伦咋办呢,下半场 38',1-0
这两场比赛他的表现都很不错,下半场 38',1-0
只要不是玻璃人体质，他还是世界级的中后卫,下半场 38',1-0
梅西~又一脚射门~,下半场 39',1-0
跟内马尔的配合之后，梅西的射门再一次被卡梅尼化解,下半场 39',1-0
卡梅尼今天对于梅西来说就是一堵墙啊,下半场 39',1-0
巴萨战术角球,下半场 39',1-0
也不急于进攻了,下半场 40',1-0
马拉加这个时候的体能状态，进攻也无力,下半场 40',1-0
场边巴萨又要换人,下半场 40',1-0
布教授传球出现了失误,下半场 41',1-0
马拉加终于过了半场,下半场 41',1-0
几番争抢之后球出了界外,下半场 41',1-0
巴萨换下了内马尔,下半场 41',1-0
上来的是桑德罗,下半场 41',1-0
苏亚雷斯~又被吹了越位,下半场 43',1-0
慢动作来看这次吹罚没有问题,下半场 43',1-0
但之前好几次吹苏亚雷斯越位，其实是误判,下半场 43',1-0
巴萨断球反击~~~,下半场 44',1-0
苏亚雷斯被蒂索内放倒,下半场 44',1-0
裁判给了蒂索内一张黄牌,下半场 44',1-0
巴萨换下了维尔马伦,下半场 45',1-0
换上了马蒂厄,下半场 45',1-0
苏亚雷斯在抢头球的时候被顶了一下后脑勺,下半场 46',1-0
还好问题不大,下半场 46',1-0
巴萨制造了一个禁区右上角的定位球,下半场 46',1-0
裁判还给犯规的托雷斯一张黄牌,下半场 46',1-0
下半场补时3分钟,下半场 46',1-0
犯规次数方面，马拉加20次,下半场 47',1-0
巴萨仅有2次,下半场 47',1-0
布斯克茨传球又失误~~,下半场 47',1-0
险些让对方抓住反击机会,下半场 47',1-0
哇~~差点,下半场 48',1-0
门前的推射~来自查尔斯,下半场 48',1-0
阿尔巴从身后杀出，倒地伸腿挡了一下皮球,下半场 48',1-0
巴萨险些被对方扳平比分,下半场 48',1-0
好了，时间到了~,下半场 48',1-0
全场比赛结束,完赛,1-0
巴萨主场1比0小胜马拉加,完赛,1-0
唯一的进球来自维尔马伦~~,完赛,1-0
巴萨今天在进攻端遇到了一些麻烦,完赛,1-0
梅西、苏亚雷斯频频威胁对方球门，但始终无法打破僵局,完赛,1-0
最后还是伤停了一年的维尔马伦为巴萨打开了胜利之门,完赛,1-0
这对于巴萨来说是个绝好的消息~另外小白今天的状态也很出色,完赛,1-0
虽然是小胜，但是好歹是拿到了3分~,完赛,1-0
今天的比赛就为大家解说到这里，欢迎您继续关注新浪体育为您送上的其他精彩赛事直播节目，谢谢！,完赛,1-0
