大家好，欢迎进入由新浪体育为您带来的精彩赛事直播节目！,未赛,0-0
即将为您带来的是巴萨主场迎战勒沃库森的比赛，欢迎你的收看~,未赛,0-0
在西甲联赛第6轮巴萨对阵拉斯帕尔马斯的比赛中，梅西在比赛仅仅开场3分钟时就因伤下场,未赛,0-0
目前巴萨官方宣布梅西将会缺阵8周左右的时间,未赛,0-0
好在苏亚雷斯目前状态不错，上一轮西甲梅开二度,未赛,0-0
有他在相信能适度填补巴萨锋线上缺少梅西的空缺,未赛,0-0
巴萨与勒沃库森在11/12赛季欧冠16强比赛的两回合交锋中主客场双杀对手，并在主场凭借梅球王打进的5粒进球7-1血洗对手,未赛,0-0
大家好，欢迎进入由新浪体育为您带来的精彩赛事直播节目！,未赛,0-0
即将为您带来的是巴萨主场迎战勒沃库森的比赛，欢迎您的收看~,未赛,0-0
好吧，先来看下两队的首发~~~,未赛,0-0
巴塞罗那：门将施特根，后卫马蒂厄、马斯切拉诺、皮克、阿尔维斯，中场布斯克茨、伊涅斯塔、拉基蒂奇，前锋桑德罗、内马尔、苏亚雷斯,未赛,0-0
勒沃库森：门将雷诺，后卫乔纳森、文德尔、多纳蒂、帕帕多普洛斯，中场本德、贝拉拉比、坎普尔、克拉默、恰尔汉奥卢，前锋埃尔南德斯,未赛,0-0
现场来了不少来自亚洲的球迷,未赛,0-0
上一轮的欧冠比赛中巴萨1比1跟罗马战平，如果这一场不能拿下勒沃库森的话对巴萨的出线局势就不太妙了,未赛,0-0
好了，两队球员准备出场了,未赛,0-0
巴萨身穿红蓝间条衫,未赛,0-0
勒沃库森一身白色球衣,未赛,0-0
来自英格兰的阿特金森执法本场比赛,未赛,0-0
主裁判吹响了上半场比赛开始的哨音~~~,上半场 1',0-0
上半场比赛由主场作战的巴萨开球,上半场 1',0-0
勒沃库森一上来就抢的很猛~,上半场 1',0-0
勒沃库森后场长传~~~,上半场 2',0-0
小豌豆将球停住，传中被挡了出去,上半场 2',0-0
勒沃库森继续在前场控球~,上半场 2',0-0
贝拉拉比~~突破了皮克之后传中,上半场 2',0-0
小豌豆门前抢点！！！,上半场 2',0-0
被施特根扑了出去~~,上半场 3',0-0
真险~,上半场 3',0-0
巴萨险些开场就丢球,上半场 3',0-0
苏亚雷斯前场接应的时候被吹了越位,上半场 3',0-0
替补席上恩里克有些紧张了,上半场 3',0-0
刚才勒沃库森很轻松的就得到了射门机会,上半场 4',0-0
巴萨前场进攻~,上半场 4',0-0
桑德罗的传中~~~帕帕多普洛斯将球踢出底线,上半场 4',0-0
角球~,上半场 4',0-0
拉基蒂奇将球穿传向前点~~,上半场 4',0-0
阿尔维斯的头球一蹭，被后卫拦截了,上半场 5',0-0
巴萨将球转移到左路,上半场 5',0-0
马蒂厄助攻上来，对方后卫将球踢在了他的身上弹出底线,上半场 5',0-0
内马尔~~禁区左上角传中,上半场 6',0-0
拉基蒂奇后排插上！头球攻门~~~,上半场 6',0-0
顶得太正啦,上半场 6',0-0
两队打得都很积极啊,上半场 7',0-0
勒沃库森并没有一味死守,上半场 7',0-0
中场断球~拉基蒂奇传给皮克,上半场 7',0-0
队友的接应点少了一些,上半场 7',0-0
巴萨将球传回到了本方禁区,上半场 8',0-0
内马尔往前突破~~,上半场 8',0-0
文德尔在身后把球捅了一下,上半场 8',0-0
勒沃库森有反击机会~,上半场 8',0-0
小豌豆的停球没处理好，马斯切拉诺轻松断下,上半场 9',0-0
阿尔维斯在后场防守了,上半场 9',0-0
恰尔汉奥卢定位球传中~直接传给了施特根,上半场 10',0-0
巴萨的造越位战术又一次起到了奇效,上半场 10',0-0
苏亚雷斯背身护球，被放到了,上半场 10',0-0
桑德罗~~中路跟苏亚雷斯的撞墙式配合,上半场 11',0-0
单刀来啦~~~,上半场 11',0-0
桑德罗左脚搓射~~~被扑了出去,上半场 11',0-0
这球都没进~门将立功了,上半场 11',0-0
勒沃库森继续在前场逼抢,上半场 11',0-0
巴萨刚在后场差点失误~,上半场 12',0-0
阿尔维斯中场战术犯规,上半场 12',0-0
很贼啊~眼看自己失位赶紧的踢翻一个,上半场 13',0-0
勒沃库森攻到前场~,上半场 13',0-0
连续的转移~到了右边路,上半场 13',0-0
传中到了小禁区前~贝拉拉比半转身凌空射门！！！,上半场 14',0-0
打高了,上半场 14',0-0
拉基蒂奇轻轻一拨交给苏亚雷斯~,上半场 15',0-0
后者转身直塞~~力量给大了一些,上半场 15',0-0
不过巴萨这几次中路的短传配合打得不错,上半场 15',0-0
克拉默过于粘球~再传的时候队友已经越位了,上半场 17',0-0
替补席上看到了阿德跟布拉沃的身影,上半场 18',0-0
小豌豆右路突破下底传中~,上半场 18',0-0
皮克赶紧的解围,上半场 18',0-0
贝拉拉比撞到了马斯切拉诺被吹罚了犯规,上半场 18',0-0
勒沃库森 反击机会~,上半场 19',0-0
坎普尔一停！左脚射门~~,上半场 19',0-0
施特根完全没有反应~~,上半场 19',0-0
差点~~~擦柱而出,上半场 19',0-0
勒沃库森前场抢断~又是坎普尔！,上半场 20',0-0
禁区内的射门被皮克堵了枪眼,上半场 20',0-0
巴萨今天的中路打得很多,上半场 20',0-0
内马尔都快内切到右边路的边线了,上半场 21',0-0
高层看台的贵宾包厢似乎看到了夏奇拉的身影,上半场 21',0-0
贝拉拉比~突然加速过掉阿尔维斯,上半场 22',0-0
左脚传中被皮克挡出了底线,上半场 22',0-0
勒沃库森开场之后的第一个角球,上半场 22',0-0
恰尔汉奥卢,上半场 22',0-1
角球直接进了~~~,上半场 23',0-1
帕帕多普洛斯~这球是被他顶进去的,上半场 23',0-1
看下慢动作~帕帕多普洛斯是在门线上将球顶入,上半场 24',0-1
身边似乎并没有巴萨的球员去盯防他,上半场 24',0-1
苏亚雷斯倒在了对方禁区前,上半场 24',0-1
裁判没有理会,上半场 24',0-1
巴萨的失误有些多,上半场 24',0-1
慢动作来看马蒂厄在角球防守中突然短路没有看住帕帕多普洛斯,上半场 25',0-1
场上有球员倒地受伤,上半场 25',0-1
多纳蒂很快就自己站了起来，问题不大,上半场 26',0-1
这段时间巴萨中前场缺乏跑动和配合,上半场 26',0-1
感觉不管是在任何地方巴萨的球员都比对方更少,上半场 27',0-1
勒沃库森抢疯了~,上半场 27',0-1
再加上巴萨自己的失误，给了对方不少机会,上半场 27',0-1
伊涅斯塔斜塞被挡了一下~,上半场 28',0-1
场上又有人受伤了,上半场 28',0-1
贝拉拉比跟马斯切拉诺倒在了地上,上半场 28',0-1
裁判中断了比赛,上半场 29',0-1
队医进场紧急治疗,上半场 29',0-1
刚才他在铲球的时候跟贝拉拉比相撞,上半场 29',0-1
施特根每场比赛丢球的厄运还在继续,上半场 30',0-1
上半场打了半个小时，除了开场的时候巴萨还制造了机会之外~~,上半场 32',0-1
几乎一直被勒沃库森给压制,上半场 32',0-1
桑德罗在右路找不到接应的队友,上半场 32',0-1
一犹豫~球丢了,上半场 33',0-1
以往巴萨在中前场的人数优势非常明显,上半场 33',0-1
但现在这批球员的跑动总感觉不够造成区域内的人数劣势,上半场 33',0-1
马斯切拉诺被补了一张黄牌，因为刚才铲球的时候撞伤了贝拉拉比,上半场 34',0-1
莱诺出击放倒了本方队友文德尔,上半场 34',0-1
这下伤的不轻,上半场 34',0-1
暂时离场接受治疗,上半场 35',0-1
马蒂厄跟阿尔维斯今天的助攻都不太顺畅,上半场 35',0-1
内马尔跟苏亚雷斯的撞墙式配合，自己失误了,上半场 36',0-1
皮克突然长传打身后~,上半场 37',0-1
边裁举旗示意，内马尔已经越位,上半场 37',0-1
贝拉拉比~~速度上面硬吃皮克！！,上半场 37',0-1
一扣一射~~好在施特根扑了一下,上半场 37',0-1
内马尔~~左路内切倒在了禁区内,上半场 38',0-1
裁判吹了内马尔假摔~,上半场 38',0-1
结果自己还领到了一张黄牌,上半场 38',0-1
勒沃库森的逼抢简直是不遗余力地,上半场 39',0-1
桑德罗~~又没进！！！,上半场 40',0-1
刚才内马尔的扣球过人之后的射门击中了立柱,上半场 40',0-1
桑德罗面对空门~一脚劲射被帕帕多普洛斯堵了枪眼,上半场 41',0-1
桑德罗已经得到了两次必进球机会,上半场 41',0-1
内马尔这次勇敢的突破制造了本德的犯规,上半场 41',0-1
裁判还给了他一张黄牌,上半场 41',0-1
巴萨获得了一个定位球机会,上半场 42',0-1
拉基蒂奇来打~~~,上半场 42',0-1
球速并不快被门将拿住了,上半场 42',0-1
勒沃库森连续在同样的位置犯规,上半场 43',0-1
放倒的是苏亚雷斯~,上半场 43',0-1
拉米雷斯总感觉动作慢半拍,上半场 43',0-1
刚才他的传球被文德尔回追阻截,上半场 43',0-1
内马尔~~突破到了底线,上半场 44',0-1
轻巧的一扣闪开了传中角度！,上半场 44',0-1
可惜他的传中被后卫顶出,上半场 44',0-1
伊涅斯塔带球分边，马蒂厄没能将球停住,上半场 45',0-1
皮克后场的长传~给到了对方后卫脚下,上半场 46',0-1
来而不往非礼也~坎普尔的传中也给了施特根,上半场 46',0-1
巴萨连续在左路寻求配合，可惜最后一脚总是被断掉,上半场 47',0-1
上半场比赛结束了！,中场,0-1
凭借着帕帕多普洛斯的头球破门，巴萨主场0比1落后,中场,0-1
勒沃库森方面今天不惜体力的逼抢让巴萨非常不适应,中场,0-1
在连续的得到射门机会之后勒沃库森终于依靠角球机会打破了僵局,中场,0-1
巴萨也并不是没有破门机会，不过桑德罗浪费了两次必进球,中场,0-1
苏亚雷斯今天上半场并没有得到什么机会，队友对他的帮助实在是太少,中场,0-1
巴萨想要扳平或逆转必须要依靠苏亚雷斯~,中场,0-1
在梅西不在的情况下，苏牙应该勇敢的承担进球责任,中场,0-1
好了，休息一下~稍后回来,中场,0-1
欢迎回来~,中场,0-1
下半场比赛开始了~,下半场 1',0-1
两队都没有换人~,下半场 1',0-1
镜头对准了桑德罗，上半场他曾经浪费了两个好机会,下半场 2',0-1
阿尔维斯45度斜传到禁区~给大了,下半场 2',0-1
苏亚雷斯中路强突，示意对方手球~~,下半场 3',0-1
主裁判没有理会,下半场 3',0-1
慢动作来看确实是手球了,下半场 3',0-1
巴萨传接球又现失误,下半场 3',0-1
伊涅斯塔~直塞到禁区！,下半场 4',0-1
拉米雷斯被卡住了位置，只能眼看皮球出了底线,下半场 4',0-1
勒沃库森随时留下4个人在前场高位逼抢,下半场 5',0-1
一度迫得巴萨过不了半场,下半场 6',0-1
马蒂厄没有及时解围被断~~~,下半场 6',0-1
贝拉拉比低平球传中~~,下半场 6',0-1
单刀机会了~~小豌豆一脚放了高射炮,下半场 6',0-1
阿尔维斯险些被断，裁判的哨音太晚了些,下半场 7',0-1
马蒂厄接到小白传球~传中直飞门前,下半场 7',0-1
门将莱诺轻松把球没收,下半场 7',0-1
拉米雷斯~~~机会啊,下半场 8',0-1
又踢偏了~~~,下半场 8',0-1
小角度的射门偏得有些多,下半场 8',0-1
得分机会最多的为什么不是苏亚雷斯~,下半场 9',0-1
施特根刚才的出击抱球为他赢得了一些掌声,下半场 9',0-1
勒沃库森换人了,下半场 10',0-1
基斯林换下了小豌豆,下半场 10',0-1
苏亚雷斯往边路走，身边没有接应~,下半场 11',0-1
苏亚雷斯丢球之后非常愤怒,下半场 11',0-1
巴萨继续在前场组织进攻,下半场 12',0-1
小白的突破制造了一些混乱~,下半场 13',0-1
脚后跟一磕~拉基蒂奇的射门击中了对方后卫,下半场 13',0-1
球弹到内马尔脚下~转身抽射！！！！,下半场 13',0-1
擦着立柱出去的,下半场 13',0-1
拉米雷斯为巴萨逼的了一个角球,下半场 14',0-1
拉基蒂奇传前点被头球解围~,下半场 14',0-1
勒沃库森随时准备打反击~,下半场 15',0-1
阿尔巴准备登场了,下半场 15',0-1
场上有球员受伤~,下半场 15',0-1
伊涅斯塔倒在了对方禁区前沿,下半场 15',0-1
自己站了起来，示意替补席需要换人,下半场 16',0-1
伊涅斯塔摘掉队长袖标交给了布斯克茨,下半场 16',0-1
慢动作来看伊涅斯塔在没有身体接触的情况下受伤的,下半场 16',0-1
应该是扭伤了自己的膝盖,下半场 17',0-1
阿尔巴上来打中场么,下半场 17',0-1
桑德罗制造了一个右路定位球,下半场 17',0-1
巴萨的这次定位球进攻没有起到什么威胁,下半场 17',0-1
贝拉拉比硬吃皮克又来了~底线传中,下半场 18',0-1
马蒂厄头脑已经有些不清晰了~解围也没有踢远,下半场 18',0-1
巴萨继续换人,下半场 18',0-1
穆尼尔换下了桑德罗,下半场 19',0-1
恰尔汉奥卢故意手球阻挡内马尔的传球~~领到了一张黄牌,下半场 20',0-1
巴萨正对球门方向的定位球,下半场 20',0-1
内马尔~~这脚射门质量相当高,下半场 20',0-1
球绕过人墙之后快速下坠，可惜稍微偏了一些,下半场 21',0-1
勒沃库森换下了贝拉拉比,下半场 21',0-1
上来的是19号布兰特,下半场 21',0-1
马蒂厄传球在中场被拦截,下半场 23',0-1
巴萨不断的失误~~,下半场 23',0-1
在对方疯狂的逼抢下，巴萨的控球优势几乎不复存在,下半场 23',0-1
帕帕多普洛斯防守犯规也领到了一张黄牌,下半场 24',0-1
苏亚雷斯移动到右路~不过阿尔维斯给他的支持太少,下半场 25',0-1
刚才阿尔维斯的传球，苏亚雷斯已经越位,下半场 25',0-1
苏亚雷斯~好不容易得到射门机会,下半场 26',0-1
左脚的射门被后卫挡出底线,下半场 26',0-1
内马尔角球传中~被顶出禁区,下半场 26',0-1
内马尔~再传门前！皮克的头球~~~,下半场 26',0-1
莱诺占位不错将球在门线上保住,下半场 27',0-1
巴萨换下了拉基蒂奇,下半场 27',0-1
上来的小将罗贝托,下半场 27',0-1
因为缺兵少将，巴萨现在已经没有什么人可换了,下半场 28',0-1
勒沃库森现在的球员体能有些问题了,下半场 29',0-1
场上已经有球员抽筋,下半场 29',0-1
算上补时比赛还剩下20分钟时间,下半场 30',0-1
阿尔巴的突破受阻~,下半场 30',0-1
场上的球员起了冲突,下半场 30',0-1
阿尔巴结果领到了一张黄牌,下半场 31',0-1
勒沃库森换下多纳蒂，换上了希尔伯特,下半场 32',0-1
内马尔~~绝好的机会,下半场 32',0-1
居然踢呲了~~,下半场 32',0-1
勒沃库森右路发动进攻，布兰特的前插被吹了越位,下半场 34',0-1
勒沃库森的防守太密集了~,下半场 35',0-1
刚才内马尔的射门被堵了枪眼,下半场 35',0-1
罗贝托~~,下半场 35',1-1
阿尔巴的左路低平球传中，穆尼尔门前推射被莱诺倒地扑了一下~~~罗贝托机警的补射将球打入！,下半场 36',1-1
参与这最后几脚进攻的球员还都是下半场被换上去的,下半场 37',1-1
恩里克的换人终于起到了效果,下半场 37',1-1
苏亚雷斯~~~,下半场 37',2-1
太疯狂了~~~,下半场 37',2-1
巴萨3分钟之内逆转了比分,下半场 37',2-1
勒沃库森没能坚持到最后啊,下半场 38',2-1
穆尼尔~~右路的突破连过对方两名后卫！低平球传中~苏亚雷斯迎球怒射~~球直挂右上角~~,下半场 38',2-1
穆尼尔的发挥还真神啊,下半场 38',2-1
勒沃库森的体能差不多了,下半场 39',2-1
勒沃库森不得不压出来了,下半场 40',2-1
后面留下3名后卫,下半场 40',2-1
巴萨乘机把阵型前提,下半场 40',2-1
恰尔汉奥卢~右边路传中给大了出了另一侧的边线,下半场 40',2-1
巴萨反击~~,下半场 41',2-1
内马尔跟苏亚雷斯的一连串配合之后，内马尔传中~~~,下半场 41',2-1
无人盯防的穆尼尔停球射门~~打偏了,下半场 42',2-1
基斯林~转身直塞恰尔汉奥卢,下半场 43',2-1
后者倒在了巴萨的禁区内，裁判示意比赛继续,下半场 43',2-1
控球时间方面巴萨占到了66%,下半场 43',2-1
下半场勒沃库森过于保守了,下半场 44',2-1
当然也可能是他们的体能提前耗光导致的,下半场 44',2-1
巴萨断球~坎普尔绊倒了马斯切拉诺,下半场 44',2-1
结果坎普尔领到了一张黄牌,下半场 45',2-1
内马尔还缺一个进球,下半场 45',2-1
刚才他的分球出了边线~传到了穆尼尔的身后,下半场 45',2-1
下半场补时3分钟,下半场 46',2-1
马斯切拉诺沿边线突破~真是够拼的,下半场 47',2-1
裁判给了巴萨一个边路定位球,下半场 47',2-1
补时还有不到一分钟时间,下半场 47',2-1
内马尔连续的花式拉球过人~最终还是被逼出了底线,下半场 48',2-1
勒沃库森没时间了,下半场 48',2-1
全场比赛结束,下半场 48',2-1
巴萨主场2比1逆转勒沃库森~,完赛,2-1
下半场的几个换人至关重要，罗贝托为巴萨打入了扳平的一球,完赛,2-1
而穆尼尔则是连过三人之后给苏亚雷斯送上了助攻,完赛,2-1
勒沃库森今天打得很不错，不过拼抢过猛下半场体能出现了状况,完赛,2-1
好消息是巴萨赢球了，但坏消息是伊涅斯塔受伤离场,完赛,2-1
但愿他没什么大碍，巴萨已经经不起再缺人了,完赛,2-1
今天的比赛就为大家解说到这里，欢迎您继续关注新浪体育为您送上的其他精彩赛事直播节目，谢谢！,完赛,2-1
