大家好，欢迎进入由新浪体育为您带来的精彩赛事直播节目！,未赛,0-0
即将为您带来的是巴萨主场迎战鲍里索夫的比赛，欢迎您的收看,未赛,0-0
本场比赛如巴萨取胜便可提前晋级,未赛,0-0
近7场8球的苏亚雷斯有望继续进球势头，内马尔若能破门则将打破本赛季欧冠进球荒,未赛,0-0
两队总共交锋3次，巴萨全胜，进11球丢0球,未赛,0-0
本赛季首次交锋，巴塞罗那客场2-0取胜，拉基蒂奇包办两球,未赛,0-0
巴萨前3场收获7分，占据欧冠小组赛E组头名位置，只要本场比赛主场拿下鲍里索夫，就可以提前两轮取得晋级门票,未赛,0-0
本赛季，巴萨在4条战线8次坐镇主场迎敌，取得7胜1平的不败战绩，此役主场击败鲍里索夫不在话下,未赛,0-0
大家好，欢迎进入由新浪体育为您带来的精彩赛事直播节目！,未赛,0-0
即将为您带来的是巴萨主场迎战鲍里索夫的比赛，欢迎您的收看,未赛,0-0
先来看下两队的首发,未赛,0-0
巴塞罗那：门将施特根，后卫阿德里亚诺、马斯切拉诺、维尔马伦、阿尔维斯，中场布斯克茨、拉基蒂奇、伊涅斯塔，前锋罗贝托、苏亚雷斯、内马尔,未赛,0-0
鲍里索夫：门将切尔尼克，后卫加杜奇克、米卢诺维奇、波利亚科夫、姆拉德诺维奇，中场亚布隆斯基、沃洛德科、沃洛季科、斯塔舍维奇、戈德丘克，前锋莫佐莱夫斯基,未赛,0-0
今晚的主裁判是来自匈牙利的瓦德,未赛,0-0
在首回合的交锋中巴塞罗那客场2比0轻松取胜，在11年欧冠当中两队也有过交锋，巴塞罗那两回合总比分9比0大胜，最近3次交锋巴塞罗那1球未失,未赛,0-0
巴塞罗那最近的情况不能说很好，虽然在联赛中依然并列榜首，但是他们每场比赛的表现都不是非常出色,未赛,0-0
球队在缺少了梅西以及伊涅斯塔后，更显得底气不足，虽然内马尔和苏亚雷斯最近的状态不错，但是进攻点太少,未赛,0-0
鲍里索夫巴特是一支来自白俄罗斯超级联赛的球队，他们在自己联赛中是霸主级别的球队，目前23轮联赛他们19胜5平仅仅1负，打进40球只丢了10排名联赛第一,未赛,0-0
数据看起来也相当的不错，但是白俄罗斯联赛的实力跟西甲联赛相差太大，这些数据在上赛季欧冠冠军面前都不算什么,未赛,0-0
就算梅西不能出场，巴塞罗那在阵容方面依然能轻松取胜对手,未赛,0-0
好了，两队球员准备出场了,未赛,0-0
罗贝托今天被安排在了锋线位置,未赛,0-0
看来恩里克对穆尼尔和桑德罗是失去了耐心,未赛,0-0
而罗贝托进来表现出色能堪大任,未赛,0-0
甚至西班牙国家队都向他伸出橄榄枝，他有可能参加欧洲杯的比赛,未赛,0-0
鲍里索夫今天身穿一身黄色的球衣,未赛,0-0
巴萨还是传统红蓝剑条衫,未赛,0-0
鲍里索夫当中有个大家都非常熟悉的球员赫莱布，今天他在替补名单中,未赛,0-0
上半场比赛开始了~,上半场 1',0-0
主场作战的巴萨开球,上半场 1',0-0
哇~好险,上半场 2',0-0
开场没多久罗贝托的传球失误,上半场 2',0-0
鲍里索夫反击险些形成单刀,上半场 2',0-0
不过主裁判吹了越位,上半场 2',0-0
巴萨在中场控球,上半场 2',0-0
内马尔停球出现了失误,上半场 2',0-0
内马尔自己回追抢断~,上半场 3',0-0
随后拉基蒂奇也传球失误,上半场 3',0-0
看起来巴萨今天的状态不太理想啊,上半场 3',0-0
梅西带着棒球帽出现在看台上,上半场 4',0-0
看起来是在跟图兰聊得很开心,上半场 4',0-0
亚布隆斯基铲翻了阿尔维斯，巴萨快速开出定位球,上半场 4',0-0
内马尔挑传禁区~,上半场 4',0-0
苏牙胸部一停，面对门将~~推射！！！,上半场 5',0-0
偏出了左侧立柱,上半场 5',0-0
鲍里索夫边路进攻~,上半场 5',0-0
禁区左侧的射门~~被马斯切拉诺破坏出边线,上半场 6',0-0
巴萨在左路的防守连续出现漏洞,上半场 6',0-0
罗贝托禁区右侧停球过人~可惜横传球被识破意图,上半场 7',0-0
巴萨还在继续控球进攻,上半场 7',0-0
内马尔内切连续摆脱,上半场 8',0-0
连过三人之后被放倒,上半场 8',0-0
巴萨获得了一个位置不错的定位球机会,上半场 8',0-0
正好是内马尔的射程之内,上半场 8',0-0
内马尔今天戴了一个头套，看起来还以为头发长出来了,上半场 9',0-0
内马尔直接射门~~发力过猛,上半场 9',0-0
球直接飞向了看台,上半场 9',0-0
看台上比达尔、马蒂厄、拉菲尼亚、梅西、图兰坐在一排观战,上半场 10',0-0
罗贝托回撤到中场~,上半场 10',0-0
伊涅斯塔~直塞苏亚雷斯，后者停球没处理好,上半场 11',0-0
巴萨连续的传递~,上半场 12',0-0
球到了内马尔脚下~,上半场 12',0-0
鲍里索夫的后卫解围出禁区~,上半场 13',0-0
苏亚雷斯连续两次出现失误,上半场 14',0-0
巴萨还在禁区外控球,上半场 15',0-0
苏亚雷斯越位了吧,上半场 15',0-0
巴萨反击~,上半场 16',0-0
苏亚雷斯转身斜传内马尔,上半场 16',0-0
后者在两名后卫的干扰下，单刀趟大了,上半场 16',0-0
门将出击扑了一下~,上半场 16',0-0
巴萨再传禁区~内少已经越位了,上半场 16',0-0
维尔马伦在禁区线上犯规~~,上半场 17',0-0
铲翻了斯塔舍维奇,上半场 17',0-0
鲍里索夫的定位球,上半场 17',0-0
这要再进去一点儿，就是个点球了,上半场 17',0-0
鲍里索夫定位球直接射门~施特根飞身扑出禁区,上半场 17',0-0
施特根最近被渣叔给看上了,上半场 18',0-0
拉基蒂奇坐在了地上,上半场 19',0-0
有可能是受伤了,上半场 19',0-0
穆尼尔紧急登场,上半场 19',0-0
巴萨实在是够倒霉的,上半场 19',0-0
这样的话罗贝托就要回撤到中场,上半场 20',0-0
慢动作来看按拉基蒂奇是在没有对抗的情况下受伤的,上半场 20',0-0
有可能是拉伤了左大腿,上半场 20',0-0
上半场才打了不到一半的时间，巴萨又折损一员大将,上半场 22',0-0
内马尔机会~,上半场 23',0-0
禁区外尝试了一脚远射~~,上半场 23',0-0
门将倒地将球抱住了,上半场 23',0-0
伊涅斯塔中路带球~敲给内马尔,上半场 24',0-0
后者传中~被后卫破坏出去,上半场 24',0-0
鲍里索夫左路进攻被吹了越位,上半场 25',0-0
伊涅斯塔转移禁区右侧~,上半场 26',0-0
穆尼尔推向门前~~绝好的机会,上半场 26',0-0
后卫抢在苏牙身前解围出底线,上半场 26',0-0
差点儿乌龙了,上半场 26',0-0
内马尔角球开出~裁判吹哨了,上半场 26',0-0
吹了布斯克茨撞人犯规,上半场 26',0-0
苏牙禁区线上背身拿球~~,上半场 27',0-0
脚下一滑~自己又失误了,上半场 28',0-0
内马尔内切~传右路,上半场 29',0-0
穆尼尔摆腿凌空抽射~~~,上半场 29',0-0
被门将托出了底线,上半场 29',0-0
慢着~其实裁判已经吹了穆尼尔越位,上半场 29',0-0
巴萨断球右路进攻~~,上半场 30',0-0
点球~~~,上半场 30',0-0
鲍里索夫的25号姆拉德诺维奇还领到了一张黄牌,上半场 30',0-0
慢动作来看，他在禁区内从身后拉倒了穆尼尔,上半场 30',0-0
内马尔站在了点球点,上半场 30',0-0
内马尔轻松破门~~~推了一个左侧，门将判断错了方向！,上半场 31',1-0
穆尼尔好歹终于是立了一功,上半场 31',1-0
特别是他在边路轻巧的过了对方的边后卫之后跟队友的撞墙式配合创造了这个点球机会,上半场 32',1-0
鲍里索夫中场长传~~~,上半场 32',1-0
没有越位~~,上半场 32',1-0
好在施特根出击及时，跑出禁区断球解围,上半场 32',1-0
阿尔维斯倒地...,上半场 33',1-0
慢动作来看鲍里索夫的球员有些坏啊,上半场 34',1-0
42号沃洛德科在球已经出界的情况下踩了阿尔维斯的脚后跟,上半场 34',1-0
导致阿尔维斯被扭了一下之后膝盖有些受伤,上半场 34',1-0
队医检查之后看起来问题不大，重新回到了场上,上半场 34',1-0
阿德~~~单刀机会,上半场 35',1-0
内马尔的挑传~阿德前插胸部停球，在门将的出击下抢射~~,上半场 35',1-0
可惜这脚捅射被立柱给拒绝,上半场 35',1-0
布教授在中场被拉倒，裁判手下留情了,上半场 38',1-0
阿德~接应伊涅斯塔的传球，传中直接出了底线,上半场 39',1-0
苏亚雷斯~有机会,上半场 40',1-0
禁区内的射门被后卫堵了枪眼,上半场 40',1-0
鲍里索夫中场抢断反击~,上半场 40',1-0
莫来佐夫斯基过掉阿德~传中被施特根没收,上半场 41',1-0
苏亚雷斯~下到底线！传中的时候球已经出界了,上半场 42',1-0
梅西一身嘻哈打扮~看起来号奇怪,上半场 43',1-0
恩里克对于一比零的比分显然是不太满意的,上半场 43',1-0
一直站在场边指挥球员进攻,上半场 44',1-0
18号莫佐莱夫斯基在身后拉扯布斯克茨,上半场 44',1-0
裁判掏出了一张黄牌,上半场 44',1-0
阿尔维斯禁区外远射~偏出了右侧立柱,上半场 46',1-0
上半场要补时2分钟,上半场 47',1-0
施特根冲出禁区~~倚住对方球员,上半场 47',1-0
哇~这是想学诺伊尔啊,上半场 48',1-0
不过不是所有人都是门卫，还好这次施特根没有出现失误,上半场 48',1-0
上半场也随之结束了,中场,1-0
凭借着内马尔的点球破门，巴萨主场1比0领先,中场,1-0
整个上半场比赛波澜不惊,中场,1-0
不过巴萨又折损了一员大将，拉基蒂奇在比赛第18分钟就因为拉伤被穆尼尔换下,中场,1-0
而正是这次换人之后，穆尼尔创造了一个点球机会,中场,1-0
鲍里索夫这边上半场几乎没有什么像样的机会,中场,1-0
休息一下吧~稍后为您带来精彩的下半场,中场,1-0
欢迎回来~,中场,1-0
下半场比赛开始了~,下半场 1',1-0
鲍里索夫压到禁区前~右路传出来,下半场 1',1-0
22号斯塔舍维奇头球~~,下半场 2',1-0
没顶上力量，施特根将球拿到,下半场 2',1-0
鲍里索夫继续打右路~,下半场 3',1-0
斯塔舍维奇接应队友的传球，停出了底线,下半场 3',1-0
罗贝托今天在中场还没什么出彩的表现,下半场 4',1-0
下半场鲍里索夫显然加强了进攻,下半场 4',1-0
内马尔长传分边~,下半场 4',1-0
穆尼尔回敲！巴萨放慢进攻节奏,下半场 5',1-0
伊涅斯塔分边~内马尔再传中！,下半场 5',1-0
被后卫挡出,下半场 5',1-0
阿德上来抢断~交给苏牙,下半场 5',1-0
身边缺乏支持，苏牙传球失误了,下半场 5',1-0
内马尔脚下~摸过一名后卫,下半场 5',1-0
球还在他脚下，伊涅斯塔~接球射门！,下半场 6',1-0
打在后卫身上~出底线,下半场 6',1-0
角球,下半场 6',1-0
内马尔来处理,下半场 6',1-0
前点~布斯克茨头球后蹭,下半场 6',1-0
门柱附近穆尼尔的头球被门将扑出,下半场 6',1-0
鲍里索夫快速反击,下半场 6',1-0
阿尔维斯拉人犯规！黄牌！,下半场 6',1-0
慢动作来看门前抢点的是苏牙,下半场 7',1-0
鲍里索夫传到禁区，莫佐莱夫斯基停球出底线！,下半场 7',1-0
球员的个人能力方面，鲍里索夫还有所欠缺,下半场 7',1-0
至少在欧冠当中是处于平均水平线之下,下半场 8',1-0
内马尔犹豫带球被断！,下半场 8',1-0
布教授中场拦截，传给阿德！,下半场 8',1-0
后者准备不足，停球失误,下半场 8',1-0
苏牙拉边接应！,下半场 8',1-0
后卫抢点解围！,下半场 9',1-0
阿尔维斯回传马斯切拉诺！,下半场 9',1-0
维尔马伦也上来了,下半场 9',1-0
阿德连续传中，裁判吹哨了,下半场 9',1-0
中断比赛~有人受伤！,下半场 10',1-0
哇~,下半场 10',1-0
对方后卫被阿德的传中闷到了脸上,下半场 10',1-0
33号波利亚科夫在接受队医检查,下半场 10',1-0
应该问题不大,下半场 10',1-0
鲍里索夫将球权还给巴萨,下半场 11',1-0
内马尔带球被断~,下半场 11',1-0
布教授中场拦截，回给罗贝托,下半场 11',1-0
鲍里索夫后卫解围踢在了队友的后背上,下半场 12',1-0
门将出击！,下半场 12',1-0
抢在苏牙身前将球抱住,下半场 12',1-0
鲍里索夫要换上赫莱布！,下半场 13',1-0
他是有多久没在诺坎普登场了,下半场 13',1-0
伊涅斯塔传中被解围！,下半场 13',1-0
穆尼尔赶上一脚打门！,下半场 13',1-0
太正！被门将化解！,下半场 14',1-0
又来了~内马尔拉到边路,下半场 14',1-0
假动作过人传中，苏牙外脚背一抖,下半场 14',1-0
传球被挡了出来,下半场 14',1-0
阿尔维斯再度传球被断！,下半场 14',1-0
鲍里索夫连续转移,下半场 14',1-0
斯塔舍维奇下底~传中给了维尔马伦,下半场 15',1-0
巴萨反击，内马尔这边！,下半场 15',1-0
苏亚雷斯！,下半场 15',2-0
过于轻松！苏牙接到内少传中，左脚停球过人一气呵成！跟上左脚的推射打入球门左下角！,下半场 16',2-0
赫莱布上来，换下了18号莫佐莱夫斯基,下半场 16',2-0
巴萨制造角球,下半场 17',2-0
战术配合！,下半场 17',2-0
内马尔往底线走！被断了,下半场 17',2-0
反抢~,下半场 18',2-0
内马尔继续制造角球,下半场 18',2-0
巴萨回到中场控球,下半场 18',2-0
后防线上今天收到的压力并不大,下半场 19',2-0
恩里克红色的毛衣很显眼,下半场 19',2-0
穆尼尔！横敲中路！,下半场 19',2-0
伊涅斯塔脚后跟勾给内马尔！,下半场 19',2-0
后卫伸腿拦截,下半场 20',2-0
罗贝托右边路低平球！,下半场 20',2-0
后卫倒地解围！,下半场 20',2-0
鲍里索夫前场人员太少！,下半场 21',2-0
进攻传球被维尔马伦解围,下半场 21',2-0
苏牙倒地！鲍里索夫还在控球,下半场 21',2-0
场边一片嘘声！,下半场 21',2-0
问题不大，苏牙自己站了起来,下半场 21',2-0
内马尔！！,下半场 22',2-0
禁区内射门被门将神扑！,下半场 22',2-0
球擦柱而出,下半场 22',2-0
角球,下半场 22',2-0
鲍里索夫继续换人！,下半场 23',2-0
沃洛季科被换下,下半场 23',2-0
10号尼克尼奇登场,下半场 23',2-0
伊涅斯塔也被换下,下半场 23',2-0
巴尔特拉上场！,下半场 24',2-0
内马尔小禁区前接球凌空射门！,下半场 24',2-0
远端位置苏牙赶到铲射！球已经出界了！,下半场 24',2-0
罗贝托倒地！,下半场 25',2-0
慢动作来看是被赫莱布肘击打中面门,下半场 25',2-0
问题不大,下半场 25',2-0
比赛继续！,下半场 25',2-0
巴萨越打越放松,下半场 26',2-0
场上队员也敢于做些非常规的动作,下半场 26',2-0
巴萨获得了一个禁区前的定位球,下半场 26',2-0
传中！巴尔特拉头球顶出底线,下半场 27',2-0
鲍里索夫制造一个角球！,下半场 28',2-0
这是他们本场比赛的第一个角球,下半场 29',2-0
角球一开裁判就鸣哨了,下半场 29',2-0
亚布隆斯基拉扯布斯克茨被吹犯规,下半场 29',2-0
布斯克茨脚后跟传球,下半场 30',2-0
阿德随后传中，被解围出去,下半场 30',2-0
巴萨继续换人,下半场 31',2-0
贡巴乌换下布斯克茨,下半场 31',2-0
队长袖标戴在了马斯切拉诺身上,下半场 31',2-0
贡巴乌这个赛季几次替补亮相,下半场 31',2-0
发挥都很一般,下半场 31',2-0
恩里克保持了巴萨的传统,下半场 32',2-0
给小将们的机会还真不少,下半场 32',2-0
不过目前来说就只有罗贝托表现还算稳定,下半场 32',2-0
内马尔故意一漏，苏牙外脚背直塞！,下半场 33',2-0
后卫拦截~巴萨前场反抢,下半场 33',2-0
内马尔传球给到了穆尼尔身后,下半场 33',2-0
而且裁判也吹了他越位,下半场 33',2-0
鲍里索夫换人,下半场 33',2-0
17号里奥斯换下沃洛德科,下半场 33',2-0
巴萨本场比赛获胜就将提前两轮小组出线,下半场 35',2-0
苏亚雷斯带球被绊倒,下半场 35',2-0
才上场不久的尼克尼奇领到黄牌！,下半场 35',2-0
比赛稍显沉闷了一点儿,下半场 36',2-0
苏牙制造角球！,下半场 36',2-0
角球传出！禁区中路,下半场 37',2-0
巴尔特拉射门高出横梁,下半场 37',2-0
维尔马伦禁区内倒地铲球！很干净,下半场 38',2-0
鲍里索夫右边路传中！,下半场 38',2-0
巴尔特拉解围！巴萨反击,下半场 38',2-0
内马尔！,下半场 38',3-0
巴萨一次反击机会，前场2打3，苏亚雷斯右边路低平球传中到门前！内马尔拍马赶到轻松推射空门~,下半场 39',3-0
内马尔之前在欧冠没进球，这下一次就是俩,下半场 39',3-0
时间还有，帽子戏法等着他,下半场 39',3-0
罗贝托带球长途奔袭传给内马尔,下半场 41',3-0
后者在球要出底线前传中,下半场 41',3-0
禁区内苏牙抢球犯规了,下半场 41',3-0
很明显的拉人犯规,下半场 41',3-0
罗贝托！禁区小角度抽射！,下半场 42',3-0
打在边网上！,下半场 42',3-0
下半场阿德的助攻多了起来,下半场 44',3-0
巴萨拉慢节奏,下半场 45',3-0
3比0之后也需要为下一场比赛做考虑,下半场 45',3-0
补时3分钟！,下半场 46',3-0
内马尔遭到围抢！裁判鸣哨,下半场 46',3-0
巴萨开出定位球,下半场 46',3-0
禁区外超级远射！来自巴尔特拉,下半场 46',3-0
又偏又高,下半场 47',3-0
鲍里索夫最后的机会,下半场 48',3-0
这是谁啊，一脚传中直接飞出底线,下半场 48',3-0
鲍里索夫的球员能力确实不高,下半场 48',3-0
全场比赛结束！,完赛,3-0
巴萨主场3比0轻取来访的鲍里索夫,完赛,3-0
内马尔两粒进球，苏牙也有破门！,完赛,3-0
此战之后巴萨提前出线,完赛,3-0
恭喜巴萨晋级欧冠16强,完赛,3-0
今天的比赛就为大家解说到这里，欢迎您继续关注新浪体育为您送上的其他精彩赛事直播节目，谢谢！,完赛,3-0
