欢迎来到精彩的新浪15赛季中超联赛直播室！,未赛,0-0
本场为大家带来的是上海上港主场迎战贵州人和的比赛直播,未赛,0-0
上港在上一轮的榜首大战中0-3不敌恒大，积分榜上被对手反超了2分,未赛,0-0
更加雪上加霜的是，前锋吉安在比赛中受伤离场，很有可能缺席接下来的几周比赛,未赛,0-0
人和上一轮1-2不敌申花，目前只领先倒数第二的泰达1分,未赛,0-0
桑托斯在比赛中吃到红牌，将无缘本场出战上港的比赛,未赛,0-0
不过在上半赛季中，人和主场2-0拿下了上港，送给了他们赛季首败,未赛,0-0
新浪网友们大家晚上好！,未赛,0-0
稍后由奥特曼为大家带来上海上港vs贵州茅台的比赛直播！,未赛,0-0
两队首发名单已经出炉，我们马上来看一下,未赛,0-0
上海上港首发：1-颜骏凌、4-王燊超、33-杨博宇、27-石柯、32-孙祥、7-武磊、6-蔡慧康、10-孔卡、8-达维、11-吕文君、9-海森,未赛,0-0
替补：2-张卫、5-汪佳捷、15-林创益、19-杨世元、22-孙乐、28-贺惯、30-朱峥嵘,未赛,0-0
贵州人和首发：12-张烈、8-陈昌源、4-于睿、27-朴柱成、3-张成林、13-史亮、9-米西莫维奇、21-萨利霍维奇、31-饶伟辉、22-王刚、17-尤里,未赛,0-0
替补：1-徐嘉敏、5-刘洋、14-杨一虎、15-陈杰、30-冯仁亮、33-朱宝杰、35-唐渊,未赛,0-0
两队球员已经入场,未赛,0-0
主场作战的上港红色战袍，贵州白衣黑裤,未赛,0-0
本场比赛主裁判：王哲,未赛,0-0
上半场比赛开始！,上半场 1',0-0
上港率先中圈开球,上半场 1',0-0
球到左路，被破坏出边线,上半场 1',0-0
孙祥左路起球去后点，武磊拿球,上半场 2',0-0
连续调整后的射门被封堵,上半场 2',0-0
王燊超挑传前场，被史亮拦截,上半场 2',0-0
孔卡斜传右路，饶伟辉抢在武磊之前铲截破坏,上半场 2',0-0
达维分右路，饶伟辉先卡住了身位,上半场 3',0-0
球继续打到右路，还是饶伟辉铲截出边线,上半场 4',0-0
尤里左路拿球反击，连续突破被石柯拦截,上半场 4',0-0
达维长传门前，球被张烈拿到,上半场 5',0-0
朴柱成大脚去到前场，第一落点被杨博宇顶出,上半场 5',0-0
达维直塞禁区前，没有找到队友,上半场 5',0-0
史亮中场拿球直塞，颜骏凌出禁区挡出了尤里的趟球,上半场 6',0-0
孔卡左侧肋部拿球转身被绊倒，任意球,上半场 6',0-0
达维前场争头球犯规,上半场 7',0-0
武磊右路敲球，力量给小了,上半场 7',0-0
萨利霍维奇拿球转移右路,上半场 8',0-0
于睿拿球斜传，没有队友插上,上半场 8',0-0
蔡慧康转移左路，吕文君做球给达维,上半场 9',0-0
达维转身摆脱被陈昌源绊倒，任意球,上半场 9',0-0
裁判黄牌警告了陈昌源,上半场 9',0-0
武磊任意球直接射门打中边网！,上半场 10',0-0
孙祥回敲门将，颜骏凌解围见高不见远,上半场 10',0-0
尤里禁区前拿球，摆脱之后的低射没打上力量，被颜骏凌没收,上半场 10',0-0
贵州后防解围高球也没有顶远,上半场 11',0-0
孔卡禁区前拿球调整一步，抽射被蹭出横梁，角球,上半场 11',0-0
角球去前点被头球解围,上半场 11',0-0
球到外围，尤里和米西莫维奇被包夹,上半场 11',0-0
王燊超右路传中，力量太大出了边线,上半场 12',0-0
王燊超右路下底，在紧逼下球出底线,上半场 13',0-0
米西直塞禁区，王刚单刀被颜骏凌挡出,上半场 13',0-0
尤里的补射被补门的后卫挡出，第二下再被颜骏凌没收,上半场 14',0-0
米西右路拿球被阻挡，任意球,上半场 14',0-0
于睿禁区前争顶犯规,上半场 15',0-0
史亮禁区前解围出边线,上半场 15',0-0
孙祥左路拿球，回敲蔡慧康,上半场 16',0-0
王燊超右路斜传被朴柱成解围,上半场 16',0-0
达维右侧肋部拉球转身被绊倒，任意球,上半场 16',0-0
禁区内双方有争抢,上半场 17',0-0
于睿和杨博宇被口头警告,上半场 17',0-0
孔卡任意球开门前，弹地后被张烈拿到,上半场 17',0-0
米西前场争顶有肘击，打到了杨博宇,上半场 18',0-0
裁判黄牌警告了米西莫维奇,上半场 18',0-0
王燊超右路回传被米西断下,上半场 19',0-0
但是米西的带球稍慢，被反抢回来,上半场 19',0-0
武磊前场接应，越位,上半场 19',0-0
达维分左路海森，传中到禁区,上半场 20',0-0
达维没有接应好，球被解围,上半场 20',0-0
萨利霍维奇直塞禁区前，又是颜骏凌出禁区破坏,上半场 21',0-0
米西莫维奇中场拿球，给到萨利霍维奇,上半场 22',0-0
萨利霍维奇直塞禁区，队友没有及时查收,上半场 22',0-0
饶伟辉左路拿球，回敲,上半场 22',0-0
上港左路身后球到底线前，孙祥慢了一点,上半场 23',0-0
杨博宇拿球过中场，直塞海森,上半场 24',0-0
海森背身拿球，被破坏,上半场 24',0-0
石柯拿球过中场，被王刚铲倒,上半场 25',0-0
尤里左路拿球内切，饶伟辉接应,上半场 26',0-0
米西莫维奇中场拿球被顶防的石柯绊倒,上半场 26',0-0
米西莫维奇任意球开出，张成林头球越位在先,上半场 26',0-0
武磊右路垫传到禁区，被后卫倒钩解围,上半场 27',0-0
尤里左路回防，球踢在王燊超腿上出界,上半场 28',0-0
达维禁区前推左路，吕文君推射被张烈扑出！,上半场 28',0-0
上港有角球机会,上半场 28',0-0
角球到禁区被张烈没收,上半场 29',0-0
大脚开出直接被石柯拿到,上半场 29',0-0
蔡慧康中场传球直接被史亮拦截,上半场 29',0-0
尤里拿球反击被王燊超阻挡，任意球,上半场 29',0-0
王刚右路传入禁区，球被杨博宇解围,上半场 30',0-0
达维把球摆脱包夹，分给蔡慧康,上半场 31',0-0
孙祥左路45度角传中，武磊头球顶高,上半场 31',0-0
萨利霍维奇中场拿球被蔡慧康绊倒，任意球,上半场 32',0-0
高球进上港禁区，颜骏凌跃起摘下,上半场 32',0-0
达维突破被拦截破坏,上半场 33',0-0
杨博宇带球过中场，传门前被张烈拿到,上半场 33',0-0
达维垫传禁区前，朴柱成解围,上半场 34',0-0
饶伟辉直塞禁区，尤里斜插没有接应到,上半场 34',0-0
孔卡直传吕文君，球稍大,上半场 34',0-0
武磊禁区前横带被捅掉，球门球,上半场 35',0-0
米西分右路，王刚的传中被挡出边线,上半场 35',0-0
饶伟辉中场顶防孔卡推人了,上半场 36',0-0
孙祥左路起高球，武磊头球被张烈拿到,上半场 36',0-0
贵州退守的比较深,上半场 37',0-0
上港的高球进禁区，海森越位在先,上半场 37',0-0
王刚前场争顶，球出了边线,上半场 38',0-0
达维中场停球加过人，过掉萨利霍维奇,上半场 38',0-0
球到禁区武磊的头球摆渡，海森停球倒钩打高！,上半场 39',0-0
王燊超禁区内回传门将，颜骏凌大脚开出,上半场 40',0-0
贵州后场长传，尤里插上被杨博宇放倒,上半场 40',0-0
裁判黄牌警告杨博宇,上半场 40',0-0
任意球去前点，高度不够,上半场 41',0-0
上港反击，吕文君禁区前射门被挡出底线，角球,上半场 41',0-0
上港进球了！！！,上半场 41',1-0
达维！！！,上半场 42',1-0
角球到前点，海森头球蹭射中后门柱弹出！达维补射抽上角破门！,上半场 42',1-0
上港1-0领先贵州！,上半场 42',1-0
王燊超右路传中，出了后点底线,上半场 43',1-0
海森回撤接应，分给左路孙祥,上半场 44',1-0
上港后场控制下节奏,上半场 44',1-0
孔卡分右路，给大了，出边线,上半场 45',1-0
米西背身拿球，插上的尤里接应趟大,上半场 45',1-0
上港中场高球进禁区，被张烈拿到,上半场 45',1-0
上半场补时1分钟！,上半场 45',1-0
孔卡后场拿球转身被史亮铲倒,上半场 46',1-0
裁判黄牌警告了史亮,上半场 46',1-0
上半场比赛结束！,上半场 47',1-0
上港半场1-0领先贵州进入中场休息,中场,1-0
两队球员陆续回到场上,中场,1-0
贵州换人，冯仁亮换下王刚,中场,1-0
下半场比赛开始！,下半场 1',1-0
贵州中圈开球,下半场 1',1-0
陈昌源长传前场，没有找到队友,下半场 1',1-0
孙祥回传石柯，石柯停球失误,下半场 2',1-0
米西把球拿到，禁区前射门被颜骏凌扑出,下半场 2',1-0
角球去门前，被头球解围,下半场 2',1-0
达维禁区前解围,下半场 2',1-0
尤里右路拿球，面对包夹回敲,下半场 3',1-0
米西禁区前调整到左脚的射门被封堵,下半场 3',1-0
王燊超后场断球，带到前场被抢断,下半场 3',1-0
张成林后场出球失误,下半场 4',1-0
孔卡中场直接给过顶，大了一点,下半场 4',1-0
尤里中场接应，被蔡慧康头球破坏,下半场 5',1-0
孔卡禁区前接应武磊横敲，远射打高,下半场 5',1-0
冯仁亮左路突破，球被破坏,下半场 6',1-0
海森头球摆渡给武磊，但是越位在先,下半场 6',1-0
尤里拿球直塞冯仁亮没有过去，被拦截,下半场 7',1-0
陈昌源带球到前场，分边路的尤里,下半场 7',1-0
海森右路内切，送直塞被门将拿到,下半场 8',1-0
尤里禁区前连续变向，远射被挡出，角球,下半场 8',1-0
角球到门前被颜骏凌拿到,下半场 9',1-0
孔卡脚后跟做球，海森插上接应,下半场 9',1-0
禁区前武磊趟大了，绊倒于睿,下半场 9',1-0
陈昌源右路突破倒三角回禁区前,下半场 11',1-0
米西拿球晃动被补防的蔡慧康破坏,下半场 11',1-0
饶伟辉左路突破横敲，米西斜传右路,下半场 12',1-0
尤里禁区右侧拿球，晃动之后被石柯解围，角球,下半场 12',1-0
角球去后点，被颜骏凌没收,下半场 12',1-0
海森左路拿球被萨利霍维奇踢倒,下半场 13',1-0
裁判黄牌警告了萨利霍维奇,下半场 13',1-0
孔卡任意球开禁区，海森甩头顶偏,下半场 14',1-0
孙祥长传禁区，球被张烈拿到,下半场 15',1-0
吕文君上抢撞倒了尤里犯规,下半场 15',1-0
饶伟辉左路起球，被王燊超封堵,下半场 16',1-0
张成林中场拉倒了武磊,下半场 16',1-0
贵州换人，杨一虎换下史亮,下半场 16',1-0
达维左路高球进禁区，海森头球摆渡,下半场 17',1-0
武磊抢二点没打上,下半场 17',1-0
尤里前场接应左路横敲，漏过了,下半场 17',1-0
冯仁亮左路强行起球被封堵,下半场 18',1-0
张成林中场拦截海森上手了,下半场 18',1-0
裁判黄牌警告了张成林,下半场 18',1-0
王燊超底线附近护球,下半场 19',1-0
球被冯仁亮抢掉了,下半场 19',1-0
传禁区前，萨利霍维奇跟上左脚推上角打高！,下半场 20',1-0
达维中场被萨利霍维奇绊倒,下半场 21',1-0
颜骏凌后场大脚开出,下半场 22',1-0
张成林卡住吕文君身位，把球让出底线,下半场 22',1-0
贵州左路转移球，被孙祥拿到,下半场 22',1-0
武磊中场争顶推人了,下半场 22',1-0
萨利霍维奇任意球进禁区被顶出,下半场 23',1-0
杨一虎禁区外的远射被封堵,下半场 23',1-0
萨利霍维奇斜传左路，米西莫维奇越位在先,下半场 24',1-0
武磊左路回敲，孙祥的长传出边线,下半场 24',1-0
冯仁亮插上接应被王燊超绊倒，任意球,下半场 25',1-0
萨利霍维奇任意球直接射门被颜骏凌扑出！,下半场 26',1-0
战术角球开出，朴柱成处理球慢了,下半场 26',1-0
米西左路起球去后点，冯仁亮接应回敲射门被蔡慧康挡出，角球,下半场 27',1-0
角球到外围，球传后点，蔡慧康先卡住了身位,下半场 27',1-0
饶伟辉送左路身后，冯仁亮插上传中被挡，角球,下半场 28',1-0
角球到外围，萨利霍维奇的远射打高,下半场 29',1-0
于睿上抢绊倒了海森犯规,下半场 30',1-0
今天叫个爽 ：上港可以冠军人和不能降级!,下半场 30',1-0
张成林高球去禁区前被头球解围,下半场 31',1-0
上港进球了！！！,下半场 31',2-0
海森！！！,下半场 31',2-0
达维中路送直塞，海森反越位进禁区，面对门将推远角破门！,下半场 31',2-0
上港2-0领先贵州！,下半场 32',2-0
武磊右路突破过掉于睿被绊倒,下半场 33',2-0
裁判黄牌警告了于睿,下半场 33',2-0
任意球开前点，萨利霍维奇解围，角球,下半场 34',2-0
孔卡角球开前门柱，被饶伟辉顶出，还是角球,下半场 35',2-0
贵州换人，唐渊换下饶伟辉,下半场 35',2-0
角球还是去前点被头球解围,下半场 35',2-0
上港进球了！！！,下半场 36',3-0
杨博宇！！！,下半场 36',3-0
上港右路配合进禁区，吕文君踢空，到后点，杨博宇低射破门！,下半场 36',3-0
上港3-0锁定胜局！,下半场 36',3-0
尤里中场连续拉球过人，被破坏,下半场 38',3-0
海森左路斜传转移，后点没有队友,下半场 38',3-0
吕文君直塞，海森越位了,下半场 38',3-0
武磊左路身后找到吕文君,下半场 40',3-0
吕文君插上到门前，捅射打偏了！,下半场 40',3-0
米西禁区前搓射没打上力量，被颜骏凌没收,下半场 41',3-0
张成林左路内切到禁区前，低射被颜骏凌扑住,下半场 41',3-0
达维中场拿球想直接吊门，有点偏,下半场 42',3-0
贵州进球了！！！,下半场 42',3-1
杨一虎！！！,下半场 42',3-1
杨一虎和尤里2过1进禁区，面对颜骏凌打了一个穿裆，推射破门！,下半场 43',3-1
上港3-1领先贵州,下半场 43',3-1
孙祥左路传中，武磊头球顶偏了,下半场 44',3-1
下半场补时4分钟！,下半场 46',3-1
王燊超右路大脚解围,下半场 46',3-1
中场连续的争顶,下半场 47',3-1
海森禁区右侧做球，武磊射门被张烈扑出,下半场 48',3-1
武磊争抢二点球犯规,下半场 48',3-1
裁判黄牌警告了武磊,下半场 48',3-1
武磊左路突破被于睿铲出边线,下半场 49',3-1
海森禁区前靠右的位置拿球，射远角打偏,下半场 49',3-1
全场比赛结束！,下半场 50',3-1
上港3-1战胜了贵州！,完赛,3-1
这样上港在先赛一场的情况下重返榜首,完赛,3-1
另一场事关保级的比赛中，天津拿下了申鑫，反超贵州,完赛,3-1
贵州下滑到了倒数第二的位置,完赛,3-1
好了，本场比赛就为大家直播到这，我们下次再见！,完赛,3-1
