大家好，欢迎进入由新浪体育为您带来的精彩赛事直播节目！,未赛,0-0
即将为您带来的是巴萨主场对阵罗马的比赛，欢迎您的收看~,未赛,0-0
巴萨上一仗与皇马上演国家德比，不过比赛早早失去悬念,未赛,0-0
梅西已经可以复出，考虑到联赛强度偏大，巴萨很可能会做出轮换,未赛,0-0
特尔施特根、维尔马伦以及梅西都有希望获得首发机会，目前的巴萨可谓兵强马壮，复仇罗马应该难度不大,未赛,0-0
罗马上轮联赛进行了少量轮换，队内目前的伤病情况也是比较严重,未赛,0-0
包括主力中卫斯特鲁曼、热尔维尼奥、托蒂、萨拉赫都是进入到伤病名单，可供轮换的球员并不多,未赛,0-0
后防线可能只是边卫麦孔与托罗西迪斯有轮换机会，前场可能只能排出两前锋，立足于防守,未赛,0-0
大家好，欢迎进入由新浪体育为您带来的精彩赛事直播节目！,未赛,0-0
即将为您带来的是巴萨主场迎战罗马队的比赛，欢迎您的收看,未赛,0-0
先来看下两队的首发,未赛,0-0
巴塞罗那：门将施特跟，后卫阿尔巴、皮克、维尔马伦、阿尔维斯，中场布斯克茨、拉基蒂奇、罗贝托，前锋内马尔、苏亚雷斯、梅西,未赛,0-0
罗马：门将斯泽斯尼，后卫麦孔、马诺拉斯、迪涅、吕迪格，中场凯塔、皮亚尼奇、纳因格兰，前锋弗洛伦奇、法尔科、哲科,未赛,0-0
欢迎来到诺坎普,未赛,0-0
两队球员已经步入场地,未赛,0-0
梅西两个月之后终于回到了首发阵容,未赛,0-0
中场方面伊涅斯塔进入替补席,未赛,0-0
对了，值得一提的是凯塔再次回到了熟悉的诺坎普球场,未赛,0-0
两队击掌的时候，巴萨的球员看到凯塔也非常高兴,未赛,0-0
主裁判吹响了上半场比赛开始的哨音~~~,上半场 1',0-0
客场作战的罗马开球,上半场 1',0-0
凯塔在中场拉扯布斯克茨被吹了犯规,上半场 2',0-0
罗马开场之后还是要攻出来打,上半场 2',0-0
巴萨制造了一个角球,上半场 2',0-0
内马尔来处理,上半场 2',0-0
内马尔传中到前点，被皮亚尼奇解围出去,上半场 3',0-0
皮克中场吊给梅西~~没有越位,上半场 3',0-0
梅西中路拿球，再分内马尔~~~,上半场 3',0-0
这下被吹了越位,上半场 4',0-0
梅西显然还没有找到比赛状态,上半场 4',0-0
罗贝托中场抢断，巴萨攻到禁区前沿,上半场 4',0-0
梅西~~,上半场 4',0-0
禁区前转身~~一脚远射！！！,上半场 4',0-0
斯泽斯尼飞身将球扑出底线,上半场 4',0-0
内马尔角球传中划过禁区,上半场 5',0-0
布教授中路直塞~力量太大啦,上半场 5',0-0
其实巴萨早就已经小组出线,上半场 6',0-0
只要本场比赛打平那就能够确保以小组第一的身份出线,上半场 6',0-0
巴萨继续给罗马队施压,上半场 6',0-0
梅西~~~,上半场 7',0-0
进球无效？,上半场 7',0-0
慢动作来看是个误判啊,上半场 7',0-0
布斯克茨中路直塞的时候内马尔并没有越位,上半场 7',0-0
在禁区左侧还有个罗马的后卫拖在了最后,上半场 8',0-0
而随后他的传中，梅西更是没有越位,上半场 8',0-0
裁判抹杀了巴萨的一个好球,上半场 8',0-0
巴萨今天的进攻主要集中在麦孔防守的这一侧,上半场 8',0-0
梅西斜传~禁区弧顶罗贝托没有停好,上半场 9',0-0
回到中场，巴萨抢断,上半场 9',0-0
梅西接到中场的传球~又是布斯克茨,上半场 10',0-0
梅西一脚低射擦柱而出,上半场 10',0-0
罗马能顶住吗？,上半场 10',0-0
巴萨离进球很近啊,上半场 10',0-0
阿尔巴突然杀出~接应维尔马伦的长传,上半场 11',0-0
可惜又越位了,上半场 11',0-0
轉身-話別離_广才 柠檬，你终于又播巴萨了---是哦~,上半场 11',0-0
罗马也制造了一个角球,上半场 12',0-0
战术角球~,上半场 13',0-0
纳因格兰传中~哲科门前头球！！！,上半场 13',0-0
看起来也越位了,上半场 13',0-0
纳因格兰左路下底传中，被皮克解围,上半场 13',0-0
巴萨快速反击~,上半场 13',0-0
苏亚雷斯禁区右侧的传中似乎是打在了马诺拉斯idea手臂上,上半场 14',0-0
不过裁判没有吹罚手球,上半场 14',0-0
慢动作回放哲科刚才的头球，边裁是没有举旗吹罚越位的,上半场 15',0-0
苏亚雷斯~~~,上半场 15',1-0
巴萨马上又抓住了一次机会~内马尔的斜长传阿尔维斯插上没有越位，面对出击的斯泽斯尼横敲门前！苏亚雷斯将球推入空门,上半场 16',1-0
迪涅左边路传中，之前已经越位了,上半场 17',1-0
罗马收缩防线,上半场 17',1-0
毕竟这是巴萨的主场，压出来打只有找死~,上半场 18',1-0
梅西~~~,上半场 18',2-0
苏亚雷斯给梅西传了一个挑传球~越过后卫线的头顶，面对出击的斯泽斯尼，梅西轻巧的挑射破门！,上半场 19',2-0
看起来会是一场大屠杀啊,上半场 19',2-0
皮克后场带球，自己给带失误了,上半场 20',2-0
巴萨禁区内断球,上半场 20',2-0
凯塔在中场放倒了拉基蒂奇，被吹了犯规,上半场 21',2-0
巴萨牢牢地控制着比赛节奏,上半场 21',2-0
苏亚雷斯禁区前转身抹过迪涅~~,上半场 22',2-0
巴萨逼到了一个角球,上半场 22',2-0
内马尔的传中被对方顶出界外,上半场 22',2-0
阿尔维斯接应维尔马伦长传~这下是越位了,上半场 23',2-0
施特跟今天还没有受到什么考验,上半场 24',2-0
上一场对皇马，布拉沃的表现勘称神级,上半场 24',2-0
施特跟现在也是鸭梨山大,上半场 24',2-0
难道只能代表巴萨出战杯赛？,上半场 25',2-0
罗马中场直塞弗洛伦奇，速度慢了半拍,上半场 26',2-0
施特跟将球让出了底线,上半场 26',2-0
罗马并不甘心输球，好歹也要进一个,上半场 26',2-0
所以目前他们的阵型缩得也并不是太保守,上半场 27',2-0
内马尔左路传中~落入了斯泽斯尼的怀中,上半场 27',2-0
罗马有段时间没过半场了,上半场 28',2-0
连维尔马伦都要助攻到对方的禁区腹地,上半场 29',2-0
纳因格兰回来防守，抢断内马尔的传球,上半场 30',2-0
看台上马斯切拉诺只能作壁上观,上半场 30',2-0
梅西回到中场来接应,上半场 31',2-0
罗马这段时间抢得很凶,上半场 31',2-0
不过巴萨始终把球权控制在自己的脚下,上半场 31',2-0
阿尔巴又被吹了越位,上半场 32',2-0
慢动作来看，又是误判哪,上半场 33',2-0
罗马的左后卫拖在后面,上半场 33',2-0
内马尔单刀了~~~,上半场 33',2-0
又越位？,上半场 33',2-0
慢动作来看只差了一点儿,上半场 34',2-0
梅西的传球稍微慢了一些,上半场 34',2-0
这次的吹罚没有问题,上半场 34',2-0
维尔马伦长传内马尔~力量太大直接出了底线,上半场 35',2-0
巴萨前场断球~,上半场 36',2-0
内马尔下底，假动作一扣！,上半场 36',2-0
凯塔把球破坏出底线,上半场 36',2-0
角球~,上半场 36',2-0
巴萨战术角球,上半场 36',2-0
没有产生什么威胁,上半场 37',2-0
球还在巴萨的控制下,上半场 37',2-0
阿尔维斯都玩high了~耍起了花活儿,上半场 38',2-0
罗马难得的一次断球反击，前场兵力太少了,上半场 39',2-0
哲科被阿尔维斯放倒,上半场 39',2-0
罗马获得了一个远距离的前场定位球,上半场 39',2-0
传中被维尔马伦顶出禁区,上半场 40',2-0
场上有球员倒地受伤,上半场 40',2-0
是凯塔~,上半场 40',2-0
裁判给皮克出示了一张黄牌,上半场 40',2-0
慢动作来看是皮克的铲球犯规,上半场 41',2-0
皮亚尼奇定位球吊入禁区,上半场 41',2-0
弗洛伦奇小角度打门~~施特跟将球扑出底线,上半场 41',2-0
麦孔助攻上来~~,上半场 43',2-0
被铲翻在地,上半场 43',2-0
布斯克茨的犯规,上半场 43',2-0
罗马队的边路定位球,上半场 43',2-0
这段时间罗马队的进攻渐有起色,上半场 43',2-0
皮亚尼奇定位球传中被苏亚雷斯头球解围,上半场 44',2-0
巴萨的反击,上半场 44',2-0
继续打后卫身后~角球,上半场 44',2-0
战术角球~,上半场 44',2-0
内马尔传中被顶出~~,上半场 44',2-0
苏亚雷斯~~~,上半场 45',3-0
射手的本能在这一刻显露无遗,上半场 45',3-0
内马尔的传中被后卫顶出~苏亚雷斯面对落下的皮球直接凌空抽射！！球直挂球门左侧！,上半场 45',3-0
上半场比赛结束了~,中场,3-0
凭借着梅西跟苏亚雷斯的进球巴萨主场3比0领先,中场,3-0
回归首发名单的梅西今天状态出色，而苏亚雷斯更是神勇,中场,3-0
罗马在客场打的并不保守,中场,3-0
可惜他们的实力跟巴萨还是差了不少，压出来打的代价就是上半场被洞穿了三次大门,中场,3-0
梅西打入了本赛季欧冠的第一个进球，而苏亚雷斯则是本赛季欧冠进了五球,中场,3-0
内马尔虽然没有进球，但是他策动了第一个进球，还有给梅西的助攻被吹了越位其实是个误判,中场,3-0
不出意外，巴萨今晚不止进3个,中场,3-0
休息一下，稍后为您带来精彩的下半场,中场,3-0
巴萨换上了小将桑佩尔,中场,3-0
换下了布斯克茨,中场,3-0
罗马这边也是换上了7号伊图尔贝,中场,3-0
下半场比赛开始了~,下半场 1',3-0
巴萨前场抢的很凶,下半场 2',3-0
罗马过不了半场,下半场 3',3-0
内马尔内切~~走外线,下半场 3',3-0
逼的了一个角球,下半场 4',3-0
战术角球~,下半场 4',3-0
梅西突然插上~接到阿尔维斯的直塞！,下半场 4',3-0
梅西第一下没停好，勉强打门没有踢上力量,下半场 5',3-0
梅西大范围转移~,下半场 6',3-0
内马尔禁区外略作调整~~远射！！,下半场 6',3-0
斯泽斯尼飞身扑救~角球,下半场 6',3-0
还是战术角球~,下半场 6',3-0
罗贝托下底~回敲！,下半场 6',3-0
拉基蒂奇左脚垫射，打高了,下半场 6',3-0
哲科面对皮克的防守，想过人~被看穿了,下半场 8',3-0
伊图尔贝抢断后带球突破~~,下半场 8',3-0
皮克又一次看穿~~,下半场 9',3-0
迪涅左路下底传中~皮克头球解围,下半场 9',3-0
哇~~,下半场 9',3-0
施特跟立功了,下半场 9',3-0
法尔科助攻上来，哲科的传中,下半场 9',3-0
法尔科大力攻门被施特跟扑出底线,下半场 10',3-0
角球传后点~马诺拉斯的头球被施特跟抱住了,下半场 10',3-0
回过头巴萨制造了一个角球,下半场 10',3-0
皮克~~~,下半场 11',4-0
巴萨继续战术角球~苏亚雷斯挑给梅西，后者反越位传中~皮克将球推入空门,下半场 11',4-0
皮克进球之后被巴尔特拉换下,下半场 12',4-0
4比0的比分让比赛早早的就失去了悬念,下半场 12',4-0
阿尔维斯领到了一张黄牌,下半场 12',4-0
铲球的时候犯规了,下半场 12',4-0
罗马队换上了瓦因奎乌尔,下半场 14',4-0
也要早早的为下一场比赛做打算了,下半场 14',4-0
现在还差内马尔一个进球,下半场 14',4-0
梅西长传找到内马尔~,下半场 14',4-0
梅西~~~,下半场 14',5-0
又是苏亚雷斯助攻~~内马尔左边路低平球横敲，苏亚雷斯顺带一推传到梅西脚下~~梅西射门被扑了一下！补射破门~~,下半场 16',5-0
罗贝托被放倒了,下半场 18',5-0
看起来有些受伤,下半场 18',5-0
还好问题不大,下半场 18',5-0
刚才痛苦倒地那一下让人突然想起了拉菲尼亚,下半场 18',5-0
近来巴萨也跟重伤的拉菲尼亚续约，违约金涨到了7500万,下半场 19',5-0
伊图尔贝带球反击~~被梅西铲翻,下半场 19',5-0
是在禁区外的犯规,下半场 19',5-0
梅西领到了一张黄牌,下半场 19',5-0
梅西客串了一次后卫啊,下半场 20',5-0
巴萨保险起见换下了罗贝托,下半场 20',5-0
上来的是阿德,下半场 20',5-0
罗马获得了一个位置不错的定位球,下半场 20',5-0
皮亚尼奇来主罚,下半场 20',5-0
直接射门~~击中了人墙,下半场 20',5-0
阿德上来之后打的是中场,下半场 22',5-0
据说他的下家可能会是罗马,下半场 22',5-0
梅西长传准确找到内马尔~越位了,下半场 22',5-0
罗马压上进攻,下半场 23',5-0
麦孔传中出来，裁判鸣哨了,下半场 23',5-0
吹了哲科推人犯规,下半场 23',5-0
青柏图腾 梅西帽子了是吗？---还差一个呢,下半场 24',5-0
内马尔轻松扣过麦孔~~传中划过门前,下半场 24',5-0
可惜队友没有包抄上,下半场 25',5-0
巴萨还在控球,下半场 25',5-0
刚才苏亚雷斯给梅西的传球被断了,下半场 25',5-0
内马尔~~好险！！！,下半场 26',5-0
跟苏亚雷斯的撞墙式配合之后,下半场 26',5-0
内马尔虚晃一枪直接射门~~,下半场 27',5-0
搓射球门远角，稍稍偏出,下半场 27',5-0
阿德禁区外的远射被挡出了底线~角球,下半场 28',5-0
巴萨快速开出角球,下半场 28',5-0
梅西带球转身，被断了~~,下半场 28',5-0
哲科拉到边路，反击没有速度,下半场 28',5-0
罗马打回到中场重新组织,下半场 28',5-0
罗马现在在场上威胁最大的就是下半场替补上来的伊图尔贝,下半场 29',5-0
巴萨重新抢回球权,下半场 30',5-0
倒在了禁区内~~,下半场 30',5-0
苏亚雷斯的倒地，裁判没有理会,下半场 30',5-0
慢动作来看，麦孔并没有明显的拌人动作,下半场 31',5-0
罗马换上了48号乌坎，换下了皮亚尼奇,下半场 31',5-0
内马尔也倒在了禁区内,下半场 32',5-0
这下裁判吹了点球~~,下半场 32',5-0
内马尔破门的机会来啦,下半场 32',5-0
乌坎是在身后绊倒了内马尔,下半场 32',5-0
梅西也将点球让给了内马尔,下半场 32',5-0
被扑了出去~~~,下半场 32',5-0
阿德~~跟上补射！！打了一个上角！！！,下半场 33',6-0
内马尔没进，阿德反倒笑纳了一个,下半场 33',6-0
内马尔的不助跑点球的主罚方式让斯泽斯尼神勇扑出，不过补射就没办法了,下半场 33',6-0
哲科~接到队友的传中，头球顶偏了,下半场 34',6-0
梅西边路奔袭，被吹了越位,下半场 35',6-0
梅西单刀~~,下半场 35',6-0
啊~~可惜了,下半场 35',6-0
阿德的挑传~梅西面对斯泽斯尼推射被扑出底线,下半场 36',6-0
巴萨战术角球,下半场 36',6-0
内马尔给梅西的斜传，直接出了底线,下半场 36',6-0
伊图尔贝边路传中~~,下半场 37',6-0
哲科停球过人，被撞倒了~,下半场 37',6-0
裁判吹了维尔马伦阻挡犯规,下半场 37',6-0
点球~~~,下半场 37',6-0
哲科自己来主罚~~,下半场 37',6-0
也被扑了出去~~~,下半场 37',6-0
哇~今天这比赛施特跟的表现太牛了,下半场 38',6-0
哲科将球推向球门右侧，施特跟判断对了方向，飞身扑出~,下半场 38',6-0
哲科在中场抢球踩到了阿尔维斯的小腿被吹罚了犯规,下半场 39',6-0
巴萨居然还不满足6比0的比分,下半场 40',6-0
前场拼抢让罗马过不了半场,下半场 40',6-0
时间不多了，裁判也不会补时了吧,下半场 41',6-0
阿德中场抢球犯规,下半场 42',6-0
巴萨断球后左边路反击~,下半场 43',6-0
可惜阿德越位了,下半场 43',6-0
梅西还想找内马尔，吕迪格将球破坏,下半场 44',6-0
巴萨全队都在给内马尔创造机会,下半场 44',6-0
刚才右路的传中也是找内马尔，被斯泽斯尼抱住了,下半场 44',6-0
内马尔这一侧无人防守了~~,下半场 45',6-0
可惜他的小角度推射被后卫铲出底线~,下半场 46',6-0
巴萨的角球没有形成威胁,下半场 46',6-0
哲科~~,下半场 46',6-1
罗马最后一次机会把握住了，哲科的头球~力压维尔马伦,下半场 46',6-1
随着这个进球，比赛也结束了！,完赛,6-1
巴萨主场6比1轻松战胜罗马,完赛,6-1
也是提前确定了小组第一的席位,完赛,6-1
梅西跟苏亚雷斯都是两个进球,完赛,6-1
另外两个进球时皮克跟阿德打入,完赛,6-1
罗马今天打得很郁闷，压出来之后被巴萨打成了筛子,完赛,6-1
最后一刻罗马挽回了一些颜面，哲科丢了点球之后头球破门,完赛,6-1
今天的比赛就为大家解说到这里，欢迎您继续关注新浪体育为您送上的其他精彩赛事直播节目，谢谢！,完赛,6-1
